Serial Number:20714140 --

"Date Time, GMT -0700","Temp, (*C)","Button Down","Button Up","Host Connect","EOF"
2020-07-24 16:49:00,17.46, , , , 
2020-07-24 16:50:00,17.46, , , , 
2020-07-24 16:51:00,17.44, , , , 
2020-07-24 16:52:00,17.43, , , , 
2020-07-24 16:53:00,17.38, , , , 
2020-07-24 16:54:00,17.40, , , , 
2020-07-24 16:55:00,17.41, , , , 
2020-07-24 16:56:00,17.44, , , , 
2020-07-24 16:57:00,17.43, , , , 
2020-07-24 16:58:00,17.43, , , , 
2020-07-24 16:59:00,17.43, , , , 
2020-07-24 17:00:00,17.41, , , , 
2020-07-24 17:01:00,17.43, , , , 
2020-07-24 17:02:00,17.44, , , , 
2020-07-24 17:03:00,17.43, , , , 
2020-07-24 17:04:00,17.41, , , , 
2020-07-24 17:05:00,17.41, , , , 
2020-07-24 17:06:00,17.41, , , , 
2020-07-24 17:07:00,17.44, , , , 
2020-07-24 17:08:00,17.44, , , , 
2020-07-24 17:09:00,17.46, , , , 
2020-07-24 17:10:00,17.48, , , , 
2020-07-24 17:11:00,17.51, , , , 
2020-07-24 17:12:00,17.54, , , , 
2020-07-24 17:13:00,17.54, , , , 
2020-07-24 17:14:00,17.60, , , , 
2020-07-24 17:15:00,17.63, , , , 
2020-07-24 17:16:00,17.65, , , , 
2020-07-24 17:17:00,17.67, , , , 
2020-07-24 17:18:00,17.72, , , , 
2020-07-24 17:19:00,17.74, , , , 
2020-07-24 17:20:00,17.76, , , , 
2020-07-24 17:21:00,17.80, , , , 
2020-07-24 17:22:00,17.84, , , , 
2020-07-24 17:23:00,17.88, , , , 
2020-07-24 17:24:00,17.89, , , , 
2020-07-24 17:25:00,17.94, , , , 
2020-07-24 17:26:00,17.98, , , , 
2020-07-24 17:27:00,18.00, , , , 
2020-07-24 17:28:00,18.05, , , , 
2020-07-24 17:29:00,18.08, , , , 
2020-07-24 17:30:00,18.13, , , , 
2020-07-24 17:31:00,18.15, , , , 
2020-07-24 17:32:00,18.17, , , , 
2020-07-24 17:33:00,18.22, , , , 
2020-07-24 17:34:00,18.25, , , , 
2020-07-24 17:35:00,18.28, , , , 
2020-07-24 17:36:00,18.32, , , , 
2020-07-24 17:37:00,18.37, , , , 
2020-07-24 17:38:00,18.39, , , , 
2020-07-24 17:39:00,18.42, , , , 
2020-07-24 17:40:00,18.44, , , , 
2020-07-24 17:41:00,18.47, , , , 
2020-07-24 17:42:00,18.51, , , , 
2020-07-24 17:43:00,18.54, , , , 
2020-07-24 17:44:00,18.58, , , , 
2020-07-24 17:45:00,18.62, , , , 
2020-07-24 17:46:00,18.65, , , , 
2020-07-24 17:47:00,18.69, , , , 
2020-07-24 17:48:00,18.73, , , , 
2020-07-24 17:49:00,18.73, , , , 
2020-07-24 17:50:00,18.77, , , , 
2020-07-24 17:51:00,18.81, , , , 
2020-07-24 17:52:00,18.84, , , , 
2020-07-24 17:53:00,18.85, , , , 
2020-07-24 17:54:00,18.91, , , , 
2020-07-24 17:55:00,18.94, , , , 
2020-07-24 17:56:00,18.95, , , , 
2020-07-24 17:57:00,19.00, , , , 
2020-07-24 17:58:00,19.03, , , , 
2020-07-24 17:59:00,19.07, , , , 
2020-07-24 18:00:00,19.10, , , , 
2020-07-24 18:01:00,19.13, , , , 
2020-07-24 18:02:00,19.17, , , , 
2020-07-24 18:03:00,19.18, , , , 
2020-07-24 18:04:00,19.22, , , , 
2020-07-24 18:05:00,19.24, , , , 
2020-07-24 18:06:00,19.29, , , , 
2020-07-24 18:07:00,19.30, , , , 
2020-07-24 18:08:00,19.35, , , , 
2020-07-24 18:09:00,19.38, , , , 
2020-07-24 18:10:00,19.41, , , , 
2020-07-24 18:11:00,19.42, , , , 
2020-07-24 18:12:00,19.48, , , , 
2020-07-24 18:13:00,19.48, , , , 
2020-07-24 18:14:00,19.47, , , , 
2020-07-24 18:15:00,19.50, , , , 
2020-07-24 18:16:00,19.51, , , , 
2020-07-24 18:17:00,19.52, , , , 
2020-07-24 18:18:00,19.50, , , , 
2020-07-24 18:19:00,19.50, , , , 
2020-07-24 18:20:00,19.51, , , , 
2020-07-24 18:21:00,19.52, , , , 
2020-07-24 18:22:00,19.53, , , , 
2020-07-24 18:23:00,19.56, , , , 
2020-07-24 18:24:00,19.56, , , , 
2020-07-24 18:25:00,19.55, , , , 
2020-07-24 18:26:00,19.54, , , , 
2020-07-24 18:27:00,19.53, , , , 
2020-07-24 18:28:00,19.54, , , , 
2020-07-24 18:29:00,19.53, , , , 
2020-07-24 18:30:00,19.55, , , , 
2020-07-24 18:31:00,19.55, , , , 
2020-07-24 18:32:00,19.56, , , , 
2020-07-24 18:33:00,19.56, , , , 
2020-07-24 18:34:00,19.57, , , , 
2020-07-24 18:35:00,19.56, , , , 
2020-07-24 18:36:00,19.55, , , , 
2020-07-24 18:37:00,19.53, , , , 
2020-07-24 18:38:00,19.54, , , , 
2020-07-24 18:39:00,19.55, , , , 
2020-07-24 18:40:00,19.56, , , , 
2020-07-24 18:41:00,19.56, , , , 
2020-07-24 18:42:00,19.57, , , , 
2020-07-24 18:43:00,19.55, , , , 
2020-07-24 18:44:00,19.57, , , , 
2020-07-24 18:45:00,19.55, , , , 
2020-07-24 18:46:00,19.53, , , , 
2020-07-24 18:47:00,19.56, , , , 
2020-07-24 18:48:00,19.54, , , , 
2020-07-24 18:49:00,19.54, , , , 
2020-07-24 18:50:00,19.56, , , , 
2020-07-24 18:51:00,19.57, , , , 
2020-07-24 18:52:00,19.57, , , , 
2020-07-24 18:53:00,19.58, , , , 
2020-07-24 18:54:00,19.56, , , , 
2020-07-24 18:55:00,19.56, , , , 
2020-07-24 18:56:00,19.53, , , , 
2020-07-24 18:57:00,19.55, , , , 
2020-07-24 18:58:00,19.55, , , , 
2020-07-24 18:59:00,19.55, , , , 
2020-07-24 19:00:00,19.57, , , , 
2020-07-24 19:01:00,19.57, , , , 
2020-07-24 19:02:00,19.57, , , , 
2020-07-24 19:03:00,19.57, , , , 
2020-07-24 19:04:00,19.56, , , , 
2020-07-24 19:05:00,19.54, , , , 
2020-07-24 19:06:00,19.52, , , , 
2020-07-24 19:07:00,19.53, , , , 
2020-07-24 19:08:00,19.54, , , , 
2020-07-24 19:09:00,19.56, , , , 
2020-07-24 19:10:00,19.57, , , , 
2020-07-24 19:11:00,19.57, , , , 
2020-07-24 19:12:00,19.56, , , , 
2020-07-24 19:13:00,19.55, , , , 
2020-07-24 19:14:00,19.53, , , , 
2020-07-24 19:15:00,19.52, , , , 
2020-07-24 19:16:00,19.55, , , , 
2020-07-24 19:17:00,19.56, , , , 
2020-07-24 19:18:00,19.55, , , , 
2020-07-24 19:19:00,19.57, , , , 
2020-07-24 19:20:00,19.57, , , , 
2020-07-24 19:21:00,19.57, , , , 
2020-07-24 19:22:00,19.56, , , , 
2020-07-24 19:23:00,19.56, , , , 
2020-07-24 19:24:00,19.54, , , , 
2020-07-24 19:25:00,19.53, , , , 
2020-07-24 19:26:00,19.52, , , , 
2020-07-24 19:27:00,19.55, , , , 
2020-07-24 19:28:00,19.58, , , , 
2020-07-24 19:29:00,19.57, , , , 
2020-07-24 19:30:00,19.56, , , , 
2020-07-24 19:31:00,19.57, , , , 
2020-07-24 19:32:00,19.55, , , , 
2020-07-24 19:33:00,19.55, , , , 
2020-07-24 19:34:00,19.54, , , , 
2020-07-24 19:35:00,19.55, , , , 
2020-07-24 19:36:00,19.56, , , , 
2020-07-24 19:37:00,19.55, , , , 
2020-07-24 19:38:00,19.57, , , , 
2020-07-24 19:39:00,19.57, , , , 
2020-07-24 19:40:00,19.57, , , , 
2020-07-24 19:41:00,19.54, , , , 
2020-07-24 19:42:00,19.54, , , , 
2020-07-24 19:43:00,19.55, , , , 
2020-07-24 19:44:00,19.55, , , , 
2020-07-24 19:45:00,19.56, , , , 
2020-07-24 19:46:00,19.58, , , , 
2020-07-24 19:47:00,19.57, , , , 
2020-07-24 19:48:00,19.57, , , , 
2020-07-24 19:49:00,19.59, , , , 
2020-07-24 19:50:00,19.55, , , , 
2020-07-24 19:51:00,19.56, , , , 
2020-07-24 19:52:00,19.54, , , , 
2020-07-24 19:53:00,19.55, , , , 
2020-07-24 19:54:00,19.56, , , , 
2020-07-24 19:55:00,19.55, , , , 
2020-07-24 19:56:00,19.58, , , , 
2020-07-24 19:57:00,19.58, , , , 
2020-07-24 19:58:00,19.57, , , , 
2020-07-24 19:59:00,19.57, , , , 
2020-07-24 20:00:00,19.54, , , , 
2020-07-24 20:01:00,19.52, , , , 
2020-07-24 20:02:00,19.53, , , , 
2020-07-24 20:03:00,19.54, , , , 
2020-07-24 20:04:00,19.56, , , , 
2020-07-24 20:05:00,19.57, , , , 
2020-07-24 20:06:00,19.56, , , , 
2020-07-24 20:07:00,19.56, , , , 
2020-07-24 20:08:00,19.56, , , , 
2020-07-24 20:09:00,19.56, , , , 
2020-07-24 20:10:00,19.55, , , , 
2020-07-24 20:11:00,19.54, , , , 
2020-07-24 20:12:00,19.55, , , , 
2020-07-24 20:13:00,19.55, , , , 
2020-07-24 20:14:00,19.56, , , , 
2020-07-24 20:15:00,19.55, , , , 
2020-07-24 20:16:00,19.56, , , , 
2020-07-24 20:17:00,19.56, , , , 
2020-07-24 20:18:00,19.54, , , , 
2020-07-24 20:19:00,19.53, , , , 
2020-07-24 20:20:00,19.55, , , , 
2020-07-24 20:21:00,19.56, , , , 
2020-07-24 20:22:00,19.57, , , , 
2020-07-24 20:23:00,19.55, , , , 
2020-07-24 20:24:00,19.57, , , , 
2020-07-24 20:25:00,19.57, , , , 
2020-07-24 20:26:00,19.56, , , , 
2020-07-24 20:27:00,19.55, , , , 
2020-07-24 20:28:00,19.56, , , , 
2020-07-24 20:29:00,19.53, , , , 
2020-07-24 20:30:00,19.56, , , , 
2020-07-24 20:31:00,19.55, , , , 
2020-07-24 20:32:00,19.57, , , , 
2020-07-24 20:33:00,19.56, , , , 
2020-07-24 20:34:00,19.56, , , , 
2020-07-24 20:35:00,19.56, , , , 
2020-07-24 20:36:00,19.55, , , , 
2020-07-24 20:37:00,19.54, , , , 
2020-07-24 20:38:00,19.55, , , , 
2020-07-24 20:39:00,19.55, , , , 
2020-07-24 20:40:00,19.59, , , , 
2020-07-24 20:41:00,19.56, , , , 
2020-07-24 20:42:00,19.57, , , , 
2020-07-24 20:43:00,19.57, , , , 
2020-07-24 20:44:00,19.56, , , , 
2020-07-24 20:45:00,19.55, , , , 
2020-07-24 20:46:00,19.54, , , , 
2020-07-24 20:47:00,19.54, , , , 
2020-07-24 20:48:00,19.57, , , , 
2020-07-24 20:49:00,19.55, , , , 
2020-07-24 20:50:00,19.57, , , , 
2020-07-24 20:51:00,19.57, , , , 
2020-07-24 20:52:00,19.57, , , , 
2020-07-24 20:53:00,19.54, , , , 
2020-07-24 20:54:00,19.52, , , , 
2020-07-24 20:55:00,19.54, , , , 
2020-07-24 20:56:00,19.54, , , , 
2020-07-24 20:57:00,19.53, , , , 
2020-07-24 20:58:00,19.54, , , , 
2020-07-24 20:59:00,19.57, , , , 
2020-07-24 21:00:00,19.57, , , , 
2020-07-24 21:01:00,19.57, , , , 
2020-07-24 21:02:00,19.57, , , , 
2020-07-24 21:03:00,19.55, , , , 
2020-07-24 21:04:00,19.55, , , , 
2020-07-24 21:05:00,19.56, , , , 
2020-07-24 21:06:00,19.56, , , , 
2020-07-24 21:07:00,19.54, , , , 
2020-07-24 21:08:00,19.55, , , , 
2020-07-24 21:09:00,19.56, , , , 
2020-07-24 21:10:00,19.56, , , , 
2020-07-24 21:11:00,19.54, , , , 
2020-07-24 21:12:00,19.53, , , , 
2020-07-24 21:13:00,19.55, , , , 
2020-07-24 21:14:00,19.55, , , , 
2020-07-24 21:15:00,19.53, , , , 
2020-07-24 21:16:00,19.55, , , , 
2020-07-24 21:17:00,19.56, , , , 
2020-07-24 21:18:00,19.56, , , , 
2020-07-24 21:19:00,19.57, , , , 
2020-07-24 21:20:00,19.57, , , , 
2020-07-24 21:21:00,19.56, , , , 
2020-07-24 21:22:00,19.56, , , , 
2020-07-24 21:23:00,19.52, , , , 
2020-07-24 21:24:00,19.54, , , , 
2020-07-24 21:25:00,19.55, , , , 
2020-07-24 21:26:00,19.54, , , , 
2020-07-24 21:27:00,19.57, , , , 
2020-07-24 21:28:00,19.57, , , , 
2020-07-24 21:29:00,19.57, , , , 
2020-07-24 21:30:00,19.55, , , , 
2020-07-24 21:31:00,19.53, , , , 
2020-07-24 21:32:00,19.53, , , , 
2020-07-24 21:33:00,19.53, , , , 
2020-07-24 21:34:00,19.52, , , , 
2020-07-24 21:35:00,19.55, , , , 
2020-07-24 21:36:00,19.56, , , , 
2020-07-24 21:37:00,19.54, , , , 
2020-07-24 21:38:00,19.57, , , , 
2020-07-24 21:39:00,19.59, , , , 
2020-07-24 21:40:00,19.61, , , , 
2020-07-24 21:41:00,19.61, , , , 
2020-07-24 21:42:00,19.62, , , , 
2020-07-24 21:43:00,19.61, , , , 
2020-07-24 21:44:00,19.59, , , , 
2020-07-24 21:45:00,19.57, , , , 
2020-07-24 21:46:00,19.60, , , , 
2020-07-24 21:47:00,19.60, , , , 
2020-07-24 21:48:00,19.61, , , , 
2020-07-24 21:49:00,19.61, , , , 
2020-07-24 21:50:00,19.61, , , , 
2020-07-24 21:51:00,19.61, , , , 
2020-07-24 21:52:00,19.62, , , , 
2020-07-24 21:53:00,19.59, , , , 
2020-07-24 21:54:00,19.58, , , , 
2020-07-24 21:55:00,19.59, , , , 
2020-07-24 21:56:00,19.60, , , , 
2020-07-24 21:57:00,19.59, , , , 
2020-07-24 21:58:00,19.62, , , , 
2020-07-24 21:59:00,19.60, , , , 
2020-07-24 22:00:00,19.61, , , , 
2020-07-24 22:01:00,19.62, , , , 
2020-07-24 22:02:00,19.59, , , , 
2020-07-24 22:03:00,19.60, , , , 
2020-07-24 22:04:00,19.59, , , , 
2020-07-24 22:05:00,19.59, , , , 
2020-07-24 22:06:00,19.59, , , , 
2020-07-24 22:07:00,19.62, , , , 
2020-07-24 22:08:00,19.60, , , , 
2020-07-24 22:09:00,19.60, , , , 
2020-07-24 22:10:00,19.62, , , , 
2020-07-24 22:11:00,19.59, , , , 
2020-07-24 22:12:00,19.59, , , , 
2020-07-24 22:13:00,19.61, , , , 
2020-07-24 22:14:00,19.58, , , , 
2020-07-24 22:15:00,19.58, , , , 
2020-07-24 22:16:00,19.59, , , , 
2020-07-24 22:17:00,19.61, , , , 
2020-07-24 22:18:00,19.61, , , , 
2020-07-24 22:19:00,19.61, , , , 
2020-07-24 22:20:00,19.61, , , , 
2020-07-24 22:21:00,19.62, , , , 
2020-07-24 22:22:00,19.61, , , , 
2020-07-24 22:23:00,19.60, , , , 
2020-07-24 22:24:00,19.60, , , , 
2020-07-24 22:25:00,19.61, , , , 
2020-07-24 22:26:00,19.61, , , , 
2020-07-24 22:27:00,19.62, , , , 
2020-07-24 22:28:00,19.62, , , , 
2020-07-24 22:29:00,19.65, , , , 
2020-07-24 22:30:00,19.62, , , , 
2020-07-24 22:31:00,19.62, , , , 
2020-07-24 22:32:00,19.60, , , , 
2020-07-24 22:33:00,19.59, , , , 
2020-07-24 22:34:00,19.59, , , , 
2020-07-24 22:35:00,19.61, , , , 
2020-07-24 22:36:00,19.62, , , , 
2020-07-24 22:37:00,19.59, , , , 
2020-07-24 22:38:00,19.65, , , , 
2020-07-24 22:39:00,19.61, , , , 
2020-07-24 22:40:00,19.62, , , , 
2020-07-24 22:41:00,19.61, , , , 
2020-07-24 22:42:00,19.60, , , , 
2020-07-24 22:43:00,19.58, , , , 
2020-07-24 22:44:00,19.61, , , , 
2020-07-24 22:45:00,19.59, , , , 
2020-07-24 22:46:00,19.61, , , , 
2020-07-24 22:47:00,19.61, , , , 
2020-07-24 22:48:00,19.63, , , , 
2020-07-24 22:49:00,19.61, , , , 
2020-07-24 22:50:00,19.61, , , , 
2020-07-24 22:51:00,19.62, , , , 
2020-07-24 22:52:00,19.59, , , , 
2020-07-24 22:53:00,19.59, , , , 
2020-07-24 22:54:00,19.58, , , , 
2020-07-24 22:55:00,19.60, , , , 
2020-07-24 22:56:00,19.61, , , , 
2020-07-24 22:57:00,19.61, , , , 
2020-07-24 22:58:00,19.63, , , , 
2020-07-24 22:59:00,19.62, , , , 
2020-07-24 23:00:00,19.61, , , , 
2020-07-24 23:01:00,19.60, , , , 
2020-07-24 23:02:00,19.61, , , , 
2020-07-24 23:03:00,19.59, , , , 
2020-07-24 23:04:00,19.58, , , , 
2020-07-24 23:05:00,19.59, , , , 
2020-07-24 23:06:00,19.60, , , , 
2020-07-24 23:07:00,19.61, , , , 
2020-07-24 23:08:00,19.61, , , , 
2020-07-24 23:09:00,19.63, , , , 
2020-07-24 23:10:00,19.61, , , , 
2020-07-24 23:11:00,19.61, , , , 
2020-07-24 23:12:00,19.60, , , , 
2020-07-24 23:13:00,19.59, , , , 
2020-07-24 23:14:00,19.60, , , , 
2020-07-24 23:15:00,19.58, , , , 
2020-07-24 23:16:00,19.60, , , , 
2020-07-24 23:17:00,19.63, , , , 
2020-07-24 23:18:00,19.62, , , , 
2020-07-24 23:19:00,19.62, , , , 
2020-07-24 23:20:00,19.61, , , , 
2020-07-24 23:21:00,19.60, , , , 
2020-07-24 23:22:00,19.59, , , , 
2020-07-24 23:23:00,19.59, , , , 
2020-07-24 23:24:00,19.59, , , , 
2020-07-24 23:25:00,19.61, , , , 
2020-07-24 23:26:00,19.61, , , , 
2020-07-24 23:27:00,19.62, , , , 
2020-07-24 23:28:00,19.62, , , , 
2020-07-24 23:29:00,19.61, , , , 
2020-07-24 23:30:00,19.62, , , , 
2020-07-24 23:31:00,19.58, , , , 
2020-07-24 23:32:00,19.58, , , , 
2020-07-24 23:33:00,19.57, , , , 
2020-07-24 23:34:00,19.58, , , , 
2020-07-24 23:35:00,19.61, , , , 
2020-07-24 23:36:00,19.61, , , , 
2020-07-24 23:37:00,19.62, , , , 
2020-07-24 23:38:00,19.62, , , , 
2020-07-24 23:39:00,19.60, , , , 
2020-07-24 23:40:00,19.61, , , , 
2020-07-24 23:41:00,19.58, , , , 
2020-07-24 23:42:00,19.57, , , , 
2020-07-24 23:43:00,19.58, , , , 
2020-07-24 23:44:00,19.59, , , , 
2020-07-24 23:45:00,19.61, , , , 
2020-07-24 23:46:00,19.60, , , , 
2020-07-24 23:47:00,19.63, , , , 
2020-07-24 23:48:00,19.61, , , , 
2020-07-24 23:49:00,19.59, , , , 
2020-07-24 23:50:00,19.60, , , , 
2020-07-24 23:51:00,19.58, , , , 
2020-07-24 23:52:00,19.58, , , , 
2020-07-24 23:53:00,19.60, , , , 
2020-07-24 23:54:00,19.61, , , , 
2020-07-24 23:55:00,19.62, , , , 
2020-07-24 23:56:00,19.62, , , , 
2020-07-24 23:57:00,19.61, , , , 
2020-07-24 23:58:00,19.60, , , , 
2020-07-24 23:59:00,19.60, , , , 
2020-07-25 00:00:00,19.58, , , , 
2020-07-25 00:01:00,19.59, , , , 
2020-07-25 00:02:00,19.61, , , , 
2020-07-25 00:03:00,19.60, , , , 
2020-07-25 00:04:00,19.61, , , , 
2020-07-25 00:05:00,19.63, , , , 
2020-07-25 00:06:00,19.60, , , , 
2020-07-25 00:07:00,19.60, , , , 
2020-07-25 00:08:00,19.61, , , , 
2020-07-25 00:09:00,19.59, , , , 
2020-07-25 00:10:00,19.57, , , , 
2020-07-25 00:11:00,19.57, , , , 
2020-07-25 00:12:00,19.55, , , , 
2020-07-25 00:13:00,19.55, , , , 
2020-07-25 00:14:00,19.55, , , , 
2020-07-25 00:15:00,19.57, , , , 
2020-07-25 00:16:00,19.58, , , , 
2020-07-25 00:17:00,19.57, , , , 
2020-07-25 00:18:00,19.57, , , , 
2020-07-25 00:19:00,19.56, , , , 
2020-07-25 00:20:00,19.53, , , , 
2020-07-25 00:21:00,19.53, , , , 
2020-07-25 00:22:00,19.54, , , , 
2020-07-25 00:23:00,19.55, , , , 
2020-07-25 00:24:00,19.57, , , , 
2020-07-25 00:25:00,19.57, , , , 
2020-07-25 00:26:00,19.55, , , , 
2020-07-25 00:27:00,19.57, , , , 
2020-07-25 00:28:00,19.56, , , , 
2020-07-25 00:29:00,19.54, , , , 
2020-07-25 00:30:00,19.53, , , , 
2020-07-25 00:31:00,19.55, , , , 
2020-07-25 00:32:00,19.54, , , , 
2020-07-25 00:33:00,19.56, , , , 
2020-07-25 00:34:00,19.57, , , , 
2020-07-25 00:35:00,19.57, , , , 
2020-07-25 00:36:00,19.53, , , , 
2020-07-25 00:37:00,19.55, , , , 
2020-07-25 00:38:00,19.53, , , , 
2020-07-25 00:39:00,19.54, , , , 
2020-07-25 00:40:00,19.55, , , , 
2020-07-25 00:41:00,19.53, , , , 
2020-07-25 00:42:00,19.57, , , , 
2020-07-25 00:43:00,19.57, , , , 
2020-07-25 00:44:00,19.57, , , , 
2020-07-25 00:45:00,19.55, , , , 
2020-07-25 00:46:00,19.53, , , , 
2020-07-25 00:47:00,19.54, , , , 
2020-07-25 00:48:00,19.52, , , , 
2020-07-25 00:49:00,19.56, , , , 
2020-07-25 00:50:00,19.54, , , , 
2020-07-25 00:51:00,19.55, , , , 
2020-07-25 00:52:00,19.55, , , , 
2020-07-25 00:53:00,19.57, , , , 
2020-07-25 00:54:00,19.54, , , , 
2020-07-25 00:55:00,19.55, , , , 
2020-07-25 00:56:00,19.54, , , , 
2020-07-25 00:57:00,19.53, , , , 
2020-07-25 00:58:00,19.55, , , , 
2020-07-25 00:59:00,19.55, , , , 
2020-07-25 01:00:00,19.55, , , , 
2020-07-25 01:01:00,19.56, , , , 
2020-07-25 01:02:00,19.57, , , , 
2020-07-25 01:03:00,19.53, , , , 
2020-07-25 01:04:00,19.54, , , , 
2020-07-25 01:05:00,19.52, , , , 
2020-07-25 01:06:00,19.54, , , , 
2020-07-25 01:07:00,19.55, , , , 
2020-07-25 01:08:00,19.56, , , , 
2020-07-25 01:09:00,19.57, , , , 
2020-07-25 01:10:00,19.56, , , , 
2020-07-25 01:11:00,19.56, , , , 
2020-07-25 01:12:00,19.54, , , , 
2020-07-25 01:13:00,19.56, , , , 
2020-07-25 01:14:00,19.53, , , , 
2020-07-25 01:15:00,19.51, , , , 
2020-07-25 01:16:00,19.55, , , , 
2020-07-25 01:17:00,19.53, , , , 
2020-07-25 01:18:00,19.54, , , , 
2020-07-25 01:19:00,19.57, , , , 
2020-07-25 01:20:00,19.58, , , , 
2020-07-25 01:21:00,19.55, , , , 
2020-07-25 01:22:00,19.54, , , , 
2020-07-25 01:23:00,19.53, , , , 
2020-07-25 01:24:00,19.52, , , , 
2020-07-25 01:25:00,19.52, , , , 
2020-07-25 01:26:00,19.55, , , , 
2020-07-25 01:27:00,19.57, , , , 
2020-07-25 01:28:00,19.57, , , , 
2020-07-25 01:29:00,19.55, , , , 
2020-07-25 01:30:00,19.55, , , , 
2020-07-25 01:31:00,19.54, , , , 
2020-07-25 01:32:00,19.53, , , , 
2020-07-25 01:33:00,19.52, , , , 
2020-07-25 01:34:00,19.53, , , , 
2020-07-25 01:35:00,19.53, , , , 
2020-07-25 01:36:00,19.57, , , , 
2020-07-25 01:37:00,19.56, , , , 
2020-07-25 01:38:00,19.55, , , , 
2020-07-25 01:39:00,19.56, , , , 
2020-07-25 01:40:00,19.55, , , , 
2020-07-25 01:41:00,19.54, , , , 
2020-07-25 01:42:00,19.54, , , , 
2020-07-25 01:43:00,19.55, , , , 
2020-07-25 01:44:00,19.55, , , , 
2020-07-25 01:45:00,19.56, , , , 
2020-07-25 01:46:00,19.55, , , , 
2020-07-25 01:47:00,19.56, , , , 
2020-07-25 01:48:00,19.56, , , , 
2020-07-25 01:49:00,19.56, , , , 
2020-07-25 01:50:00,19.53, , , , 
2020-07-25 01:51:00,19.51, , , , 
2020-07-25 01:52:00,19.54, , , , 
2020-07-25 01:53:00,19.55, , , , 
2020-07-25 01:54:00,19.56, , , , 
2020-07-25 01:55:00,19.54, , , , 
2020-07-25 01:56:00,19.56, , , , 
2020-07-25 01:57:00,19.57, , , , 
2020-07-25 01:58:00,19.55, , , , 
2020-07-25 01:59:00,19.54, , , , 
2020-07-25 02:00:00,19.54, , , , 
2020-07-25 02:01:00,19.52, , , , 
2020-07-25 02:02:00,19.53, , , , 
2020-07-25 02:03:00,19.54, , , , 
2020-07-25 02:04:00,19.55, , , , 
2020-07-25 02:05:00,19.57, , , , 
2020-07-25 02:06:00,19.57, , , , 
2020-07-25 02:07:00,19.54, , , , 
2020-07-25 02:08:00,19.51, , , , 
2020-07-25 02:09:00,19.53, , , , 
2020-07-25 02:10:00,19.53, , , , 
2020-07-25 02:11:00,19.54, , , , 
2020-07-25 02:12:00,19.54, , , , 
2020-07-25 02:13:00,19.55, , , , 
2020-07-25 02:14:00,19.57, , , , 
2020-07-25 02:15:00,19.56, , , , 
2020-07-25 02:16:00,19.54, , , , 
2020-07-25 02:17:00,19.52, , , , 
2020-07-25 02:18:00,19.52, , , , 
2020-07-25 02:19:00,19.53, , , , 
2020-07-25 02:20:00,19.52, , , , 
2020-07-25 02:21:00,19.56, , , , 
2020-07-25 02:22:00,19.56, , , , 
2020-07-25 02:23:00,19.56, , , , 
2020-07-25 02:24:00,19.55, , , , 
2020-07-25 02:25:00,19.57, , , , 
2020-07-25 02:26:00,19.53, , , , 
2020-07-25 02:27:00,19.51, , , , 
2020-07-25 02:28:00,19.55, , , , 
2020-07-25 02:29:00,19.55, , , , 
2020-07-25 02:30:00,19.55, , , , 
2020-07-25 02:31:00,19.57, , , , 
2020-07-25 02:32:00,19.57, , , , 
2020-07-25 02:33:00,19.54, , , , 
2020-07-25 02:34:00,19.55, , , , 
2020-07-25 02:35:00,19.54, , , , 
2020-07-25 02:36:00,19.54, , , , 
2020-07-25 02:37:00,19.57, , , , 
2020-07-25 02:38:00,19.53, , , , 
2020-07-25 02:39:00,19.55, , , , 
2020-07-25 02:40:00,19.55, , , , 
2020-07-25 02:41:00,19.56, , , , 
2020-07-25 02:42:00,19.56, , , , 
2020-07-25 02:43:00,19.54, , , , 
2020-07-25 02:44:00,19.53, , , , 
2020-07-25 02:45:00,19.53, , , , 
2020-07-25 02:46:00,19.52, , , , 
2020-07-25 02:47:00,19.55, , , , 
2020-07-25 02:48:00,19.55, , , , 
2020-07-25 02:49:00,19.57, , , , 
2020-07-25 02:50:00,19.56, , , , 
2020-07-25 02:51:00,19.56, , , , 
2020-07-25 02:52:00,19.56, , , , 
2020-07-25 02:53:00,19.54, , , , 
2020-07-25 02:54:00,19.52, , , , 
2020-07-25 02:55:00,19.52, , , , 
2020-07-25 02:56:00,19.52, , , , 
2020-07-25 02:57:00,19.52, , , , 
2020-07-25 02:58:00,19.56, , , , 
2020-07-25 02:59:00,19.57, , , , 
2020-07-25 03:00:00,19.57, , , , 
2020-07-25 03:01:00,19.55, , , , 
2020-07-25 03:02:00,19.55, , , , 
2020-07-25 03:03:00,19.53, , , , 
2020-07-25 03:04:00,19.54, , , , 
2020-07-25 03:05:00,19.54, , , , 
2020-07-25 03:06:00,19.54, , , , 
2020-07-25 03:07:00,19.57, , , , 
2020-07-25 03:08:00,19.56, , , , 
2020-07-25 03:09:00,19.57, , , , 
2020-07-25 03:10:00,19.56, , , , 
2020-07-25 03:11:00,19.54, , , , 
2020-07-25 03:12:00,19.52, , , , 
2020-07-25 03:13:00,19.53, , , , 
2020-07-25 03:14:00,19.54, , , , 
2020-07-25 03:15:00,19.55, , , , 
2020-07-25 03:16:00,19.55, , , , 
2020-07-25 03:17:00,19.57, , , , 
2020-07-25 03:18:00,19.56, , , , 
2020-07-25 03:19:00,19.57, , , , 
2020-07-25 03:20:00,19.56, , , , 
2020-07-25 03:21:00,19.54, , , , 
2020-07-25 03:22:00,19.51, , , , 
2020-07-25 03:23:00,19.53, , , , 
2020-07-25 03:24:00,19.53, , , , 
2020-07-25 03:25:00,19.55, , , , 
2020-07-25 03:26:00,19.57, , , , 
2020-07-25 03:27:00,19.56, , , , 
2020-07-25 03:28:00,19.57, , , , 
2020-07-25 03:29:00,19.54, , , , 
2020-07-25 03:30:00,19.54, , , , 
2020-07-25 03:31:00,19.54, , , , 
2020-07-25 03:32:00,19.54, , , , 
2020-07-25 03:33:00,19.54, , , , 
2020-07-25 03:34:00,19.54, , , , 
2020-07-25 03:35:00,19.55, , , , 
2020-07-25 03:36:00,19.56, , , , 
2020-07-25 03:37:00,19.55, , , , 
2020-07-25 03:38:00,19.55, , , , 
2020-07-25 03:39:00,19.53, , , , 
2020-07-25 03:40:00,19.54, , , , 
2020-07-25 03:41:00,19.54, , , , 
2020-07-25 03:42:00,19.54, , , , 
2020-07-25 03:43:00,19.53, , , , 
2020-07-25 03:44:00,19.56, , , , 
2020-07-25 03:45:00,19.56, , , , 
2020-07-25 03:46:00,19.54, , , , 
2020-07-25 03:47:00,19.53, , , , 
2020-07-25 03:48:00,19.54, , , , 
2020-07-25 03:49:00,19.50, , , , 
2020-07-25 03:50:00,19.53, , , , 
2020-07-25 03:51:00,19.52, , , , 
2020-07-25 03:52:00,19.54, , , , 
2020-07-25 03:53:00,19.56, , , , 
2020-07-25 03:54:00,19.54, , , , 
2020-07-25 03:55:00,19.57, , , , 
2020-07-25 03:56:00,19.53, , , , 
2020-07-25 03:57:00,19.54, , , , 
2020-07-25 03:58:00,19.53, , , , 
2020-07-25 03:59:00,19.53, , , , 
2020-07-25 04:00:00,19.52, , , , 
2020-07-25 04:01:00,19.52, , , , 
2020-07-25 04:02:00,19.54, , , , 
2020-07-25 04:03:00,19.56, , , , 
2020-07-25 04:04:00,19.55, , , , 
2020-07-25 04:05:00,19.54, , , , 
2020-07-25 04:06:00,19.54, , , , 
2020-07-25 04:07:00,19.55, , , , 
2020-07-25 04:08:00,19.54, , , , 
2020-07-25 04:09:00,19.54, , , , 
2020-07-25 04:10:00,19.55, , , , 
2020-07-25 04:11:00,19.57, , , , 
2020-07-25 04:12:00,19.57, , , , 
2020-07-25 04:13:00,19.57, , , , 
2020-07-25 04:14:00,19.55, , , , 
2020-07-25 04:15:00,19.53, , , , 
2020-07-25 04:16:00,19.53, , , , 
2020-07-25 04:17:00,19.55, , , , 
2020-07-25 04:18:00,19.53, , , , 
2020-07-25 04:19:00,19.55, , , , 
2020-07-25 04:20:00,19.57, , , , 
2020-07-25 04:21:00,19.57, , , , 
2020-07-25 04:22:00,19.54, , , , 
2020-07-25 04:23:00,19.55, , , , 
2020-07-25 04:24:00,19.55, , , , 
2020-07-25 04:25:00,19.52, , , , 
2020-07-25 04:26:00,19.53, , , , 
2020-07-25 04:27:00,19.54, , , , 
2020-07-25 04:28:00,19.54, , , , 
2020-07-25 04:29:00,19.54, , , , 
2020-07-25 04:30:00,19.57, , , , 
2020-07-25 04:31:00,19.57, , , , 
2020-07-25 04:32:00,19.56, , , , 
2020-07-25 04:33:00,19.55, , , , 
2020-07-25 04:34:00,19.55, , , , 
2020-07-25 04:35:00,19.52, , , , 
2020-07-25 04:36:00,19.54, , , , 
2020-07-25 04:37:00,19.54, , , , 
2020-07-25 04:38:00,19.54, , , , 
2020-07-25 04:39:00,19.56, , , , 
2020-07-25 04:40:00,19.57, , , , 
2020-07-25 04:41:00,19.55, , , , 
2020-07-25 04:42:00,19.54, , , , 
2020-07-25 04:43:00,19.53, , , , 
2020-07-25 04:44:00,19.52, , , , 
2020-07-25 04:45:00,19.55, , , , 
2020-07-25 04:46:00,19.54, , , , 
2020-07-25 04:47:00,19.55, , , , 
2020-07-25 04:48:00,19.56, , , , 
2020-07-25 04:49:00,19.57, , , , 
2020-07-25 04:50:00,19.57, , , , 
2020-07-25 04:51:00,19.54, , , , 
2020-07-25 04:52:00,19.54, , , , 
2020-07-25 04:53:00,19.52, , , , 
2020-07-25 04:54:00,19.54, , , , 
2020-07-25 04:55:00,19.55, , , , 
2020-07-25 04:56:00,19.55, , , , 
2020-07-25 04:57:00,19.54, , , , 
2020-07-25 04:58:00,19.56, , , , 
2020-07-25 04:59:00,19.56, , , , 
2020-07-25 05:00:00,19.55, , , , 
2020-07-25 05:01:00,19.52, , , , 
2020-07-25 05:02:00,19.53, , , , 
2020-07-25 05:03:00,19.52, , , , 
2020-07-25 05:04:00,19.53, , , , 
2020-07-25 05:05:00,19.55, , , , 
2020-07-25 05:06:00,19.54, , , , 
2020-07-25 05:07:00,19.55, , , , 
2020-07-25 05:08:00,19.56, , , , 
2020-07-25 05:09:00,19.55, , , , 
2020-07-25 05:10:00,19.55, , , , 
2020-07-25 05:11:00,19.52, , , , 
2020-07-25 05:12:00,19.51, , , , 
2020-07-25 05:13:00,19.55, , , , 
2020-07-25 05:14:00,19.53, , , , 
2020-07-25 05:15:00,19.55, , , , 
2020-07-25 05:16:00,19.54, , , , 
2020-07-25 05:17:00,19.56, , , , 
2020-07-25 05:18:00,19.54, , , , 
2020-07-25 05:19:00,19.53, , , , 
2020-07-25 05:20:00,19.53, , , , 
2020-07-25 05:21:00,19.52, , , , 
2020-07-25 05:22:00,19.52, , , , 
2020-07-25 05:23:00,19.52, , , , 
2020-07-25 05:24:00,19.55, , , , 
2020-07-25 05:25:00,19.58, , , , 
2020-07-25 05:26:00,19.55, , , , 
2020-07-25 05:27:00,19.57, , , , 
2020-07-25 05:28:00,19.56, , , , 
2020-07-25 05:29:00,19.53, , , , 
2020-07-25 05:30:00,19.53, , , , 
2020-07-25 05:31:00,19.53, , , , 
2020-07-25 05:32:00,19.54, , , , 
2020-07-25 05:33:00,19.55, , , , 
2020-07-25 05:34:00,19.55, , , , 
2020-07-25 05:35:00,19.56, , , , 
2020-07-25 05:36:00,19.57, , , , 
2020-07-25 05:37:00,19.54, , , , 
2020-07-25 05:38:00,19.56, , , , 
2020-07-25 05:39:00,19.54, , , , 
2020-07-25 05:40:00,19.53, , , , 
2020-07-25 05:41:00,19.52, , , , 
2020-07-25 05:42:00,19.56, , , , 
2020-07-25 05:43:00,19.56, , , , 
2020-07-25 05:44:00,19.56, , , , 
2020-07-25 05:45:00,19.54, , , , 
2020-07-25 05:46:00,19.53, , , , 
2020-07-25 05:47:00,19.53, , , , 
2020-07-25 05:48:00,19.52, , , , 
2020-07-25 05:49:00,19.52, , , , 
2020-07-25 05:50:00,19.54, , , , 
2020-07-25 05:51:00,19.55, , , , 
2020-07-25 05:52:00,19.55, , , , 
2020-07-25 05:53:00,19.56, , , , 
2020-07-25 05:54:00,19.55, , , , 
2020-07-25 05:55:00,19.55, , , , 
2020-07-25 05:56:00,19.56, , , , 
2020-07-25 05:57:00,19.53, , , , 
2020-07-25 05:58:00,19.53, , , , 
2020-07-25 05:59:00,19.53, , , , 
2020-07-25 06:00:00,19.54, , , , 
2020-07-25 06:01:00,19.56, , , , 
2020-07-25 06:02:00,19.57, , , , 
2020-07-25 06:03:00,19.57, , , , 
2020-07-25 06:04:00,19.56, , , , 
2020-07-25 06:05:00,19.53, , , , 
2020-07-25 06:06:00,19.51, , , , 
2020-07-25 06:07:00,19.52, , , , 
2020-07-25 06:08:00,19.53, , , , 
2020-07-25 06:09:00,19.55, , , , 
2020-07-25 06:10:00,19.53, , , , 
2020-07-25 06:11:00,19.56, , , , 
2020-07-25 06:12:00,19.56, , , , 
2020-07-25 06:13:00,19.57, , , , 
2020-07-25 06:14:00,19.55, , , , 
2020-07-25 06:15:00,19.54, , , , 
2020-07-25 06:16:00,19.52, , , , 
2020-07-25 06:17:00,19.55, , , , 
2020-07-25 06:18:00,19.54, , , , 
2020-07-25 06:19:00,19.53, , , , 
2020-07-25 06:20:00,19.57, , , , 
2020-07-25 06:21:00,19.56, , , , 
2020-07-25 06:22:00,19.57, , , , 
2020-07-25 06:23:00,19.55, , , , 
2020-07-25 06:24:00,19.54, , , , 
2020-07-25 06:25:00,19.53, , , , 
2020-07-25 06:26:00,19.52, , , , 
2020-07-25 06:27:00,19.52, , , , 
2020-07-25 06:28:00,19.55, , , , 
2020-07-25 06:29:00,19.55, , , , 
2020-07-25 06:30:00,19.55, , , , 
2020-07-25 06:31:00,19.59, , , , 
2020-07-25 06:32:00,19.56, , , , 
2020-07-25 06:33:00,19.53, , , , 
2020-07-25 06:34:00,19.54, , , , 
2020-07-25 06:35:00,19.53, , , , 
2020-07-25 06:36:00,19.53, , , , 
2020-07-25 06:37:00,19.55, , , , 
2020-07-25 06:38:00,19.56, , , , 
2020-07-25 06:39:00,19.56, , , , 
2020-07-25 06:40:00,19.56, , , , 
2020-07-25 06:41:00,19.55, , , , 
2020-07-25 06:42:00,19.57, , , , 
2020-07-25 06:43:00,19.54, , , , 
2020-07-25 06:44:00,19.53, , , , 
2020-07-25 06:45:00,19.51, , , , 
2020-07-25 06:46:00,19.53, , , , 
2020-07-25 06:47:00,19.53, , , , 
2020-07-25 06:48:00,19.54, , , , 
2020-07-25 06:49:00,19.56, , , , 
2020-07-25 06:50:00,19.57, , , , 
2020-07-25 06:51:00,19.60, , , , 
2020-07-25 06:52:00,19.60, , , , 
2020-07-25 06:53:00,19.59, , , , 
2020-07-25 06:54:00,19.58, , , , 
2020-07-25 06:55:00,19.56, , , , 
2020-07-25 06:56:00,19.58, , , , 
2020-07-25 06:57:00,19.58, , , , 
2020-07-25 06:58:00,19.58, , , , 
2020-07-25 06:59:00,19.60, , , , 
2020-07-25 07:00:00,19.59, , , , 
2020-07-25 07:01:00,19.61, , , , 
2020-07-25 07:02:00,19.59, , , , 
2020-07-25 07:03:00,19.61, , , , 
2020-07-25 07:04:00,19.60, , , , 
2020-07-25 07:05:00,19.60, , , , 
2020-07-25 07:06:00,19.59, , , , 
2020-07-25 07:07:00,19.58, , , , 
2020-07-25 07:08:00,19.58, , , , 
2020-07-25 07:09:00,19.56, , , , 
2020-07-25 07:10:00,19.60, , , , 
2020-07-25 07:11:00,19.60, , , , 
2020-07-25 07:12:00,19.61, , , , 
2020-07-25 07:13:00,19.60, , , , 
2020-07-25 07:14:00,19.61, , , , 
2020-07-25 07:15:00,19.60, , , , 
2020-07-25 07:16:00,19.60, , , , 
2020-07-25 07:17:00,19.61, , , , 
2020-07-25 07:18:00,19.57, , , , 
2020-07-25 07:19:00,19.57, , , , 
2020-07-25 07:20:00,19.61, , , , 
2020-07-25 07:21:00,19.61, , , , 
2020-07-25 07:22:00,19.61, , , , 
2020-07-25 07:23:00,19.61, , , , 
2020-07-25 07:24:00,19.61, , , , 
2020-07-25 07:25:00,19.59, , , , 
2020-07-25 07:26:00,19.61, , , , 
2020-07-25 07:27:00,19.60, , , , 
2020-07-25 07:28:00,19.59, , , , 
2020-07-25 07:29:00,19.58, , , , 
2020-07-25 07:30:00,19.60, , , , 
2020-07-25 07:31:00,19.59, , , , 
2020-07-25 07:32:00,19.61, , , , 
2020-07-25 07:33:00,19.61, , , , 
2020-07-25 07:34:00,19.63, , , , 
2020-07-25 07:35:00,19.60, , , , 
2020-07-25 07:36:00,19.58, , , , 
2020-07-25 07:37:00,19.59, , , , 
2020-07-25 07:38:00,19.59, , , , 
2020-07-25 07:39:00,19.61, , , , 
2020-07-25 07:40:00,19.61, , , , 
2020-07-25 07:41:00,19.61, , , , 
2020-07-25 07:42:00,19.59, , , , 
2020-07-25 07:43:00,19.62, , , , 
2020-07-25 07:44:00,19.61, , , , 
2020-07-25 07:45:00,19.60, , , , 
2020-07-25 07:46:00,19.58, , , , 
2020-07-25 07:47:00,19.58, , , , 
2020-07-25 07:48:00,19.59, , , , 
2020-07-25 07:49:00,19.59, , , , 
2020-07-25 07:50:00,19.61, , , , 
2020-07-25 07:51:00,19.62, , , , 
2020-07-25 07:52:00,19.62, , , , 
2020-07-25 07:53:00,19.61, , , , 
2020-07-25 07:54:00,19.60, , , , 
2020-07-25 07:55:00,19.57, , , , 
2020-07-25 07:56:00,19.59, , , , 
2020-07-25 07:57:00,19.60, , , , 
2020-07-25 07:58:00,19.60, , , , 
2020-07-25 07:59:00,19.61, , , , 
2020-07-25 08:00:00,19.62, , , , 
2020-07-25 08:01:00,19.63, , , , 
2020-07-25 08:02:00,19.60, , , , 
2020-07-25 08:03:00,19.60, , , , 
2020-07-25 08:04:00,19.58, , , , 
2020-07-25 08:05:00,19.59, , , , 
2020-07-25 08:06:00,19.58, , , , 
2020-07-25 08:07:00,19.59, , , , 
2020-07-25 08:08:00,19.61, , , , 
2020-07-25 08:09:00,19.61, , , , 
2020-07-25 08:10:00,19.62, , , , 
2020-07-25 08:11:00,19.63, , , , 
2020-07-25 08:12:00,19.62, , , , 
2020-07-25 08:13:00,19.61, , , , 
2020-07-25 08:14:00,19.59, , , , 
2020-07-25 08:15:00,19.58, , , , 
2020-07-25 08:16:00,19.57, , , , 
2020-07-25 08:17:00,19.57, , , , 
2020-07-25 08:18:00,19.58, , , , 
2020-07-25 08:19:00,19.60, , , , 
2020-07-25 08:20:00,19.61, , , , 
2020-07-25 08:21:00,19.62, , , , 
2020-07-25 08:22:00,19.62, , , , 
2020-07-25 08:23:00,19.61, , , , 
2020-07-25 08:24:00,19.59, , , , 
2020-07-25 08:25:00,19.58, , , , 
2020-07-25 08:26:00,19.58, , , , 
2020-07-25 08:27:00,19.60, , , , 
2020-07-25 08:28:00,19.60, , , , 
2020-07-25 08:29:00,19.61, , , , 
2020-07-25 08:30:00,19.61, , , , 
2020-07-25 08:31:00,19.62, , , , 
2020-07-25 08:32:00,19.61, , , , 
2020-07-25 08:33:00,19.60, , , , 
2020-07-25 08:34:00,19.59, , , , 
2020-07-25 08:35:00,19.58, , , , 
2020-07-25 08:36:00,19.60, , , , 
2020-07-25 08:37:00,19.61, , , , 
2020-07-25 08:38:00,19.61, , , , 
2020-07-25 08:39:00,19.62, , , , 
2020-07-25 08:40:00,19.62, , , , 
2020-07-25 08:41:00,19.60, , , , 
2020-07-25 08:42:00,19.59, , , , 
2020-07-25 08:43:00,19.58, , , , 
2020-07-25 08:44:00,19.57, , , , 
2020-07-25 08:45:00,19.59, , , , 
2020-07-25 08:46:00,19.61, , , , 
2020-07-25 08:47:00,19.61, , , , 
2020-07-25 08:48:00,19.61, , , , 
2020-07-25 08:49:00,19.60, , , , 
2020-07-25 08:50:00,19.62, , , , 
2020-07-25 08:51:00,19.59, , , , 
2020-07-25 08:52:00,19.59, , , , 
2020-07-25 08:53:00,19.58, , , , 
2020-07-25 08:54:00,19.59, , , , 
2020-07-25 08:55:00,19.60, , , , 
2020-07-25 08:56:00,19.60, , , , 
2020-07-25 08:57:00,19.61, , , , 
2020-07-25 08:58:00,19.62, , , , 
2020-07-25 08:59:00,19.61, , , , 
2020-07-25 09:00:00,19.58, , , , 
2020-07-25 09:01:00,19.58, , , , 
2020-07-25 09:02:00,19.59, , , , 
2020-07-25 09:03:00,19.59, , , , 
2020-07-25 09:04:00,19.59, , , , 
2020-07-25 09:05:00,19.60, , , , 
2020-07-25 09:06:00,19.61, , , , 
2020-07-25 09:07:00,19.60, , , , 
2020-07-25 09:08:00,19.61, , , , 
2020-07-25 09:09:00,19.61, , , , 
2020-07-25 09:10:00,19.58, , , , 
2020-07-25 09:11:00,19.58, , , , 
2020-07-25 09:12:00,19.58, , , , 
2020-07-25 09:13:00,19.61, , , , 
2020-07-25 09:14:00,19.59, , , , 
2020-07-25 09:15:00,19.62, , , , 
2020-07-25 09:16:00,19.60, , , , 
2020-07-25 09:17:00,19.61, , , , 
2020-07-25 09:18:00,19.63, , , , 
2020-07-25 09:19:00,19.59, , , , 
2020-07-25 09:20:00,19.56, , , , 
2020-07-25 09:21:00,19.58, , , , 
2020-07-25 09:22:00,19.60, , , , 
2020-07-25 09:23:00,19.61, , , , 
2020-07-25 09:24:00,19.61, , , , 
2020-07-25 09:25:00,19.60, , , , 
2020-07-25 09:26:00,19.61, , , , 
2020-07-25 09:27:00,19.59, , , , 
2020-07-25 09:28:00,19.58, , , , 
2020-07-25 09:29:00,19.58, , , , 
2020-07-25 09:30:00,19.58, , , , 
2020-07-25 09:31:00,19.60, , , , 
2020-07-25 09:32:00,19.61, , , , 
2020-07-25 09:33:00,19.61, , , , 
2020-07-25 09:34:00,19.61, , , , 
2020-07-25 09:35:00,19.60, , , , 
2020-07-25 09:36:00,19.60, , , , 
2020-07-25 09:37:00,19.59, , , , 
2020-07-25 09:38:00,19.58, , , , 
2020-07-25 09:39:00,19.56, , , , 
2020-07-25 09:40:00,19.55, , , , 
2020-07-25 09:41:00,19.55, , , , 
2020-07-25 09:42:00,19.57, , , , 
2020-07-25 09:43:00,19.57, , , , 
2020-07-25 09:44:00,19.57, , , , 
2020-07-25 09:45:00,19.58, , , , 
2020-07-25 09:46:00,19.57, , , , 
2020-07-25 09:47:00,19.55, , , , 
2020-07-25 09:48:00,19.54, , , , 
2020-07-25 09:49:00,19.55, , , , 
2020-07-25 09:50:00,19.55, , , , 
2020-07-25 09:51:00,19.54, , , , 
2020-07-25 09:52:00,19.57, , , , 
2020-07-25 09:53:00,19.57, , , , 
2020-07-25 09:54:00,19.57, , , , 
2020-07-25 09:55:00,19.54, , , , 
2020-07-25 09:56:00,19.54, , , , 
2020-07-25 09:57:00,19.54, , , , 
2020-07-25 09:58:00,19.52, , , , 
2020-07-25 09:59:00,19.55, , , , 
2020-07-25 10:00:00,19.54, , , , 
2020-07-25 10:01:00,19.57, , , , 
2020-07-25 10:02:00,19.56, , , , 
2020-07-25 10:03:00,19.57, , , , 
2020-07-25 10:04:00,19.55, , , , 
2020-07-25 10:05:00,19.53, , , , 
2020-07-25 10:06:00,19.53, , , , 
2020-07-25 10:07:00,19.53, , , , 
2020-07-25 10:08:00,19.54, , , , 
2020-07-25 10:09:00,19.56, , , , 
2020-07-25 10:10:00,19.57, , , , 
2020-07-25 10:11:00,19.57, , , , 
2020-07-25 10:12:00,19.59, , , , 
2020-07-25 10:13:00,19.60, , , , 
2020-07-25 10:14:00,19.60, , , , 
2020-07-25 10:15:00,19.62, , , , 
2020-07-25 10:16:00,19.60, , , , 
2020-07-25 10:17:00,19.60, , , , 
2020-07-25 10:18:00,19.59, , , , 
2020-07-25 10:19:00,19.57, , , , 
2020-07-25 10:20:00,19.57, , , , 
2020-07-25 10:21:00,19.61, , , , 
2020-07-25 10:22:00,19.62, , , , 
2020-07-25 10:23:00,19.61, , , , 
2020-07-25 10:24:00,19.62, , , , 
2020-07-25 10:25:00,19.62, , , , 
2020-07-25 10:26:00,19.59, , , , 
2020-07-25 10:27:00,19.57, , , , 
2020-07-25 10:28:00,19.59, , , , 
2020-07-25 10:29:00,19.60, , , , 
2020-07-25 10:30:00,19.61, , , , 
2020-07-25 10:31:00,19.62, , , , 
2020-07-25 10:32:00,19.62, , , , 
2020-07-25 10:33:00,19.62, , , , 
2020-07-25 10:34:00,19.62, , , , 
2020-07-25 10:35:00,19.59, , , , 
2020-07-25 10:36:00,19.59, , , , 
2020-07-25 10:37:00,19.58, , , , 
2020-07-25 10:38:00,19.58, , , , 
2020-07-25 10:39:00,19.60, , , , 
2020-07-25 10:40:00,19.61, , , , 
2020-07-25 10:41:00,19.63, , , , 
2020-07-25 10:42:00,19.62, , , , 
2020-07-25 10:43:00,19.61, , , , 
2020-07-25 10:44:00,19.59, , , , 
2020-07-25 10:45:00,19.58, , , , 
2020-07-25 10:46:00,19.60, , , , 
2020-07-25 10:47:00,19.58, , , , 
2020-07-25 10:48:00,19.59, , , , 
2020-07-25 10:49:00,19.61, , , , 
2020-07-25 10:50:00,19.62, , , , 
2020-07-25 10:51:00,19.60, , , , 
2020-07-25 10:52:00,19.60, , , , 
2020-07-25 10:53:00,19.61, , , , 
2020-07-25 10:54:00,19.61, , , , 
2020-07-25 10:55:00,19.59, , , , 
2020-07-25 10:56:00,19.59, , , , 
2020-07-25 10:57:00,19.62, , , , 
2020-07-25 10:58:00,19.61, , , , 
2020-07-25 10:59:00,19.63, , , , 
2020-07-25 11:00:00,19.60, , , , 
2020-07-25 11:01:00,19.65, , , , 
2020-07-25 11:02:00,19.59, , , , 
2020-07-25 11:03:00,19.59, , , , 
2020-07-25 11:04:00,19.58, , , , 
2020-07-25 11:05:00,19.57, , , , 
2020-07-25 11:06:00,19.57, , , , 
2020-07-25 11:07:00,19.58, , , , 
2020-07-25 11:08:00,19.56, , , , 
2020-07-25 11:09:00,19.57, , , , 
2020-07-25 11:10:00,19.57, , , , 
2020-07-25 11:11:00,19.58, , , , 
2020-07-25 11:12:00,19.58, , , , 
2020-07-25 11:13:00,19.57, , , , 
2020-07-25 11:14:00,19.58, , , , 
2020-07-25 11:15:00,19.53, , , , 
2020-07-25 11:16:00,19.55, , , , 
2020-07-25 11:17:00,19.55, , , , 
2020-07-25 11:18:00,19.57, , , , 
2020-07-25 11:19:00,19.56, , , , 
2020-07-25 11:20:00,19.57, , , , 
2020-07-25 11:21:00,19.58, , , , 
2020-07-25 11:22:00,19.60, , , , 
2020-07-25 11:23:00,19.61, , , , 
2020-07-25 11:24:00,19.61, , , , 
2020-07-25 11:25:00,19.65, , , , 
2020-07-25 11:26:00,19.61, , , , 
2020-07-25 11:27:00,19.60, , , , 
2020-07-25 11:28:00,19.59, , , , 
2020-07-25 11:29:00,19.59, , , , 
2020-07-25 11:30:00,19.58, , , , 
2020-07-25 11:31:00,19.60, , , , 
2020-07-25 11:32:00,19.60, , , , 
2020-07-25 11:33:00,19.61, , , , 
2020-07-25 11:34:00,19.63, , , , 
2020-07-25 11:35:00,19.61, , , , 
2020-07-25 11:36:00,19.61, , , , 
2020-07-25 11:37:00,19.60, , , , 
2020-07-25 11:38:00,19.59, , , , 
2020-07-25 11:39:00,19.62, , , , 
2020-07-25 11:40:00,19.61, , , , 
2020-07-25 11:41:00,19.61, , , , 
2020-07-25 11:42:00,19.63, , , , 
2020-07-25 11:43:00,19.61, , , , 
2020-07-25 11:44:00,19.63, , , , 
2020-07-25 11:45:00,19.61, , , , 
2020-07-25 11:46:00,19.58, , , , 
2020-07-25 11:47:00,19.59, , , , 
2020-07-25 11:48:00,19.60, , , , 
2020-07-25 11:49:00,19.61, , , , 
2020-07-25 11:50:00,19.62, , , , 
2020-07-25 11:51:00,19.63, , , , 
2020-07-25 11:52:00,19.62, , , , 
2020-07-25 11:53:00,19.61, , , , 
2020-07-25 11:54:00,19.59, , , , 
2020-07-25 11:55:00,19.60, , , , 
2020-07-25 11:56:00,19.59, , , , 
2020-07-25 11:57:00,19.60, , , , 
2020-07-25 11:58:00,19.60, , , , 
2020-07-25 11:59:00,19.61, , , , 
2020-07-25 12:00:00,19.63, , , , 
2020-07-25 12:01:00,19.63, , , , 
2020-07-25 12:02:00,19.63, , , , 
2020-07-25 12:03:00,19.63, , , , 
2020-07-25 12:04:00,19.61, , , , 
2020-07-25 12:05:00,19.61, , , , 
2020-07-25 12:06:00,19.58, , , , 
2020-07-25 12:07:00,19.60, , , , 
2020-07-25 12:08:00,19.62, , , , 
2020-07-25 12:09:00,19.59, , , , 
2020-07-25 12:10:00,19.63, , , , 
2020-07-25 12:11:00,19.62, , , , 
2020-07-25 12:12:00,19.61, , , , 
2020-07-25 12:13:00,19.62, , , , 
2020-07-25 12:14:00,19.60, , , , 
2020-07-25 12:15:00,19.59, , , , 
2020-07-25 12:16:00,19.61, , , , 
2020-07-25 12:17:00,19.61, , , , 
2020-07-25 12:18:00,19.61, , , , 
2020-07-25 12:19:00,19.63, , , , 
2020-07-25 12:20:00,19.61, , , , 
2020-07-25 12:21:00,19.61, , , , 
2020-07-25 12:22:00,19.62, , , , 
2020-07-25 12:23:00,19.60, , , , 
2020-07-25 12:24:00,19.61, , , , 
2020-07-25 12:25:00,19.58, , , , 
2020-07-25 12:26:00,19.61, , , , 
2020-07-25 12:27:00,19.62, , , , 
2020-07-25 12:28:00,19.61, , , , 
2020-07-25 12:29:00,19.65, , , , 
2020-07-25 12:30:00,19.65, , , , 
2020-07-25 12:31:00,19.62, , , , 
2020-07-25 12:32:00,19.59, , , , 
2020-07-25 12:33:00,19.59, , , , 
2020-07-25 12:34:00,19.61, , , , 
2020-07-25 12:35:00,19.60, , , , 
2020-07-25 12:36:00,19.63, , , , 
2020-07-25 12:37:00,19.63, , , , 
2020-07-25 12:38:00,19.63, , , , 
2020-07-25 12:39:00,19.61, , , , 
2020-07-25 12:40:00,19.62, , , , 
2020-07-25 12:41:00,19.60, , , , 
2020-07-25 12:42:00,19.58, , , , 
2020-07-25 12:43:00,19.59, , , , 
2020-07-25 12:44:00,19.56, , , , 
2020-07-25 12:45:00,19.53, , , , 
2020-07-25 12:46:00,19.57, , , , 
2020-07-25 12:47:00,19.56, , , , 
2020-07-25 12:48:00,19.57, , , , 
2020-07-25 12:49:00,19.57, , , , 
2020-07-25 12:50:00,19.57, , , , 
2020-07-25 12:51:00,19.58, , , , 
2020-07-25 12:52:00,19.55, , , , 
2020-07-25 12:53:00,19.57, , , , 
2020-07-25 12:54:00,19.54, , , , 
2020-07-25 12:55:00,19.54, , , , 
2020-07-25 12:56:00,19.57, , , , 
2020-07-25 12:57:00,19.56, , , , 
2020-07-25 12:58:00,19.58, , , , 
2020-07-25 12:59:00,19.58, , , , 
2020-07-25 13:00:00,19.54, , , , 
2020-07-25 13:01:00,19.55, , , , 
2020-07-25 13:02:00,19.53, , , , 
2020-07-25 13:03:00,19.53, , , , 
2020-07-25 13:04:00,19.56, , , , 
2020-07-25 13:05:00,19.57, , , , 
2020-07-25 13:06:00,19.56, , , , 
2020-07-25 13:07:00,19.56, , , , 
2020-07-25 13:08:00,19.56, , , , 
2020-07-25 13:09:00,19.54, , , , 
2020-07-25 13:10:00,19.55, , , , 
2020-07-25 13:11:00,19.54, , , , 
2020-07-25 13:12:00,19.54, , , , 
2020-07-25 13:13:00,19.57, , , , 
2020-07-25 13:14:00,19.58, , , , 
2020-07-25 13:15:00,19.56, , , , 
2020-07-25 13:16:00,19.57, , , , 
2020-07-25 13:17:00,19.57, , , , 
2020-07-25 13:18:00,19.53, , , , 
2020-07-25 13:19:00,19.53, , , , 
2020-07-25 13:20:00,19.53, , , , 
2020-07-25 13:21:00,19.55, , , , 
2020-07-25 13:22:00,19.57, , , , 
2020-07-25 13:23:00,19.57, , , , 
2020-07-25 13:24:00,19.59, , , , 
2020-07-25 13:25:00,19.58, , , , 
2020-07-25 13:26:00,19.57, , , , 
2020-07-25 13:27:00,19.54, , , , 
2020-07-25 13:28:00,19.54, , , , 
2020-07-25 13:29:00,19.54, , , , 
2020-07-25 13:30:00,19.53, , , , 
2020-07-25 13:31:00,19.56, , , , 
2020-07-25 13:32:00,19.57, , , , 
2020-07-25 13:33:00,19.58, , , , 
2020-07-25 13:34:00,19.55, , , , 
2020-07-25 13:35:00,19.57, , , , 
2020-07-25 13:36:00,19.54, , , , 
2020-07-25 13:37:00,19.54, , , , 
2020-07-25 13:38:00,19.56, , , , 
2020-07-25 13:39:00,19.57, , , , 
2020-07-25 13:40:00,19.58, , , , 
2020-07-25 13:41:00,19.59, , , , 
2020-07-25 13:42:00,19.58, , , , 
2020-07-25 13:43:00,19.56, , , , 
2020-07-25 13:44:00,19.57, , , , 
2020-07-25 13:45:00,19.55, , , , 
2020-07-25 13:46:00,19.56, , , , 
2020-07-25 13:47:00,19.55, , , , 
2020-07-25 13:48:00,19.54, , , , 
2020-07-25 13:49:00,19.57, , , , 
2020-07-25 13:50:00,19.59, , , , 
2020-07-25 13:51:00,19.60, , , , 
2020-07-25 13:52:00,19.57, , , , 
2020-07-25 13:53:00,19.57, , , , 
2020-07-25 13:54:00,19.55, , , , 
2020-07-25 13:55:00,19.56, , , , 
2020-07-25 13:56:00,19.55, , , , 
2020-07-25 13:57:00,19.55, , , , 
2020-07-25 13:58:00,19.57, , , , 
2020-07-25 13:59:00,19.55, , , , 
2020-07-25 14:00:00,19.57, , , , 
2020-07-25 14:01:00,19.60, , , , 
2020-07-25 14:02:00,19.60, , , , 
2020-07-25 14:03:00,19.60, , , , 
2020-07-25 14:04:00,19.61, , , , 
2020-07-25 14:05:00,19.61, , , , 
2020-07-25 14:06:00,19.60, , , , 
2020-07-25 14:07:00,19.60, , , , 
2020-07-25 14:08:00,19.58, , , , 
2020-07-25 14:09:00,19.59, , , , 
2020-07-25 14:10:00,19.60, , , , 
2020-07-25 14:11:00,19.62, , , , 
2020-07-25 14:12:00,19.63, , , , 
2020-07-25 14:13:00,19.62, , , , 
2020-07-25 14:14:00,19.60, , , , 
2020-07-25 14:15:00,19.60, , , , 
2020-07-25 14:16:00,19.58, , , , 
2020-07-25 14:17:00,19.61, , , , 
2020-07-25 14:18:00,19.62, , , , 
2020-07-25 14:19:00,19.63, , , , 
2020-07-25 14:20:00,19.61, , , , 
2020-07-25 14:21:00,19.62, , , , 
2020-07-25 14:22:00,19.60, , , , 
2020-07-25 14:23:00,19.61, , , , 
2020-07-25 14:24:00,19.58, , , , 
2020-07-25 14:25:00,19.59, , , , 
2020-07-25 14:26:00,19.63, , , , 
2020-07-25 14:27:00,19.65, , , , 
2020-07-25 14:28:00,19.61, , , , 
2020-07-25 14:29:00,19.61, , , , 
2020-07-25 14:30:00,19.62, , , , 
2020-07-25 14:31:00,19.60, , , , 
2020-07-25 14:32:00,19.60, , , , 
2020-07-25 14:33:00,19.58, , , , 
2020-07-25 14:34:00,19.60, , , , 
2020-07-25 14:35:00,19.62, , , , 
2020-07-25 14:36:00,19.63, , , , 
2020-07-25 14:37:00,19.63, , , , 
2020-07-25 14:38:00,19.62, , , , 
2020-07-25 14:39:00,19.60, , , , 
2020-07-25 14:40:00,19.61, , , , 
2020-07-25 14:41:00,19.61, , , , 
2020-07-25 14:42:00,19.61, , , , 
2020-07-25 14:43:00,19.61, , , , 
2020-07-25 14:44:00,19.59, , , , 
2020-07-25 14:45:00,19.62, , , , 
2020-07-25 14:46:00,19.61, , , , 
2020-07-25 14:47:00,19.63, , , , 
2020-07-25 14:48:00,19.62, , , , 
2020-07-25 14:49:00,19.61, , , , 
2020-07-25 14:50:00,19.58, , , , 
2020-07-25 14:51:00,19.61, , , , 
2020-07-25 14:52:00,19.60, , , , 
2020-07-25 14:53:00,19.62, , , , 
2020-07-25 14:54:00,19.62, , , , 
2020-07-25 14:55:00,19.62, , , , 
2020-07-25 14:56:00,19.63, , , , 
2020-07-25 14:57:00,19.62, , , , 
2020-07-25 14:58:00,19.61, , , , 
2020-07-25 14:59:00,19.61, , , , 
2020-07-25 15:00:00,19.61, , , , 
2020-07-25 15:01:00,19.61, , , , 
2020-07-25 15:02:00,19.62, , , , 
2020-07-25 15:03:00,19.62, , , , 
2020-07-25 15:04:00,19.63, , , , 
2020-07-25 15:05:00,19.65, , , , 
2020-07-25 15:06:00,19.61, , , , 
2020-07-25 15:07:00,19.63, , , , 
2020-07-25 15:08:00,19.61, , , , 
2020-07-25 15:09:00,19.59, , , , 
2020-07-25 15:10:00,19.61, , , , 
2020-07-25 15:11:00,19.59, , , , 
2020-07-25 15:12:00,19.61, , , , 
2020-07-25 15:13:00,19.63, , , , 
2020-07-25 15:14:00,19.65, , , , 
2020-07-25 15:15:00,19.66, , , , 
2020-07-25 15:16:00,19.63, , , , 
2020-07-25 15:17:00,19.61, , , , 
2020-07-25 15:18:00,19.59, , , , 
2020-07-25 15:19:00,19.60, , , , 
2020-07-25 15:20:00,19.60, , , , 
2020-07-25 15:21:00,19.62, , , , 
2020-07-25 15:22:00,19.62, , , , 
2020-07-25 15:23:00,19.62, , , , 
2020-07-25 15:24:00,19.65, , , , 
2020-07-25 15:25:00,19.65, , , , 
2020-07-25 15:26:00,19.63, , , , 
2020-07-25 15:27:00,19.62, , , , 
2020-07-25 15:28:00,19.60, , , , 
2020-07-25 15:29:00,19.60, , , , 
2020-07-25 15:30:00,19.62, , , , 
2020-07-25 15:31:00,19.62, , , , 
2020-07-25 15:32:00,19.65, , , , 
2020-07-25 15:33:00,19.63, , , , 
2020-07-25 15:34:00,19.61, , , , 
2020-07-25 15:35:00,19.61, , , , 
2020-07-25 15:36:00,19.61, , , , 
2020-07-25 15:37:00,19.60, , , , 
2020-07-25 15:38:00,19.59, , , , 
2020-07-25 15:39:00,19.61, , , , 
2020-07-25 15:40:00,19.62, , , , 
2020-07-25 15:41:00,19.63, , , , 
2020-07-25 15:42:00,19.63, , , , 
2020-07-25 15:43:00,19.63, , , , 
2020-07-25 15:44:00,19.65, , , , 
2020-07-25 15:45:00,19.61, , , , 
2020-07-25 15:46:00,19.60, , , , 
2020-07-25 15:47:00,19.59, , , , 
2020-07-25 15:48:00,19.61, , , , 
2020-07-25 15:49:00,19.61, , , , 
2020-07-25 15:50:00,19.63, , , , 
2020-07-25 15:51:00,19.62, , , , 
2020-07-25 15:52:00,19.62, , , , 
2020-07-25 15:53:00,19.61, , , , 
2020-07-25 15:54:00,19.62, , , , 
2020-07-25 15:55:00,19.59, , , , 
2020-07-25 15:56:00,19.59, , , , 
2020-07-25 15:57:00,19.61, , , , 
2020-07-25 15:58:00,19.61, , , , 
2020-07-25 15:59:00,19.63, , , , 
2020-07-25 16:00:00,19.63, , , , 
2020-07-25 16:01:00,19.61, , , , 
2020-07-25 16:02:00,19.62, , , , 
2020-07-25 16:03:00,19.60, , , , 
2020-07-25 16:04:00,19.61, , , , 
2020-07-25 16:05:00,19.60, , , , 
2020-07-25 16:06:00,19.62, , , , 
2020-07-25 16:07:00,19.63, , , , 
2020-07-25 16:08:00,19.62, , , , 
2020-07-25 16:09:00,19.63, , , , 
2020-07-25 16:10:00,19.63, , , , 
2020-07-25 16:11:00,19.63, , , , 
2020-07-25 16:12:00,19.60, , , , 
2020-07-25 16:13:00,19.62, , , , 
2020-07-25 16:14:00,19.60, , , , 
2020-07-25 16:15:00,19.60, , , , 
2020-07-25 16:16:00,19.61, , , , 
2020-07-25 16:17:00,19.65, , , , 
2020-07-25 16:18:00,19.66, , , , 
2020-07-25 16:19:00,19.66, , , , 
2020-07-25 16:20:00,19.63, , , , 
2020-07-25 16:21:00,19.62, , , , 
2020-07-25 16:22:00,19.61, , , , 
2020-07-25 16:23:00,19.61, , , , 
2020-07-25 16:24:00,19.60, , , , 
2020-07-25 16:25:00,19.63, , , , 
2020-07-25 16:26:00,19.62, , , , 
2020-07-25 16:27:00,19.61, , , , 
2020-07-25 16:28:00,19.65, , , , 
2020-07-25 16:29:00,19.63, , , , 
2020-07-25 16:30:00,19.60, , , , 
2020-07-25 16:31:00,19.59, , , , 
2020-07-25 16:32:00,19.61, , , , 
2020-07-25 16:33:00,19.59, , , , 
2020-07-25 16:34:00,19.61, , , , 
2020-07-25 16:35:00,19.61, , , , 
2020-07-25 16:36:00,19.62, , , , 
2020-07-25 16:37:00,19.63, , , , 
2020-07-25 16:38:00,19.61, , , , 
2020-07-25 16:39:00,19.62, , , , 
2020-07-25 16:40:00,19.59, , , , 
2020-07-25 16:41:00,19.59, , , , 
2020-07-25 16:42:00,19.60, , , , 
2020-07-25 16:43:00,19.61, , , , 
2020-07-25 16:44:00,19.62, , , , 
2020-07-25 16:45:00,19.65, , , , 
2020-07-25 16:46:00,19.62, , , , 
2020-07-25 16:47:00,19.65, , , , 
2020-07-25 16:48:00,19.62, , , , 
2020-07-25 16:49:00,19.61, , , , 
2020-07-25 16:50:00,19.60, , , , 
2020-07-25 16:51:00,19.60, , , , 
2020-07-25 16:52:00,19.61, , , , 
2020-07-25 16:53:00,19.61, , , , 
2020-07-25 16:54:00,19.63, , , , 
2020-07-25 16:55:00,19.65, , , , 
2020-07-25 16:56:00,19.62, , , , 
2020-07-25 16:57:00,19.62, , , , 
2020-07-25 16:58:00,19.61, , , , 
2020-07-25 16:59:00,19.60, , , , 
2020-07-25 17:00:00,19.61, , , , 
2020-07-25 17:01:00,19.60, , , , 
2020-07-25 17:02:00,19.63, , , , 
2020-07-25 17:03:00,19.62, , , , 
2020-07-25 17:04:00,19.62, , , , 
2020-07-25 17:05:00,19.61, , , , 
2020-07-25 17:06:00,19.62, , , , 
2020-07-25 17:07:00,19.61, , , , 
2020-07-25 17:08:00,19.61, , , , 
2020-07-25 17:09:00,19.60, , , , 
2020-07-25 17:10:00,19.61, , , , 
2020-07-25 17:11:00,19.63, , , , 
2020-07-25 17:12:00,19.62, , , , 
2020-07-25 17:13:00,19.65, , , , 
2020-07-25 17:14:00,19.65, , , , 
2020-07-25 17:15:00,19.62, , , , 
2020-07-25 17:16:00,19.61, , , , 
2020-07-25 17:17:00,19.62, , , , 
2020-07-25 17:18:00,19.61, , , , 
2020-07-25 17:19:00,19.61, , , , 
2020-07-25 17:20:00,19.62, , , , 
2020-07-25 17:21:00,19.63, , , , 
2020-07-25 17:22:00,19.66, , , , 
2020-07-25 17:23:00,19.63, , , , 
2020-07-25 17:24:00,19.63, , , , 
2020-07-25 17:25:00,19.62, , , , 
2020-07-25 17:26:00,19.61, , , , 
2020-07-25 17:27:00,19.61, , , , 
2020-07-25 17:28:00,19.58, , , , 
2020-07-25 17:29:00,19.57, , , , 
2020-07-25 17:30:00,19.57, , , , 
2020-07-25 17:31:00,19.57, , , , 
2020-07-25 17:32:00,19.58, , , , 
2020-07-25 17:33:00,19.60, , , , 
2020-07-25 17:34:00,19.58, , , , 
2020-07-25 17:35:00,19.58, , , , 
2020-07-25 17:36:00,19.57, , , , 
2020-07-25 17:37:00,19.56, , , , 
2020-07-25 17:38:00,19.55, , , , 
2020-07-25 17:39:00,19.55, , , , 
2020-07-25 17:40:00,19.58, , , , 
2020-07-25 17:41:00,19.57, , , , 
2020-07-25 17:42:00,19.57, , , , 
2020-07-25 17:43:00,19.60, , , , 
2020-07-25 17:44:00,19.59, , , , 
2020-07-25 17:45:00,19.55, , , , 
2020-07-25 17:46:00,19.55, , , , 
2020-07-25 17:47:00,19.53, , , , 
2020-07-25 17:48:00,19.58, , , , 
2020-07-25 17:49:00,19.54, , , , 
2020-07-25 17:50:00,19.58, , , , 
2020-07-25 17:51:00,19.58, , , , 
2020-07-25 17:52:00,19.58, , , , 
2020-07-25 17:53:00,19.56, , , , 
2020-07-25 17:54:00,19.57, , , , 
2020-07-25 17:55:00,19.55, , , , 
2020-07-25 17:56:00,19.54, , , , 
2020-07-25 17:57:00,19.56, , , , 
2020-07-25 17:58:00,19.59, , , , 
2020-07-25 17:59:00,19.58, , , , 
2020-07-25 18:00:00,19.57, , , , 
2020-07-25 18:01:00,19.57, , , , 
2020-07-25 18:02:00,19.54, , , , 
2020-07-25 18:03:00,19.54, , , , 
2020-07-25 18:04:00,19.55, , , , 
2020-07-25 18:05:00,19.56, , , , 
2020-07-25 18:06:00,19.57, , , , 
2020-07-25 18:07:00,19.57, , , , 
2020-07-25 18:08:00,19.57, , , , 
2020-07-25 18:09:00,19.57, , , , 
2020-07-25 18:10:00,19.60, , , , 
2020-07-25 18:11:00,19.57, , , , 
2020-07-25 18:12:00,19.56, , , , 
2020-07-25 18:13:00,19.55, , , , 
2020-07-25 18:14:00,19.55, , , , 
2020-07-25 18:15:00,19.55, , , , 
2020-07-25 18:16:00,19.55, , , , 
2020-07-25 18:17:00,19.58, , , , 
2020-07-25 18:18:00,19.60, , , , 
2020-07-25 18:19:00,19.61, , , , 
2020-07-25 18:20:00,19.60, , , , 
2020-07-25 18:21:00,19.61, , , , 
2020-07-25 18:22:00,19.63, , , , 
2020-07-25 18:23:00,19.60, , , , 
2020-07-25 18:24:00,19.61, , , , 
2020-07-25 18:25:00,19.61, , , , 
2020-07-25 18:26:00,19.60, , , , 
2020-07-25 18:27:00,19.60, , , , 
2020-07-25 18:28:00,19.62, , , , 
2020-07-25 18:29:00,19.62, , , , 
2020-07-25 18:30:00,19.62, , , , 
2020-07-25 18:31:00,19.61, , , , 
2020-07-25 18:32:00,19.63, , , , 
2020-07-25 18:33:00,19.61, , , , 
2020-07-25 18:34:00,19.60, , , , 
2020-07-25 18:35:00,19.61, , , , 
2020-07-25 18:36:00,19.60, , , , 
2020-07-25 18:37:00,19.62, , , , 
2020-07-25 18:38:00,19.63, , , , 
2020-07-25 18:39:00,19.63, , , , 
2020-07-25 18:40:00,19.61, , , , 
2020-07-25 18:41:00,19.61, , , , 
2020-07-25 18:42:00,19.62, , , , 
2020-07-25 18:43:00,19.61, , , , 
2020-07-25 18:44:00,19.60, , , , 
2020-07-25 18:45:00,19.59, , , , 
2020-07-25 18:46:00,19.61, , , , 
2020-07-25 18:47:00,19.63, , , , 
2020-07-25 18:48:00,19.63, , , , 
2020-07-25 18:49:00,19.63, , , , 
2020-07-25 18:50:00,19.62, , , , 
2020-07-25 18:51:00,19.60, , , , 
2020-07-25 18:52:00,19.60, , , , 
2020-07-25 18:53:00,19.61, , , , 
2020-07-25 18:54:00,19.61, , , , 
2020-07-25 18:55:00,19.61, , , , 
2020-07-25 18:56:00,19.65, , , , 
2020-07-25 18:57:00,19.65, , , , 
2020-07-25 18:58:00,19.62, , , , 
2020-07-25 18:59:00,19.61, , , , 
2020-07-25 19:00:00,19.61, , , , 
2020-07-25 19:01:00,19.60, , , , 
2020-07-25 19:02:00,19.60, , , , 
2020-07-25 19:03:00,19.61, , , , 
2020-07-25 19:04:00,19.63, , , , 
2020-07-25 19:05:00,19.61, , , , 
2020-07-25 19:06:00,19.61, , , , 
2020-07-25 19:07:00,19.62, , , , 
2020-07-25 19:08:00,19.60, , , , 
2020-07-25 19:09:00,19.58, , , , 
2020-07-25 19:10:00,19.60, , , , 
2020-07-25 19:11:00,19.61, , , , 
2020-07-25 19:12:00,19.62, , , , 
2020-07-25 19:13:00,19.63, , , , 
2020-07-25 19:14:00,19.62, , , , 
2020-07-25 19:15:00,19.63, , , , 
2020-07-25 19:16:00,19.61, , , , 
2020-07-25 19:17:00,19.61, , , , 
2020-07-25 19:18:00,19.59, , , , 
2020-07-25 19:19:00,19.59, , , , 
2020-07-25 19:20:00,19.61, , , , 
2020-07-25 19:21:00,19.61, , , , 
2020-07-25 19:22:00,19.62, , , , 
2020-07-25 19:23:00,19.62, , , , 
2020-07-25 19:24:00,19.66, , , , 
2020-07-25 19:25:00,19.61, , , , 
2020-07-25 19:26:00,19.61, , , , 
2020-07-25 19:27:00,19.60, , , , 
2020-07-25 19:28:00,19.60, , , , 
2020-07-25 19:29:00,19.60, , , , 
2020-07-25 19:30:00,19.61, , , , 
2020-07-25 19:31:00,19.63, , , , 
2020-07-25 19:32:00,19.65, , , , 
2020-07-25 19:33:00,19.63, , , , 
2020-07-25 19:34:00,19.65, , , , 
2020-07-25 19:35:00,19.61, , , , 
2020-07-25 19:36:00,19.61, , , , 
2020-07-25 19:37:00,19.61, , , , 
2020-07-25 19:38:00,19.61, , , , 
2020-07-25 19:39:00,19.60, , , , 
2020-07-25 19:40:00,19.63, , , , 
2020-07-25 19:41:00,19.66, , , , 
2020-07-25 19:42:00,19.63, , , , 
2020-07-25 19:43:00,19.61, , , , 
2020-07-25 19:44:00,19.61, , , , 
2020-07-25 19:45:00,19.58, , , , 
2020-07-25 19:46:00,19.60, , , , 
2020-07-25 19:47:00,19.61, , , , 
2020-07-25 19:48:00,19.63, , , , 
2020-07-25 19:49:00,19.62, , , , 
2020-07-25 19:50:00,19.61, , , , 
2020-07-25 19:51:00,19.63, , , , 
2020-07-25 19:52:00,19.63, , , , 
2020-07-25 19:53:00,19.61, , , , 
2020-07-25 19:54:00,19.59, , , , 
2020-07-25 19:55:00,19.59, , , , 
2020-07-25 19:56:00,19.59, , , , 
2020-07-25 19:57:00,19.63, , , , 
2020-07-25 19:58:00,19.63, , , , 
2020-07-25 19:59:00,19.66, , , , 
2020-07-25 20:00:00,19.61, , , , 
2020-07-25 20:01:00,19.65, , , , 
2020-07-25 20:02:00,19.61, , , , 
2020-07-25 20:03:00,19.62, , , , 
2020-07-25 20:04:00,19.61, , , , 
2020-07-25 20:05:00,19.62, , , , 
2020-07-25 20:06:00,19.61, , , , 
2020-07-25 20:07:00,19.61, , , , 
2020-07-25 20:08:00,19.62, , , , 
2020-07-25 20:09:00,19.65, , , , 
2020-07-25 20:10:00,19.62, , , , 
2020-07-25 20:11:00,19.60, , , , 
2020-07-25 20:12:00,19.61, , , , 
2020-07-25 20:13:00,19.59, , , , 
2020-07-25 20:14:00,19.60, , , , 
2020-07-25 20:15:00,19.58, , , , 
2020-07-25 20:16:00,19.55, , , , 
2020-07-25 20:17:00,19.57, , , , 
2020-07-25 20:18:00,19.56, , , , 
2020-07-25 20:19:00,19.59, , , , 
2020-07-25 20:20:00,19.58, , , , 
2020-07-25 20:21:00,19.57, , , , 
2020-07-25 20:22:00,19.57, , , , 
2020-07-25 20:23:00,19.55, , , , 
2020-07-25 20:24:00,19.55, , , , 
2020-07-25 20:25:00,19.55, , , , 
2020-07-25 20:26:00,19.56, , , , 
2020-07-25 20:27:00,19.56, , , , 
2020-07-25 20:28:00,19.55, , , , 
2020-07-25 20:29:00,19.56, , , , 
2020-07-25 20:30:00,19.57, , , , 
2020-07-25 20:31:00,19.58, , , , 
2020-07-25 20:32:00,19.56, , , , 
2020-07-25 20:33:00,19.56, , , , 
2020-07-25 20:34:00,19.56, , , , 
2020-07-25 20:35:00,19.54, , , , 
2020-07-25 20:36:00,19.57, , , , 
2020-07-25 20:37:00,19.56, , , , 
2020-07-25 20:38:00,19.56, , , , 
2020-07-25 20:39:00,19.57, , , , 
2020-07-25 20:40:00,19.55, , , , 
2020-07-25 20:41:00,19.53, , , , 
2020-07-25 20:42:00,19.54, , , , 
2020-07-25 20:43:00,19.55, , , , 
2020-07-25 20:44:00,19.57, , , , 
2020-07-25 20:45:00,19.59, , , , 
2020-07-25 20:46:00,19.57, , , , 
2020-07-25 20:47:00,19.57, , , , 
2020-07-25 20:48:00,19.57, , , , 
2020-07-25 20:49:00,19.57, , , , 
2020-07-25 20:50:00,19.54, , , , 
2020-07-25 20:51:00,19.55, , , , 
2020-07-25 20:52:00,19.56, , , , 
2020-07-25 20:53:00,19.56, , , , 
2020-07-25 20:54:00,19.56, , , , 
2020-07-25 20:55:00,19.57, , , , 
2020-07-25 20:56:00,19.57, , , , 
2020-07-25 20:57:00,19.57, , , , 
2020-07-25 20:58:00,19.56, , , , 
2020-07-25 20:59:00,19.55, , , , 
2020-07-25 21:00:00,19.54, , , , 
2020-07-25 21:01:00,19.53, , , , 
2020-07-25 21:02:00,19.54, , , , 
2020-07-25 21:03:00,19.54, , , , 
2020-07-25 21:04:00,19.55, , , , 
2020-07-25 21:05:00,19.56, , , , 
2020-07-25 21:06:00,19.56, , , , 
2020-07-25 21:07:00,19.56, , , , 
2020-07-25 21:08:00,19.53, , , , 
2020-07-25 21:09:00,19.53, , , , 
2020-07-25 21:10:00,19.53, , , , 
2020-07-25 21:11:00,19.54, , , , 
2020-07-25 21:12:00,19.57, , , , 
2020-07-25 21:13:00,19.57, , , , 
2020-07-25 21:14:00,19.57, , , , 
2020-07-25 21:15:00,19.57, , , , 
2020-07-25 21:16:00,19.57, , , , 
2020-07-25 21:17:00,19.56, , , , 
2020-07-25 21:18:00,19.54, , , , 
2020-07-25 21:19:00,19.56, , , , 
2020-07-25 21:20:00,19.56, , , , 
2020-07-25 21:21:00,19.57, , , , 
2020-07-25 21:22:00,19.57, , , , 
2020-07-25 21:23:00,19.57, , , , 
2020-07-25 21:24:00,19.55, , , , 
2020-07-25 21:25:00,19.55, , , , 
2020-07-25 21:26:00,19.54, , , , 
2020-07-25 21:27:00,19.53, , , , 
2020-07-25 21:28:00,19.55, , , , 
2020-07-25 21:29:00,19.55, , , , 
2020-07-25 21:30:00,19.57, , , , 
2020-07-25 21:31:00,19.57, , , , 
2020-07-25 21:32:00,19.55, , , , 
2020-07-25 21:33:00,19.56, , , , 
2020-07-25 21:34:00,19.54, , , , 
2020-07-25 21:35:00,19.55, , , , 
2020-07-25 21:36:00,19.53, , , , 
2020-07-25 21:37:00,19.56, , , , 
2020-07-25 21:38:00,19.55, , , , 
2020-07-25 21:39:00,19.54, , , , 
2020-07-25 21:40:00,19.56, , , , 
2020-07-25 21:41:00,19.54, , , , 
2020-07-25 21:42:00,19.56, , , , 
2020-07-25 21:43:00,19.54, , , , 
2020-07-25 21:44:00,19.55, , , , 
2020-07-25 21:45:00,19.53, , , , 
2020-07-25 21:46:00,19.54, , , , 
2020-07-25 21:47:00,19.53, , , , 
2020-07-25 21:48:00,19.56, , , , 
2020-07-25 21:49:00,19.56, , , , 
2020-07-25 21:50:00,19.56, , , , 
2020-07-25 21:51:00,19.57, , , , 
2020-07-25 21:52:00,19.55, , , , 
2020-07-25 21:53:00,19.55, , , , 
2020-07-25 21:54:00,19.53, , , , 
2020-07-25 21:55:00,19.53, , , , 
2020-07-25 21:56:00,19.54, , , , 
2020-07-25 21:57:00,19.55, , , , 
2020-07-25 21:58:00,19.54, , , , 
2020-07-25 21:59:00,19.56, , , , 
2020-07-25 22:00:00,19.57, , , , 
2020-07-25 22:01:00,19.57, , , , 
2020-07-25 22:02:00,19.57, , , , 
2020-07-25 22:03:00,19.54, , , , 
2020-07-25 22:04:00,19.54, , , , 
2020-07-25 22:05:00,19.54, , , , 
2020-07-25 22:06:00,19.54, , , , 
2020-07-25 22:07:00,19.55, , , , 
2020-07-25 22:08:00,19.56, , , , 
2020-07-25 22:09:00,19.56, , , , 
2020-07-25 22:10:00,19.53, , , , 
2020-07-25 22:11:00,19.56, , , , 
2020-07-25 22:12:00,19.55, , , , 
2020-07-25 22:13:00,19.55, , , , 
2020-07-25 22:14:00,19.53, , , , 
2020-07-25 22:15:00,19.53, , , , 
2020-07-25 22:16:00,19.56, , , , 
2020-07-25 22:17:00,19.57, , , , 
2020-07-25 22:18:00,19.56, , , , 
2020-07-25 22:19:00,19.58, , , , 
2020-07-25 22:20:00,19.56, , , , 
2020-07-25 22:21:00,19.57, , , , 
2020-07-25 22:22:00,19.53, , , , 
2020-07-25 22:23:00,19.53, , , , 
2020-07-25 22:24:00,19.53, , , , 
2020-07-25 22:25:00,19.53, , , , 
2020-07-25 22:26:00,19.56, , , , 
2020-07-25 22:27:00,19.57, , , , 
2020-07-25 22:28:00,19.57, , , , 
2020-07-25 22:29:00,19.57, , , , 
2020-07-25 22:30:00,19.55, , , , 
2020-07-25 22:31:00,19.56, , , , 
2020-07-25 22:32:00,19.53, , , , 
2020-07-25 22:33:00,19.55, , , , 
2020-07-25 22:34:00,19.52, , , , 
2020-07-25 22:35:00,19.56, , , , 
2020-07-25 22:36:00,19.57, , , , 
2020-07-25 22:37:00,19.58, , , , 
2020-07-25 22:38:00,19.57, , , , 
2020-07-25 22:39:00,19.55, , , , 
2020-07-25 22:40:00,19.56, , , , 
2020-07-25 22:41:00,19.52, , , , 
2020-07-25 22:42:00,19.54, , , , 
2020-07-25 22:43:00,19.55, , , , 
2020-07-25 22:44:00,19.55, , , , 
2020-07-25 22:45:00,19.57, , , , 
2020-07-25 22:46:00,19.58, , , , 
2020-07-25 22:47:00,19.56, , , , 
2020-07-25 22:48:00,19.56, , , , 
2020-07-25 22:49:00,19.54, , , , 
2020-07-25 22:50:00,19.52, , , , 
2020-07-25 22:51:00,19.57, , , , 
2020-07-25 22:52:00,19.54, , , , 
2020-07-25 22:53:00,19.53, , , , 
2020-07-25 22:54:00,19.58, , , , 
2020-07-25 22:55:00,19.57, , , , 
2020-07-25 22:56:00,19.57, , , , 
2020-07-25 22:57:00,19.57, , , , 
2020-07-25 22:58:00,19.57, , , , 
2020-07-25 22:59:00,19.54, , , , 
2020-07-25 23:00:00,19.54, , , , 
2020-07-25 23:01:00,19.53, , , , 
2020-07-25 23:02:00,19.52, , , , 
2020-07-25 23:03:00,19.54, , , , 
2020-07-25 23:04:00,19.57, , , , 
2020-07-25 23:05:00,19.57, , , , 
2020-07-25 23:06:00,19.59, , , , 
2020-07-25 23:07:00,19.59, , , , 
2020-07-25 23:08:00,19.58, , , , 
2020-07-25 23:09:00,19.59, , , , 
2020-07-25 23:10:00,19.61, , , , 
2020-07-25 23:11:00,19.58, , , , 
2020-07-25 23:12:00,19.60, , , , 
2020-07-25 23:13:00,19.58, , , , 
2020-07-25 23:14:00,19.61, , , , 
2020-07-25 23:15:00,19.61, , , , 
2020-07-25 23:16:00,19.61, , , , 
2020-07-25 23:17:00,19.62, , , , 
2020-07-25 23:18:00,19.60, , , , 
2020-07-25 23:19:00,19.60, , , , 
2020-07-25 23:20:00,19.59, , , , 
2020-07-25 23:21:00,19.58, , , , 
2020-07-25 23:22:00,19.58, , , , 
2020-07-25 23:23:00,19.58, , , , 
2020-07-25 23:24:00,19.62, , , , 
2020-07-25 23:25:00,19.65, , , , 
2020-07-25 23:26:00,19.61, , , , 
2020-07-25 23:27:00,19.60, , , , 
2020-07-25 23:28:00,19.59, , , , 
2020-07-25 23:29:00,19.60, , , , 
2020-07-25 23:30:00,19.58, , , , 
2020-07-25 23:31:00,19.60, , , , 
2020-07-25 23:32:00,19.60, , , , 
2020-07-25 23:33:00,19.61, , , , 
2020-07-25 23:34:00,19.60, , , , 
2020-07-25 23:35:00,19.60, , , , 
2020-07-25 23:36:00,19.60, , , , 
2020-07-25 23:37:00,19.58, , , , 
2020-07-25 23:38:00,19.58, , , , 
2020-07-25 23:39:00,19.59, , , , 
2020-07-25 23:40:00,19.61, , , , 
2020-07-25 23:41:00,19.61, , , , 
2020-07-25 23:42:00,19.62, , , , 
2020-07-25 23:43:00,19.62, , , , 
2020-07-25 23:44:00,19.61, , , , 
2020-07-25 23:45:00,19.60, , , , 
2020-07-25 23:46:00,19.58, , , , 
2020-07-25 23:47:00,19.60, , , , 
2020-07-25 23:48:00,19.59, , , , 
2020-07-25 23:49:00,19.60, , , , 
2020-07-25 23:50:00,19.61, , , , 
2020-07-25 23:51:00,19.61, , , , 
2020-07-25 23:52:00,19.63, , , , 
2020-07-25 23:53:00,19.61, , , , 
2020-07-25 23:54:00,19.61, , , , 
2020-07-25 23:55:00,19.61, , , , 
2020-07-25 23:56:00,19.59, , , , 
2020-07-25 23:57:00,19.59, , , , 
2020-07-25 23:58:00,19.61, , , , 
2020-07-25 23:59:00,19.62, , , , 
2020-07-26 00:00:00,19.61, , , , 
2020-07-26 00:01:00,19.61, , , , 
2020-07-26 00:02:00,19.61, , , , 
2020-07-26 00:03:00,19.60, , , , 
2020-07-26 00:04:00,19.60, , , , 
2020-07-26 00:05:00,19.60, , , , 
2020-07-26 00:06:00,19.61, , , , 
2020-07-26 00:07:00,19.59, , , , 
2020-07-26 00:08:00,19.61, , , , 
2020-07-26 00:09:00,19.65, , , , 
2020-07-26 00:10:00,19.63, , , , 
2020-07-26 00:11:00,19.63, , , , 
2020-07-26 00:12:00,19.61, , , , 
2020-07-26 00:13:00,19.61, , , , 
2020-07-26 00:14:00,19.59, , , , 
2020-07-26 00:15:00,19.60, , , , 
2020-07-26 00:16:00,19.61, , , , 
2020-07-26 00:17:00,19.61, , , , 
2020-07-26 00:18:00,19.63, , , , 
2020-07-26 00:19:00,19.62, , , , 
2020-07-26 00:20:00,19.61, , , , 
2020-07-26 00:21:00,19.60, , , , 
2020-07-26 00:22:00,19.62, , , , 
2020-07-26 00:23:00,19.58, , , , 
2020-07-26 00:24:00,19.60, , , , 
2020-07-26 00:25:00,19.60, , , , 
2020-07-26 00:26:00,19.61, , , , 
2020-07-26 00:27:00,19.62, , , , 
2020-07-26 00:28:00,19.60, , , , 
2020-07-26 00:29:00,19.60, , , , 
2020-07-26 00:30:00,19.59, , , , 
2020-07-26 00:31:00,19.58, , , , 
2020-07-26 00:32:00,19.60, , , , 
2020-07-26 00:33:00,19.59, , , , 
2020-07-26 00:34:00,19.57, , , , 
2020-07-26 00:35:00,19.61, , , , 
2020-07-26 00:36:00,19.65, , , , 
2020-07-26 00:37:00,19.61, , , , 
2020-07-26 00:38:00,19.63, , , , 
2020-07-26 00:39:00,19.60, , , , 
2020-07-26 00:40:00,19.60, , , , 
2020-07-26 00:41:00,19.59, , , , 
2020-07-26 00:42:00,19.58, , , , 
2020-07-26 00:43:00,19.56, , , , 
2020-07-26 00:44:00,19.59, , , , 
2020-07-26 00:45:00,19.62, , , , 
2020-07-26 00:46:00,19.61, , , , 
2020-07-26 00:47:00,19.61, , , , 
2020-07-26 00:48:00,19.62, , , , 
2020-07-26 00:49:00,19.61, , , , 
2020-07-26 00:50:00,19.60, , , , 
2020-07-26 00:51:00,19.60, , , , 
2020-07-26 00:52:00,19.59, , , , 
2020-07-26 00:53:00,19.60, , , , 
2020-07-26 00:54:00,19.61, , , , 
2020-07-26 00:55:00,19.63, , , , 
2020-07-26 00:56:00,19.65, , , , 
2020-07-26 00:57:00,19.60, , , , 
2020-07-26 00:58:00,19.61, , , , 
2020-07-26 00:59:00,19.58, , , , 
2020-07-26 01:00:00,19.60, , , , 
2020-07-26 01:01:00,19.60, , , , 
2020-07-26 01:02:00,19.59, , , , 
2020-07-26 01:03:00,19.60, , , , 
2020-07-26 01:04:00,19.62, , , , 
2020-07-26 01:05:00,19.61, , , , 
2020-07-26 01:06:00,19.61, , , , 
2020-07-26 01:07:00,19.61, , , , 
2020-07-26 01:08:00,19.59, , , , 
2020-07-26 01:09:00,19.59, , , , 
2020-07-26 01:10:00,19.58, , , , 
2020-07-26 01:11:00,19.57, , , , 
2020-07-26 01:12:00,19.56, , , , 
2020-07-26 01:13:00,19.56, , , , 
2020-07-26 01:14:00,19.56, , , , 
2020-07-26 01:15:00,19.57, , , , 
2020-07-26 01:16:00,19.59, , , , 
2020-07-26 01:17:00,19.56, , , , 
2020-07-26 01:18:00,19.56, , , , 
2020-07-26 01:19:00,19.58, , , , 
2020-07-26 01:20:00,19.54, , , , 
2020-07-26 01:21:00,19.56, , , , 
2020-07-26 01:22:00,19.54, , , , 
2020-07-26 01:23:00,19.57, , , , 
2020-07-26 01:24:00,19.56, , , , 
2020-07-26 01:25:00,19.56, , , , 
2020-07-26 01:26:00,19.57, , , , 
2020-07-26 01:27:00,19.53, , , , 
2020-07-26 01:28:00,19.53, , , , 
2020-07-26 01:29:00,19.53, , , , 
2020-07-26 01:30:00,19.53, , , , 
2020-07-26 01:31:00,19.52, , , , 
2020-07-26 01:32:00,19.56, , , , 
2020-07-26 01:33:00,19.56, , , , 
2020-07-26 01:34:00,19.57, , , , 
2020-07-26 01:35:00,19.57, , , , 
2020-07-26 01:36:00,19.54, , , , 
2020-07-26 01:37:00,19.53, , , , 
2020-07-26 01:38:00,19.53, , , , 
2020-07-26 01:39:00,19.54, , , , 
2020-07-26 01:40:00,19.53, , , , 
2020-07-26 01:41:00,19.56, , , , 
2020-07-26 01:42:00,19.55, , , , 
2020-07-26 01:43:00,19.57, , , , 
2020-07-26 01:44:00,19.57, , , , 
2020-07-26 01:45:00,19.54, , , , 
2020-07-26 01:46:00,19.53, , , , 
2020-07-26 01:47:00,19.53, , , , 
2020-07-26 01:48:00,19.53, , , , 
2020-07-26 01:49:00,19.55, , , , 
2020-07-26 01:50:00,19.57, , , , 
2020-07-26 01:51:00,19.56, , , , 
2020-07-26 01:52:00,19.57, , , , 
2020-07-26 01:53:00,19.55, , , , 
2020-07-26 01:54:00,19.53, , , , 
2020-07-26 01:55:00,19.53, , , , 
2020-07-26 01:56:00,19.52, , , , 
2020-07-26 01:57:00,19.52, , , , 
2020-07-26 01:58:00,19.57, , , , 
2020-07-26 01:59:00,19.57, , , , 
2020-07-26 02:00:00,19.57, , , , 
2020-07-26 02:01:00,19.57, , , , 
2020-07-26 02:02:00,19.55, , , , 
2020-07-26 02:03:00,19.55, , , , 
2020-07-26 02:04:00,19.55, , , , 
2020-07-26 02:05:00,19.53, , , , 
2020-07-26 02:06:00,19.55, , , , 
2020-07-26 02:07:00,19.55, , , , 
2020-07-26 02:08:00,19.57, , , , 
2020-07-26 02:09:00,19.57, , , , 
2020-07-26 02:10:00,19.55, , , , 
2020-07-26 02:11:00,19.56, , , , 
2020-07-26 02:12:00,19.55, , , , 
2020-07-26 02:13:00,19.53, , , , 
2020-07-26 02:14:00,19.53, , , , 
2020-07-26 02:15:00,19.52, , , , 
2020-07-26 02:16:00,19.55, , , , 
2020-07-26 02:17:00,19.54, , , , 
2020-07-26 02:18:00,19.56, , , , 
2020-07-26 02:19:00,19.57, , , , 
2020-07-26 02:20:00,19.56, , , , 
2020-07-26 02:21:00,19.56, , , , 
2020-07-26 02:22:00,19.56, , , , 
2020-07-26 02:23:00,19.55, , , , 
2020-07-26 02:24:00,19.53, , , , 
2020-07-26 02:25:00,19.53, , , , 
2020-07-26 02:26:00,19.54, , , , 
2020-07-26 02:27:00,19.55, , , , 
2020-07-26 02:28:00,19.56, , , , 
2020-07-26 02:29:00,19.57, , , , 
2020-07-26 02:30:00,19.57, , , , 
2020-07-26 02:31:00,19.52, , , , 
2020-07-26 02:32:00,19.53, , , , 
2020-07-26 02:33:00,19.54, , , , 
2020-07-26 02:34:00,19.53, , , , 
2020-07-26 02:35:00,19.56, , , , 
2020-07-26 02:36:00,19.56, , , , 
2020-07-26 02:37:00,19.57, , , , 
2020-07-26 02:38:00,19.55, , , , 
2020-07-26 02:39:00,19.54, , , , 
2020-07-26 02:40:00,19.52, , , , 
2020-07-26 02:41:00,19.52, , , , 
2020-07-26 02:42:00,19.53, , , , 
2020-07-26 02:43:00,19.54, , , , 
2020-07-26 02:44:00,19.55, , , , 
2020-07-26 02:45:00,19.55, , , , 
2020-07-26 02:46:00,19.57, , , , 
2020-07-26 02:47:00,19.56, , , , 
2020-07-26 02:48:00,19.57, , , , 
2020-07-26 02:49:00,19.54, , , , 
2020-07-26 02:50:00,19.55, , , , 
2020-07-26 02:51:00,19.52, , , , 
2020-07-26 02:52:00,19.52, , , , 
2020-07-26 02:53:00,19.53, , , , 
2020-07-26 02:54:00,19.54, , , , 
2020-07-26 02:55:00,19.56, , , , 
2020-07-26 02:56:00,19.58, , , , 
2020-07-26 02:57:00,19.59, , , , 
2020-07-26 02:58:00,19.60, , , , 
2020-07-26 02:59:00,19.60, , , , 
2020-07-26 03:00:00,19.60, , , , 
2020-07-26 03:01:00,19.60, , , , 
2020-07-26 03:02:00,19.58, , , , 
2020-07-26 03:03:00,19.58, , , , 
2020-07-26 03:04:00,19.58, , , , 
2020-07-26 03:05:00,19.58, , , , 
2020-07-26 03:06:00,19.58, , , , 
2020-07-26 03:07:00,19.61, , , , 
2020-07-26 03:08:00,19.61, , , , 
2020-07-26 03:09:00,19.60, , , , 
2020-07-26 03:10:00,19.60, , , , 
2020-07-26 03:11:00,19.59, , , , 
2020-07-26 03:12:00,19.59, , , , 
2020-07-26 03:13:00,19.60, , , , 
2020-07-26 03:14:00,19.61, , , , 
2020-07-26 03:15:00,19.61, , , , 
2020-07-26 03:16:00,19.61, , , , 
2020-07-26 03:17:00,19.62, , , , 
2020-07-26 03:18:00,19.60, , , , 
2020-07-26 03:19:00,19.59, , , , 
2020-07-26 03:20:00,19.57, , , , 
2020-07-26 03:21:00,19.59, , , , 
2020-07-26 03:22:00,19.58, , , , 
2020-07-26 03:23:00,19.61, , , , 
2020-07-26 03:24:00,19.62, , , , 
2020-07-26 03:25:00,19.62, , , , 
2020-07-26 03:26:00,19.61, , , , 
2020-07-26 03:27:00,19.61, , , , 
2020-07-26 03:28:00,19.57, , , , 
2020-07-26 03:29:00,19.58, , , , 
2020-07-26 03:30:00,19.58, , , , 
2020-07-26 03:31:00,19.59, , , , 
2020-07-26 03:32:00,19.62, , , , 
2020-07-26 03:33:00,19.61, , , , 
2020-07-26 03:34:00,19.65, , , , 
2020-07-26 03:35:00,19.61, , , , 
2020-07-26 03:36:00,19.60, , , , 
2020-07-26 03:37:00,19.60, , , , 
2020-07-26 03:38:00,19.57, , , , 
2020-07-26 03:39:00,19.57, , , , 
2020-07-26 03:40:00,19.60, , , , 
2020-07-26 03:41:00,19.61, , , , 
2020-07-26 03:42:00,19.61, , , , 
2020-07-26 03:43:00,19.62, , , , 
2020-07-26 03:44:00,19.63, , , , 
2020-07-26 03:45:00,19.63, , , , 
2020-07-26 03:46:00,19.59, , , , 
2020-07-26 03:47:00,19.59, , , , 
2020-07-26 03:48:00,19.59, , , , 
2020-07-26 03:49:00,19.59, , , , 
2020-07-26 03:50:00,19.60, , , , 
2020-07-26 03:51:00,19.62, , , , 
2020-07-26 03:52:00,19.60, , , , 
2020-07-26 03:53:00,19.62, , , , 
2020-07-26 03:54:00,19.60, , , , 
2020-07-26 03:55:00,19.61, , , , 
2020-07-26 03:56:00,19.59, , , , 
2020-07-26 03:57:00,19.59, , , , 
2020-07-26 03:58:00,19.58, , , , 
2020-07-26 03:59:00,19.60, , , , 
2020-07-26 04:00:00,19.62, , , , 
2020-07-26 04:01:00,19.62, , , , 
2020-07-26 04:02:00,19.63, , , , 
2020-07-26 04:03:00,19.61, , , , 
2020-07-26 04:04:00,19.61, , , , 
2020-07-26 04:05:00,19.60, , , , 
2020-07-26 04:06:00,19.60, , , , 
2020-07-26 04:07:00,19.60, , , , 
2020-07-26 04:08:00,19.60, , , , 
2020-07-26 04:09:00,19.61, , , , 
2020-07-26 04:10:00,19.61, , , , 
2020-07-26 04:11:00,19.60, , , , 
2020-07-26 04:12:00,19.61, , , , 
2020-07-26 04:13:00,19.61, , , , 
2020-07-26 04:14:00,19.61, , , , 
2020-07-26 04:15:00,19.57, , , , 
2020-07-26 04:16:00,19.59, , , , 
2020-07-26 04:17:00,19.60, , , , 
2020-07-26 04:18:00,19.61, , , , 
2020-07-26 04:19:00,19.63, , , , 
2020-07-26 04:20:00,19.63, , , , 
2020-07-26 04:21:00,19.61, , , , 
2020-07-26 04:22:00,19.60, , , , 
2020-07-26 04:23:00,19.58, , , , 
2020-07-26 04:24:00,19.59, , , , 
2020-07-26 04:25:00,19.60, , , , 
2020-07-26 04:26:00,19.59, , , , 
2020-07-26 04:27:00,19.62, , , , 
2020-07-26 04:28:00,19.62, , , , 
2020-07-26 04:29:00,19.62, , , , 
2020-07-26 04:30:00,19.60, , , , 
2020-07-26 04:31:00,19.62, , , , 
2020-07-26 04:32:00,19.57, , , , 
2020-07-26 04:33:00,19.60, , , , 
2020-07-26 04:34:00,19.60, , , , 
2020-07-26 04:35:00,19.58, , , , 
2020-07-26 04:36:00,19.59, , , , 
2020-07-26 04:37:00,19.61, , , , 
2020-07-26 04:38:00,19.61, , , , 
2020-07-26 04:39:00,19.61, , , , 
2020-07-26 04:40:00,19.60, , , , 
2020-07-26 04:41:00,19.59, , , , 
2020-07-26 04:42:00,19.59, , , , 
2020-07-26 04:43:00,19.58, , , , 
2020-07-26 04:44:00,19.60, , , , 
2020-07-26 04:45:00,19.61, , , , 
2020-07-26 04:46:00,19.61, , , , 
2020-07-26 04:47:00,19.62, , , , 
2020-07-26 04:48:00,19.65, , , , 
2020-07-26 04:49:00,19.62, , , , 
2020-07-26 04:50:00,19.58, , , , 
2020-07-26 04:51:00,19.58, , , , 
2020-07-26 04:52:00,19.59, , , , 
2020-07-26 04:53:00,19.61, , , , 
2020-07-26 04:54:00,19.59, , , , 
2020-07-26 04:55:00,19.61, , , , 
2020-07-26 04:56:00,19.63, , , , 
2020-07-26 04:57:00,19.61, , , , 
2020-07-26 04:58:00,19.61, , , , 
2020-07-26 04:59:00,19.58, , , , 
2020-07-26 05:00:00,19.59, , , , 
2020-07-26 05:01:00,19.61, , , , 
2020-07-26 05:02:00,19.60, , , , 
2020-07-26 05:03:00,19.61, , , , 
2020-07-26 05:04:00,19.61, , , , 
2020-07-26 05:05:00,19.63, , , , 
2020-07-26 05:06:00,19.62, , , , 
2020-07-26 05:07:00,19.60, , , , 
2020-07-26 05:08:00,19.59, , , , 
2020-07-26 05:09:00,19.59, , , , 
2020-07-26 05:10:00,19.60, , , , 
2020-07-26 05:11:00,19.58, , , , 
2020-07-26 05:12:00,19.60, , , , 
2020-07-26 05:13:00,19.61, , , , 
2020-07-26 05:14:00,19.61, , , , 
2020-07-26 05:15:00,19.63, , , , 
2020-07-26 05:16:00,19.59, , , , 
2020-07-26 05:17:00,19.59, , , , 
2020-07-26 05:18:00,19.57, , , , 
2020-07-26 05:19:00,19.57, , , , 
2020-07-26 05:20:00,19.59, , , , 
2020-07-26 05:21:00,19.60, , , , 
2020-07-26 05:22:00,19.61, , , , 
2020-07-26 05:23:00,19.62, , , , 
2020-07-26 05:24:00,19.62, , , , 
2020-07-26 05:25:00,19.62, , , , 
2020-07-26 05:26:00,19.59, , , , 
2020-07-26 05:27:00,19.59, , , , 
2020-07-26 05:28:00,19.58, , , , 
2020-07-26 05:29:00,19.57, , , , 
2020-07-26 05:30:00,19.61, , , , 
2020-07-26 05:31:00,19.61, , , , 
2020-07-26 05:32:00,19.63, , , , 
2020-07-26 05:33:00,19.65, , , , 
2020-07-26 05:34:00,19.60, , , , 
2020-07-26 05:35:00,19.59, , , , 
2020-07-26 05:36:00,19.62, , , , 
2020-07-26 05:37:00,19.58, , , , 
2020-07-26 05:38:00,19.60, , , , 
2020-07-26 05:39:00,19.61, , , , 
2020-07-26 05:40:00,19.60, , , , 
2020-07-26 05:41:00,19.61, , , , 
2020-07-26 05:42:00,19.61, , , , 
2020-07-26 05:43:00,19.62, , , , 
2020-07-26 05:44:00,19.63, , , , 
2020-07-26 05:45:00,19.61, , , , 
2020-07-26 05:46:00,19.59, , , , 
2020-07-26 05:47:00,19.59, , , , 
2020-07-26 05:48:00,19.59, , , , 
2020-07-26 05:49:00,19.60, , , , 
2020-07-26 05:50:00,19.61, , , , 
2020-07-26 05:51:00,19.63, , , , 
2020-07-26 05:52:00,19.63, , , , 
2020-07-26 05:53:00,19.62, , , , 
2020-07-26 05:54:00,19.61, , , , 
2020-07-26 05:55:00,19.58, , , , 
2020-07-26 05:56:00,19.59, , , , 
2020-07-26 05:57:00,19.60, , , , 
2020-07-26 05:58:00,19.59, , , , 
2020-07-26 05:59:00,19.60, , , , 
2020-07-26 06:00:00,19.62, , , , 
2020-07-26 06:01:00,19.61, , , , 
2020-07-26 06:02:00,19.61, , , , 
2020-07-26 06:03:00,19.61, , , , 
2020-07-26 06:04:00,19.60, , , , 
2020-07-26 06:05:00,19.58, , , , 
2020-07-26 06:06:00,19.61, , , , 
2020-07-26 06:07:00,19.60, , , , 
2020-07-26 06:08:00,19.61, , , , 
2020-07-26 06:09:00,19.61, , , , 
2020-07-26 06:10:00,19.66, , , , 
2020-07-26 06:11:00,19.61, , , , 
2020-07-26 06:12:00,19.60, , , , 
2020-07-26 06:13:00,19.60, , , , 
2020-07-26 06:14:00,19.60, , , , 
2020-07-26 06:15:00,19.61, , , , 
2020-07-26 06:16:00,19.60, , , , 
2020-07-26 06:17:00,19.58, , , , 
2020-07-26 06:18:00,19.60, , , , 
2020-07-26 06:19:00,19.62, , , , 
2020-07-26 06:20:00,19.60, , , , 
2020-07-26 06:21:00,19.61, , , , 
2020-07-26 06:22:00,19.60, , , , 
2020-07-26 06:23:00,19.59, , , , 
2020-07-26 06:24:00,19.58, , , , 
2020-07-26 06:25:00,19.59, , , , 
2020-07-26 06:26:00,19.57, , , , 
2020-07-26 06:27:00,19.61, , , , 
2020-07-26 06:28:00,19.62, , , , 
2020-07-26 06:29:00,19.62, , , , 
2020-07-26 06:30:00,19.61, , , , 
2020-07-26 06:31:00,19.61, , , , 
2020-07-26 06:32:00,19.57, , , , 
2020-07-26 06:33:00,19.59, , , , 
2020-07-26 06:34:00,19.57, , , , 
2020-07-26 06:35:00,19.61, , , , 
2020-07-26 06:36:00,19.61, , , , 
2020-07-26 06:37:00,19.61, , , , 
2020-07-26 06:38:00,19.61, , , , 
2020-07-26 06:39:00,19.61, , , , 
2020-07-26 06:40:00,19.60, , , , 
2020-07-26 06:41:00,19.60, , , , 
2020-07-26 06:42:00,19.60, , , , 
2020-07-26 06:43:00,19.59, , , , 
2020-07-26 06:44:00,19.59, , , , 
2020-07-26 06:45:00,19.61, , , , 
2020-07-26 06:46:00,19.62, , , , 
2020-07-26 06:47:00,19.61, , , , 
2020-07-26 06:48:00,19.62, , , , 
2020-07-26 06:49:00,19.57, , , , 
2020-07-26 06:50:00,19.60, , , , 
2020-07-26 06:51:00,19.59, , , , 
2020-07-26 06:52:00,19.57, , , , 
2020-07-26 06:53:00,19.58, , , , 
2020-07-26 06:54:00,19.60, , , , 
2020-07-26 06:55:00,19.58, , , , 
2020-07-26 06:56:00,19.61, , , , 
2020-07-26 06:57:00,19.61, , , , 
2020-07-26 06:58:00,19.60, , , , 
2020-07-26 06:59:00,19.59, , , , 
2020-07-26 07:00:00,19.59, , , , 
2020-07-26 07:01:00,19.58, , , , 
2020-07-26 07:02:00,19.59, , , , 
2020-07-26 07:03:00,19.61, , , , 
2020-07-26 07:04:00,19.62, , , , 
2020-07-26 07:05:00,19.60, , , , 
2020-07-26 07:06:00,19.61, , , , 
2020-07-26 07:07:00,19.63, , , , 
2020-07-26 07:08:00,19.61, , , , 
2020-07-26 07:09:00,19.60, , , , 
2020-07-26 07:10:00,19.59, , , , 
2020-07-26 07:11:00,19.59, , , , 
2020-07-26 07:12:00,19.59, , , , 
2020-07-26 07:13:00,19.61, , , , 
2020-07-26 07:14:00,19.61, , , , 
2020-07-26 07:15:00,19.61, , , , 
2020-07-26 07:16:00,19.61, , , , 
2020-07-26 07:17:00,19.61, , , , 
2020-07-26 07:18:00,19.60, , , , 
2020-07-26 07:19:00,19.61, , , , 
2020-07-26 07:20:00,19.58, , , , 
2020-07-26 07:21:00,19.57, , , , 
2020-07-26 07:22:00,19.60, , , , 
2020-07-26 07:23:00,19.60, , , , 
2020-07-26 07:24:00,19.62, , , , 
2020-07-26 07:25:00,19.60, , , , 
2020-07-26 07:26:00,19.58, , , , 
2020-07-26 07:27:00,19.59, , , , 
2020-07-26 07:28:00,19.60, , , , 
2020-07-26 07:29:00,19.56, , , , 
2020-07-26 07:30:00,19.57, , , , 
2020-07-26 07:31:00,19.61, , , , 
2020-07-26 07:32:00,19.59, , , , 
2020-07-26 07:33:00,19.61, , , , 
2020-07-26 07:34:00,19.61, , , , 
2020-07-26 07:35:00,19.62, , , , 
2020-07-26 07:36:00,19.59, , , , 
2020-07-26 07:37:00,19.59, , , , 
2020-07-26 07:38:00,19.58, , , , 
2020-07-26 07:39:00,19.60, , , , 
2020-07-26 07:40:00,19.58, , , , 
2020-07-26 07:41:00,19.60, , , , 
2020-07-26 07:42:00,19.63, , , , 
2020-07-26 07:43:00,19.61, , , , 
2020-07-26 07:44:00,19.61, , , , 
2020-07-26 07:45:00,19.60, , , , 
2020-07-26 07:46:00,19.60, , , , 
2020-07-26 07:47:00,19.58, , , , 
2020-07-26 07:48:00,19.57, , , , 
2020-07-26 07:49:00,19.60, , , , 
2020-07-26 07:50:00,19.61, , , , 
2020-07-26 07:51:00,19.62, , , , 
2020-07-26 07:52:00,19.58, , , , 
2020-07-26 07:53:00,19.61, , , , 
2020-07-26 07:54:00,19.59, , , , 
2020-07-26 07:55:00,19.60, , , , 
2020-07-26 07:56:00,19.59, , , , 
2020-07-26 07:57:00,19.57, , , , 
2020-07-26 07:58:00,19.60, , , , 
2020-07-26 07:59:00,19.61, , , , 
2020-07-26 08:00:00,19.61, , , , 
2020-07-26 08:01:00,19.61, , , , 
2020-07-26 08:02:00,19.60, , , , 
2020-07-26 08:03:00,19.61, , , , 
2020-07-26 08:04:00,19.59, , , , 
2020-07-26 08:05:00,19.58, , , , 
2020-07-26 08:06:00,19.59, , , , 
2020-07-26 08:07:00,19.58, , , , 
2020-07-26 08:08:00,19.60, , , , 
2020-07-26 08:09:00,19.60, , , , 
2020-07-26 08:10:00,19.61, , , , 
2020-07-26 08:11:00,19.62, , , , 
2020-07-26 08:12:00,19.60, , , , 
2020-07-26 08:13:00,19.60, , , , 
2020-07-26 08:14:00,19.59, , , , 
2020-07-26 08:15:00,19.57, , , , 
2020-07-26 08:16:00,19.58, , , , 
2020-07-26 08:17:00,19.59, , , , 
2020-07-26 08:18:00,19.59, , , , 
2020-07-26 08:19:00,19.61, , , , 
2020-07-26 08:20:00,19.62, , , , 
2020-07-26 08:21:00,19.61, , , , 
2020-07-26 08:22:00,19.57, , , , 
2020-07-26 08:23:00,19.60, , , , 
2020-07-26 08:24:00,19.58, , , , 
2020-07-26 08:25:00,19.60, , , , 
2020-07-26 08:26:00,19.58, , , , 
2020-07-26 08:27:00,19.61, , , , 
2020-07-26 08:28:00,19.63, , , , 
2020-07-26 08:29:00,19.62, , , , 
2020-07-26 08:30:00,19.61, , , , 
2020-07-26 08:31:00,19.63, , , , 
2020-07-26 08:32:00,19.61, , , , 
2020-07-26 08:33:00,19.58, , , , 
2020-07-26 08:34:00,19.58, , , , 
2020-07-26 08:35:00,19.60, , , , 
2020-07-26 08:36:00,19.61, , , , 
2020-07-26 08:37:00,19.61, , , , 
2020-07-26 08:38:00,19.62, , , , 
2020-07-26 08:39:00,19.61, , , , 
2020-07-26 08:40:00,19.60, , , , 
2020-07-26 08:41:00,19.60, , , , 
2020-07-26 08:42:00,19.58, , , , 
2020-07-26 08:43:00,19.59, , , , 
2020-07-26 08:44:00,19.59, , , , 
2020-07-26 08:45:00,19.59, , , , 
2020-07-26 08:46:00,19.60, , , , 
2020-07-26 08:47:00,19.61, , , , 
2020-07-26 08:48:00,19.62, , , , 
2020-07-26 08:49:00,19.60, , , , 
2020-07-26 08:50:00,19.61, , , , 
2020-07-26 08:51:00,19.60, , , , 
2020-07-26 08:52:00,19.58, , , , 
2020-07-26 08:53:00,19.59, , , , 
2020-07-26 08:54:00,19.59, , , , 
2020-07-26 08:55:00,19.60, , , , 
2020-07-26 08:56:00,19.62, , , , 
2020-07-26 08:57:00,19.61, , , , 
2020-07-26 08:58:00,19.61, , , , 
2020-07-26 08:59:00,19.61, , , , 
2020-07-26 09:00:00,19.58, , , , 
2020-07-26 09:01:00,19.58, , , , 
2020-07-26 09:02:00,19.58, , , , 
2020-07-26 09:03:00,19.59, , , , 
2020-07-26 09:04:00,19.59, , , , 
2020-07-26 09:05:00,19.61, , , , 
2020-07-26 09:06:00,19.59, , , , 
2020-07-26 09:07:00,19.59, , , , 
2020-07-26 09:08:00,19.60, , , , 
2020-07-26 09:09:00,19.60, , , , 
2020-07-26 09:10:00,19.59, , , , 
2020-07-26 09:11:00,19.60, , , , 
2020-07-26 09:12:00,19.60, , , , 
2020-07-26 09:13:00,19.62, , , , 
2020-07-26 09:14:00,19.63, , , , 
2020-07-26 09:15:00,19.63, , , , 
2020-07-26 09:16:00,19.60, , , , 
2020-07-26 09:17:00,19.60, , , , 
2020-07-26 09:18:00,19.58, , , , 
2020-07-26 09:19:00,19.60, , , , 
2020-07-26 09:20:00,19.60, , , , 
2020-07-26 09:21:00,19.59, , , , 
2020-07-26 09:22:00,19.59, , , , 
2020-07-26 09:23:00,19.60, , , , 
2020-07-26 09:24:00,19.63, , , , 
2020-07-26 09:25:00,19.61, , , , 
2020-07-26 09:26:00,19.61, , , , 
2020-07-26 09:27:00,19.58, , , , 
2020-07-26 09:28:00,19.60, , , , 
2020-07-26 09:29:00,19.60, , , , 
2020-07-26 09:30:00,19.60, , , , 
2020-07-26 09:31:00,19.60, , , , 
2020-07-26 09:32:00,19.62, , , , 
2020-07-26 09:33:00,19.60, , , , 
2020-07-26 09:34:00,19.60, , , , 
2020-07-26 09:35:00,19.59, , , , 
2020-07-26 09:36:00,19.61, , , , 
2020-07-26 09:37:00,19.57, , , , 
2020-07-26 09:38:00,19.59, , , , 
2020-07-26 09:39:00,19.60, , , , 
2020-07-26 09:40:00,19.61, , , , 
2020-07-26 09:41:00,19.61, , , , 
2020-07-26 09:42:00,19.61, , , , 
2020-07-26 09:43:00,19.59, , , , 
2020-07-26 09:44:00,19.59, , , , 
2020-07-26 09:45:00,19.59, , , , 
2020-07-26 09:46:00,19.59, , , , 
2020-07-26 09:47:00,19.59, , , , 
2020-07-26 09:48:00,19.61, , , , 
2020-07-26 09:49:00,19.62, , , , 
2020-07-26 09:50:00,19.61, , , , 
2020-07-26 09:51:00,19.61, , , , 
2020-07-26 09:52:00,19.63, , , , 
2020-07-26 09:53:00,19.61, , , , 
2020-07-26 09:54:00,19.60, , , , 
2020-07-26 09:55:00,19.61, , , , 
2020-07-26 09:56:00,19.59, , , , 
2020-07-26 09:57:00,19.58, , , , 
2020-07-26 09:58:00,19.61, , , , 
2020-07-26 09:59:00,19.61, , , , 
2020-07-26 10:00:00,19.61, , , , 
2020-07-26 10:01:00,19.63, , , , 
2020-07-26 10:02:00,19.61, , , , 
2020-07-26 10:03:00,19.61, , , , 
2020-07-26 10:04:00,19.62, , , , 
2020-07-26 10:05:00,19.59, , , , 
2020-07-26 10:06:00,19.61, , , , 
2020-07-26 10:07:00,19.60, , , , 
2020-07-26 10:08:00,19.62, , , , 
2020-07-26 10:09:00,19.62, , , , 
2020-07-26 10:10:00,19.63, , , , 
2020-07-26 10:11:00,19.62, , , , 
2020-07-26 10:12:00,19.62, , , , 
2020-07-26 10:13:00,19.58, , , , 
2020-07-26 10:14:00,19.60, , , , 
2020-07-26 10:15:00,19.60, , , , 
2020-07-26 10:16:00,19.60, , , , 
2020-07-26 10:17:00,19.61, , , , 
2020-07-26 10:18:00,19.63, , , , 
2020-07-26 10:19:00,19.62, , , , 
2020-07-26 10:20:00,19.61, , , , 
2020-07-26 10:21:00,19.61, , , , 
2020-07-26 10:22:00,19.59, , , , 
2020-07-26 10:23:00,19.60, , , , 
2020-07-26 10:24:00,19.57, , , , 
2020-07-26 10:25:00,19.58, , , , 
2020-07-26 10:26:00,19.62, , , , 
2020-07-26 10:27:00,19.61, , , , 
2020-07-26 10:28:00,19.62, , , , 
2020-07-26 10:29:00,19.62, , , , 
2020-07-26 10:30:00,19.61, , , , 
2020-07-26 10:31:00,19.63, , , , 
2020-07-26 10:32:00,19.60, , , , 
2020-07-26 10:33:00,19.59, , , , 
2020-07-26 10:34:00,19.58, , , , 
2020-07-26 10:35:00,19.58, , , , 
2020-07-26 10:36:00,19.57, , , , 
2020-07-26 10:37:00,19.57, , , , 
2020-07-26 10:38:00,19.57, , , , 
2020-07-26 10:39:00,19.57, , , , 
2020-07-26 10:40:00,19.55, , , , 
2020-07-26 10:41:00,19.56, , , , 
2020-07-26 10:42:00,19.57, , , , 
2020-07-26 10:43:00,19.55, , , , 
2020-07-26 10:44:00,19.54, , , , 
2020-07-26 10:45:00,19.53, , , , 
2020-07-26 10:46:00,19.56, , , , 
2020-07-26 10:47:00,19.55, , , , 
2020-07-26 10:48:00,19.56, , , , 
2020-07-26 10:49:00,19.56, , , , 
2020-07-26 10:50:00,19.56, , , , 
2020-07-26 10:51:00,19.55, , , , 
2020-07-26 10:52:00,19.56, , , , 
2020-07-26 10:53:00,19.54, , , , 
2020-07-26 10:54:00,19.54, , , , 
2020-07-26 10:55:00,19.55, , , , 
2020-07-26 10:56:00,19.57, , , , 
2020-07-26 10:57:00,19.58, , , , 
2020-07-26 10:58:00,19.57, , , , 
2020-07-26 10:59:00,19.57, , , , 
2020-07-26 11:00:00,19.54, , , , 
2020-07-26 11:01:00,19.54, , , , 
2020-07-26 11:02:00,19.53, , , , 
2020-07-26 11:03:00,19.53, , , , 
2020-07-26 11:04:00,19.55, , , , 
2020-07-26 11:05:00,19.57, , , , 
2020-07-26 11:06:00,19.56, , , , 
2020-07-26 11:07:00,19.57, , , , 
2020-07-26 11:08:00,19.55, , , , 
2020-07-26 11:09:00,19.55, , , , 
2020-07-26 11:10:00,19.55, , , , 
2020-07-26 11:11:00,19.53, , , , 
2020-07-26 11:12:00,19.52, , , , 
2020-07-26 11:13:00,19.54, , , , 
2020-07-26 11:14:00,19.55, , , , 
2020-07-26 11:15:00,19.57, , , , 
2020-07-26 11:16:00,19.58, , , , 
2020-07-26 11:17:00,19.58, , , , 
2020-07-26 11:18:00,19.61, , , , 
2020-07-26 11:19:00,19.61, , , , 
2020-07-26 11:20:00,19.58, , , , 
2020-07-26 11:21:00,19.59, , , , 
2020-07-26 11:22:00,19.60, , , , 
2020-07-26 11:23:00,19.60, , , , 
2020-07-26 11:24:00,19.61, , , , 
2020-07-26 11:25:00,19.61, , , , 
2020-07-26 11:26:00,19.61, , , , 
2020-07-26 11:27:00,19.62, , , , 
2020-07-26 11:28:00,19.61, , , , 
2020-07-26 11:29:00,19.59, , , , 
2020-07-26 11:30:00,19.57, , , , 
2020-07-26 11:31:00,19.58, , , , 
2020-07-26 11:32:00,19.54, , , , 
2020-07-26 11:33:00,19.58, , , , 
2020-07-26 11:34:00,19.57, , , , 
2020-07-26 11:35:00,19.57, , , , 
2020-07-26 11:36:00,19.57, , , , 
2020-07-26 11:37:00,19.58, , , , 
2020-07-26 11:38:00,19.57, , , , 
2020-07-26 11:39:00,19.58, , , , 
2020-07-26 11:40:00,19.57, , , , 
2020-07-26 11:41:00,19.56, , , , 
2020-07-26 11:42:00,19.55, , , , 
2020-07-26 11:43:00,19.54, , , , 
2020-07-26 11:44:00,19.55, , , , 
2020-07-26 11:45:00,19.56, , , , 
2020-07-26 11:46:00,19.57, , , , 
2020-07-26 11:47:00,19.59, , , , 
2020-07-26 11:48:00,19.57, , , , 
2020-07-26 11:49:00,19.57, , , , 
2020-07-26 11:50:00,19.55, , , , 
2020-07-26 11:51:00,19.53, , , , 
2020-07-26 11:52:00,19.54, , , , 
2020-07-26 11:53:00,19.55, , , , 
2020-07-26 11:54:00,19.57, , , , 
2020-07-26 11:55:00,19.57, , , , 
2020-07-26 11:56:00,19.55, , , , 
2020-07-26 11:57:00,19.57, , , , 
2020-07-26 11:58:00,19.56, , , , 
2020-07-26 11:59:00,19.56, , , , 
2020-07-26 12:00:00,19.54, , , , 
2020-07-26 12:01:00,19.56, , , , 
2020-07-26 12:02:00,19.56, , , , 
2020-07-26 12:03:00,19.57, , , , 
2020-07-26 12:04:00,19.57, , , , 
2020-07-26 12:05:00,19.56, , , , 
2020-07-26 12:06:00,19.54, , , , 
2020-07-26 12:07:00,19.55, , , , 
2020-07-26 12:08:00,19.55, , , , 
2020-07-26 12:09:00,19.55, , , , 
2020-07-26 12:10:00,19.57, , , , 
2020-07-26 12:11:00,19.57, , , , 
2020-07-26 12:12:00,19.56, , , , 
2020-07-26 12:13:00,19.57, , , , 
2020-07-26 12:14:00,19.56, , , , 
2020-07-26 12:15:00,19.55, , , , 
2020-07-26 12:16:00,19.53, , , , 
2020-07-26 12:17:00,19.54, , , , 
2020-07-26 12:18:00,19.54, , , , 
2020-07-26 12:19:00,19.59, , , , 
2020-07-26 12:20:00,19.56, , , , 
2020-07-26 12:21:00,19.57, , , , 
2020-07-26 12:22:00,19.57, , , , 
2020-07-26 12:23:00,19.56, , , , 
2020-07-26 12:24:00,19.53, , , , 
2020-07-26 12:25:00,19.55, , , , 
2020-07-26 12:26:00,19.55, , , , 
2020-07-26 12:27:00,19.54, , , , 
2020-07-26 12:28:00,19.55, , , , 
2020-07-26 12:29:00,19.56, , , , 
2020-07-26 12:30:00,19.58, , , , 
2020-07-26 12:31:00,19.58, , , , 
2020-07-26 12:32:00,19.57, , , , 
2020-07-26 12:33:00,19.56, , , , 
2020-07-26 12:34:00,19.55, , , , 
2020-07-26 12:35:00,19.55, , , , 
2020-07-26 12:36:00,19.55, , , , 
2020-07-26 12:37:00,19.57, , , , 
2020-07-26 12:38:00,19.57, , , , 
2020-07-26 12:39:00,19.58, , , , 
2020-07-26 12:40:00,19.60, , , , 
2020-07-26 12:41:00,19.56, , , , 
2020-07-26 12:42:00,19.56, , , , 
2020-07-26 12:43:00,19.56, , , , 
2020-07-26 12:44:00,19.56, , , , 
2020-07-26 12:45:00,19.55, , , , 
2020-07-26 12:46:00,19.56, , , , 
2020-07-26 12:47:00,19.57, , , , 
2020-07-26 12:48:00,19.58, , , , 
2020-07-26 12:49:00,19.58, , , , 
2020-07-26 12:50:00,19.56, , , , 
2020-07-26 12:51:00,19.56, , , , 
2020-07-26 12:52:00,19.55, , , , 
2020-07-26 12:53:00,19.54, , , , 
2020-07-26 12:54:00,19.55, , , , 
2020-07-26 12:55:00,19.56, , , , 
2020-07-26 12:56:00,19.56, , , , 
2020-07-26 12:57:00,19.57, , , , 
2020-07-26 12:58:00,19.58, , , , 
2020-07-26 12:59:00,19.57, , , , 
2020-07-26 13:00:00,19.57, , , , 
2020-07-26 13:01:00,19.55, , , , 
2020-07-26 13:02:00,19.54, , , , 
2020-07-26 13:03:00,19.54, , , , 
2020-07-26 13:04:00,19.55, , , , 
2020-07-26 13:05:00,19.56, , , , 
2020-07-26 13:06:00,19.56, , , , 
2020-07-26 13:07:00,19.57, , , , 
2020-07-26 13:08:00,19.56, , , , 
2020-07-26 13:09:00,19.55, , , , 
2020-07-26 13:10:00,19.57, , , , 
2020-07-26 13:11:00,19.55, , , , 
2020-07-26 13:12:00,19.54, , , , 
2020-07-26 13:13:00,19.56, , , , 
2020-07-26 13:14:00,19.56, , , , 
2020-07-26 13:15:00,19.57, , , , 
2020-07-26 13:16:00,19.56, , , , 
2020-07-26 13:17:00,19.58, , , , 
2020-07-26 13:18:00,19.55, , , , 
2020-07-26 13:19:00,19.54, , , , 
2020-07-26 13:20:00,19.53, , , , 
2020-07-26 13:21:00,19.55, , , , 
2020-07-26 13:22:00,19.56, , , , 
2020-07-26 13:23:00,19.57, , , , 
2020-07-26 13:24:00,19.55, , , , 
2020-07-26 13:25:00,19.57, , , , 
2020-07-26 13:26:00,19.57, , , , 
2020-07-26 13:27:00,19.56, , , , 
2020-07-26 13:28:00,19.54, , , , 
2020-07-26 13:29:00,19.56, , , , 
2020-07-26 13:30:00,19.56, , , , 
2020-07-26 13:31:00,19.55, , , , 
2020-07-26 13:32:00,19.55, , , , 
2020-07-26 13:33:00,19.59, , , , 
2020-07-26 13:34:00,19.59, , , , 
2020-07-26 13:35:00,19.56, , , , 
2020-07-26 13:36:00,19.58, , , , 
2020-07-26 13:37:00,19.55, , , , 
2020-07-26 13:38:00,19.56, , , , 
2020-07-26 13:39:00,19.56, , , , 
2020-07-26 13:40:00,19.56, , , , 
2020-07-26 13:41:00,19.56, , , , 
2020-07-26 13:42:00,19.57, , , , 
2020-07-26 13:43:00,19.57, , , , 
2020-07-26 13:44:00,19.58, , , , 
2020-07-26 13:45:00,19.57, , , , 
2020-07-26 13:46:00,19.57, , , , 
2020-07-26 13:47:00,19.56, , , , 
2020-07-26 13:48:00,19.53, , , , 
2020-07-26 13:49:00,19.56, , , , 
2020-07-26 13:50:00,19.56, , , , 
2020-07-26 13:51:00,19.56, , , , 
2020-07-26 13:52:00,19.58, , , , 
2020-07-26 13:53:00,19.56, , , , 
2020-07-26 13:54:00,19.57, , , , 
2020-07-26 13:55:00,19.57, , , , 
2020-07-26 13:56:00,19.57, , , , 
2020-07-26 13:57:00,19.55, , , , 
2020-07-26 13:58:00,19.55, , , , 
2020-07-26 13:59:00,19.56, , , , 
2020-07-26 14:00:00,19.57, , , , 
2020-07-26 14:01:00,19.56, , , , 
2020-07-26 14:02:00,19.57, , , , 
2020-07-26 14:03:00,19.59, , , , 
2020-07-26 14:04:00,19.58, , , , 
2020-07-26 14:05:00,19.56, , , , 
2020-07-26 14:06:00,19.56, , , , 
2020-07-26 14:07:00,19.56, , , , 
2020-07-26 14:08:00,19.54, , , , 
2020-07-26 14:09:00,19.55, , , , 
2020-07-26 14:10:00,19.56, , , , 
2020-07-26 14:11:00,19.57, , , , 
2020-07-26 14:12:00,19.57, , , , 
2020-07-26 14:13:00,19.56, , , , 
2020-07-26 14:14:00,19.58, , , , 
2020-07-26 14:15:00,19.56, , , , 
2020-07-26 14:16:00,19.55, , , , 
2020-07-26 14:17:00,19.56, , , , 
2020-07-26 14:18:00,19.54, , , , 
2020-07-26 14:19:00,19.55, , , , 
2020-07-26 14:20:00,19.57, , , , 
2020-07-26 14:21:00,19.57, , , , 
2020-07-26 14:22:00,19.58, , , , 
2020-07-26 14:23:00,19.55, , , , 
2020-07-26 14:24:00,19.57, , , , 
2020-07-26 14:25:00,19.54, , , , 
2020-07-26 14:26:00,19.55, , , , 
2020-07-26 14:27:00,19.55, , , , 
2020-07-26 14:28:00,19.56, , , , 
2020-07-26 14:29:00,19.56, , , , 
2020-07-26 14:30:00,19.57, , , , 
2020-07-26 14:31:00,19.57, , , , 
2020-07-26 14:32:00,19.55, , , , 
2020-07-26 14:33:00,19.56, , , , 
2020-07-26 14:34:00,19.55, , , , 
2020-07-26 14:35:00,19.54, , , , 
2020-07-26 14:36:00,19.55, , , , 
2020-07-26 14:37:00,19.55, , , , 
2020-07-26 14:38:00,19.57, , , , 
2020-07-26 14:39:00,19.57, , , , 
2020-07-26 14:40:00,19.57, , , , 
2020-07-26 14:41:00,19.56, , , , 
2020-07-26 14:42:00,19.55, , , , 
2020-07-26 14:43:00,19.54, , , , 
2020-07-26 14:44:00,19.54, , , , 
2020-07-26 14:45:00,19.55, , , , 
2020-07-26 14:46:00,19.56, , , , 
2020-07-26 14:47:00,19.57, , , , 
2020-07-26 14:48:00,19.57, , , , 
2020-07-26 14:49:00,19.57, , , , 
2020-07-26 14:50:00,19.58, , , , 
2020-07-26 14:51:00,19.55, , , , 
2020-07-26 14:52:00,19.54, , , , 
2020-07-26 14:53:00,19.54, , , , 
2020-07-26 14:54:00,19.53, , , , 
2020-07-26 14:55:00,19.55, , , , 
2020-07-26 14:56:00,19.56, , , , 
2020-07-26 14:57:00,19.57, , , , 
2020-07-26 14:58:00,19.58, , , , 
2020-07-26 14:59:00,19.57, , , , 
2020-07-26 15:00:00,19.57, , , , 
2020-07-26 15:01:00,19.56, , , , 
2020-07-26 15:02:00,19.56, , , , 
2020-07-26 15:03:00,19.56, , , , 
2020-07-26 15:04:00,19.56, , , , 
2020-07-26 15:05:00,19.55, , , , 
2020-07-26 15:06:00,19.56, , , , 
2020-07-26 15:07:00,19.58, , , , 
2020-07-26 15:08:00,19.58, , , , 
2020-07-26 15:09:00,19.58, , , , 
2020-07-26 15:10:00,19.56, , , , 
2020-07-26 15:11:00,19.56, , , , 
2020-07-26 15:12:00,19.54, , , , 
2020-07-26 15:13:00,19.55, , , , 
2020-07-26 15:14:00,19.55, , , , 
2020-07-26 15:15:00,19.57, , , , 
2020-07-26 15:16:00,19.57, , , , 
2020-07-26 15:17:00,19.58, , , , 
2020-07-26 15:18:00,19.59, , , , 
2020-07-26 15:19:00,19.56, , , , 
2020-07-26 15:20:00,19.55, , , , 
2020-07-26 15:21:00,19.56, , , , 
2020-07-26 15:22:00,19.54, , , , 
2020-07-26 15:23:00,19.55, , , , 
2020-07-26 15:24:00,19.55, , , , 
2020-07-26 15:25:00,19.58, , , , 
2020-07-26 15:26:00,19.57, , , , 
2020-07-26 15:27:00,19.57, , , , 
2020-07-26 15:28:00,19.57, , , , 
2020-07-26 15:29:00,19.56, , , , 
2020-07-26 15:30:00,19.56, , , , 
2020-07-26 15:31:00,19.55, , , , 
2020-07-26 15:32:00,19.55, , , , 
2020-07-26 15:33:00,19.56, , , , 
2020-07-26 15:34:00,19.57, , , , 
2020-07-26 15:35:00,19.58, , , , 
2020-07-26 15:36:00,19.59, , , , 
2020-07-26 15:37:00,19.59, , , , 
2020-07-26 15:38:00,19.57, , , , 
2020-07-26 15:39:00,19.56, , , , 
2020-07-26 15:40:00,19.55, , , , 
2020-07-26 15:41:00,19.55, , , , 
2020-07-26 15:42:00,19.55, , , , 
2020-07-26 15:43:00,19.57, , , , 
2020-07-26 15:43:24, ,Logged,Logged, , 
2020-07-26 15:44:00,19.58, , , , 
2020-07-26 15:45:00,19.61, , , , 
2020-07-26 15:46:00,19.59, , , , 
2020-07-26 15:47:00,19.57, , , , 
2020-07-26 15:48:00,19.56, , , , 
2020-07-26 15:49:00,19.57, , , , 
2020-07-26 15:50:00,19.56, , , , 
2020-07-26 15:51:00,19.56, , , , 
2020-07-26 15:52:00,19.57, , , , 
2020-07-26 15:53:00,19.58, , , , 
2020-07-26 15:54:00,19.58, , , , 
2020-07-26 15:55:00,19.58, , , , 
2020-07-26 15:56:00,19.57, , , , 
2020-07-26 15:57:00,19.56, , , , 
2020-07-26 15:58:00,19.56, , , , 
2020-07-26 15:59:00,19.57, , , , 
2020-07-26 16:00:00,19.56, , , , 
2020-07-26 16:01:00,19.57, , , , 
2020-07-26 16:02:00,19.58, , , , 
2020-07-26 16:03:00,19.57, , , , 
2020-07-26 16:04:00,19.58, , , , 
2020-07-26 16:05:00,19.57, , , , 
2020-07-26 16:06:00,19.57, , , , 
2020-07-26 16:07:00,19.56, , , , 
2020-07-26 16:08:00,19.56, , , , 
2020-07-26 16:09:00,19.56, , , , 
2020-07-26 16:10:00,19.57, , , , 
2020-07-26 16:11:00,19.58, , , , 
2020-07-26 16:12:00,19.59, , , , 
2020-07-26 16:13:00,19.57, , , , 
2020-07-26 16:14:00,19.59, , , , 
2020-07-26 16:15:00,19.58, , , , 
2020-07-26 16:16:00,19.57, , , , 
2020-07-26 16:17:00,19.56, , , , 
2020-07-26 16:18:00,19.55, , , , 
2020-07-26 16:19:00,19.55, , , , 
2020-07-26 16:20:00,19.57, , , , 
2020-07-26 16:21:00,19.58, , , , 
2020-07-26 16:22:00,19.57, , , , 
2020-07-26 16:23:00,19.58, , , , 
2020-07-26 16:24:00,19.57, , , , 
2020-07-26 16:25:00,19.59, , , , 
2020-07-26 16:26:00,19.55, , , , 
2020-07-26 16:27:00,19.55, , , , 
2020-07-26 16:28:00,19.55, , , , 
2020-07-26 16:29:00,19.58, , , , 
2020-07-26 16:30:00,19.59, , , , 
2020-07-26 16:31:00,19.58, , , , 
2020-07-26 16:32:00,19.58, , , , 
2020-07-26 16:33:00,19.59, , , , 
2020-07-26 16:34:00,19.57, , , , 
2020-07-26 16:35:00,19.58, , , , 
2020-07-26 16:36:00,19.57, , , , 
2020-07-26 16:37:00,19.55, , , , 
2020-07-26 16:38:00,19.57, , , , 
2020-07-26 16:39:00,19.57, , , , 
2020-07-26 16:40:00,19.58, , , , 
2020-07-26 16:41:00,19.56, , , , 
2020-07-26 16:42:00,19.58, , , , 
2020-07-26 16:43:00,19.58, , , , 
2020-07-26 16:44:00,19.57, , , , 
2020-07-26 16:45:00,19.57, , , , 
2020-07-26 16:46:00,19.57, , , , 
2020-07-26 16:47:00,19.55, , , , 
2020-07-26 16:48:00,19.57, , , , 
2020-07-26 16:49:00,19.57, , , , 
2020-07-26 16:50:00,19.58, , , , 
2020-07-26 16:51:00,19.57, , , , 
2020-07-26 16:52:00,19.58, , , , 
2020-07-26 16:53:00,19.58, , , , 
2020-07-26 16:54:00,19.55, , , , 
2020-07-26 16:55:00,19.57, , , , 
2020-07-26 16:56:00,19.56, , , , 
2020-07-26 16:57:00,19.57, , , , 
2020-07-26 16:58:00,19.57, , , , 
2020-07-26 16:59:00,19.59, , , , 
2020-07-26 17:00:00,19.58, , , , 
2020-07-26 17:01:00,19.59, , , , 
2020-07-26 17:02:00,19.57, , , , 
2020-07-26 17:03:00,19.57, , , , 
2020-07-26 17:04:00,19.56, , , , 
2020-07-26 17:05:00,19.54, , , , 
2020-07-26 17:06:00,19.56, , , , 
2020-07-26 17:07:00,19.55, , , , 
2020-07-26 17:08:00,19.59, , , , 
2020-07-26 17:09:00,19.59, , , , 
2020-07-26 17:10:00,19.58, , , , 
2020-07-26 17:11:00,19.58, , , , 
2020-07-26 17:12:00,19.57, , , , 
2020-07-26 17:13:00,19.56, , , , 
2020-07-26 17:14:00,19.55, , , , 
2020-07-26 17:15:00,19.55, , , , 
2020-07-26 17:16:00,19.57, , , , 
2020-07-26 17:17:00,19.56, , , , 
2020-07-26 17:18:00,19.59, , , , 
2020-07-26 17:19:00,19.57, , , , 
2020-07-26 17:20:00,19.55, , , , 
2020-07-26 17:21:00,19.56, , , , 
2020-07-26 17:22:00,19.55, , , , 
2020-07-26 17:23:00,19.54, , , , 
2020-07-26 17:24:00,19.57, , , , 
2020-07-26 17:25:00,19.58, , , , 
2020-07-26 17:26:00,19.59, , , , 
2020-07-26 17:27:00,19.61, , , , 
2020-07-26 17:28:00,19.62, , , , 
2020-07-26 17:29:00,19.61, , , , 
2020-07-26 17:30:00,19.63, , , , 
2020-07-26 17:31:00,19.61, , , , 
2020-07-26 17:32:00,19.63, , , , 
2020-07-26 17:33:00,19.60, , , , 
2020-07-26 17:34:00,19.60, , , , 
2020-07-26 17:35:00,19.60, , , , 
2020-07-26 17:36:00,19.62, , , , 
2020-07-26 17:37:00,19.65, , , , 
2020-07-26 17:38:00,19.62, , , , 
2020-07-26 17:39:00,19.66, , , , 
2020-07-26 17:40:00,19.61, , , , 
2020-07-26 17:41:00,19.60, , , , 
2020-07-26 17:42:00,19.62, , , , 
2020-07-26 17:43:00,19.61, , , , 
2020-07-26 17:44:00,19.62, , , , 
2020-07-26 17:45:00,19.65, , , , 
2020-07-26 17:46:00,19.62, , , , 
2020-07-26 17:47:00,19.65, , , , 
2020-07-26 17:48:00,19.63, , , , 
2020-07-26 17:49:00,19.61, , , , 
2020-07-26 17:50:00,19.60, , , , 
2020-07-26 17:51:00,19.59, , , , 
2020-07-26 17:52:00,19.60, , , , 
2020-07-26 17:53:00,19.65, , , , 
2020-07-26 17:54:00,19.66, , , , 
2020-07-26 17:55:00,19.65, , , , 
2020-07-26 17:56:00,19.63, , , , 
2020-07-26 17:57:00,19.65, , , , 
2020-07-26 17:58:00,19.61, , , , 
2020-07-26 17:59:00,19.61, , , , 
2020-07-26 18:00:00,19.61, , , , 
2020-07-26 18:01:00,19.61, , , , 
2020-07-26 18:02:00,19.61, , , , 
2020-07-26 18:03:00,19.63, , , , 
2020-07-26 18:04:00,19.66, , , , 
2020-07-26 18:05:00,19.63, , , , 
2020-07-26 18:06:00,19.67, , , , 
2020-07-26 18:07:00,19.62, , , , 
2020-07-26 18:08:00,19.62, , , , 
2020-07-26 18:09:00,19.61, , , , 
2020-07-26 18:10:00,19.61, , , , 
2020-07-26 18:11:00,19.60, , , , 
2020-07-26 18:12:00,19.62, , , , 
2020-07-26 18:13:00,19.63, , , , 
2020-07-26 18:14:00,19.66, , , , 
2020-07-26 18:15:00,19.65, , , , 
2020-07-26 18:16:00,19.63, , , , 
2020-07-26 18:17:00,19.62, , , , 
2020-07-26 18:18:00,19.61, , , , 
2020-07-26 18:19:00,19.60, , , , 
2020-07-26 18:20:00,19.61, , , , 
2020-07-26 18:21:00,19.65, , , , 
2020-07-26 18:22:00,19.61, , , , 
2020-07-26 18:23:00,19.68, , , , 
2020-07-26 18:24:00,19.66, , , , 
2020-07-26 18:25:00,19.65, , , , 
2020-07-26 18:26:00,19.62, , , , 
2020-07-26 18:27:00,19.62, , , , 
2020-07-26 18:28:00,19.60, , , , 
2020-07-26 18:29:00,19.60, , , , 
2020-07-26 18:30:00,19.62, , , , 
2020-07-26 18:31:00,19.62, , , , 
2020-07-26 18:32:00,19.62, , , , 
2020-07-26 18:33:00,19.65, , , , 
2020-07-26 18:34:00,19.63, , , , 
2020-07-26 18:35:00,19.63, , , , 
2020-07-26 18:36:00,19.62, , , , 
2020-07-26 18:37:00,19.61, , , , 
2020-07-26 18:38:00,19.62, , , , 
2020-07-26 18:39:00,19.62, , , , 
2020-07-26 18:40:00,19.62, , , , 
2020-07-26 18:41:00,19.66, , , , 
2020-07-26 18:42:00,19.67, , , , 
2020-07-26 18:43:00,19.66, , , , 
2020-07-26 18:44:00,19.63, , , , 
2020-07-26 18:45:00,19.62, , , , 
2020-07-26 18:46:00,19.61, , , , 
2020-07-26 18:47:00,19.61, , , , 
2020-07-26 18:48:00,19.60, , , , 
2020-07-26 18:49:00,19.62, , , , 
2020-07-26 18:50:00,19.65, , , , 
2020-07-26 18:51:00,19.65, , , , 
2020-07-26 18:52:00,19.65, , , , 
2020-07-26 18:53:00,19.63, , , , 
2020-07-26 18:54:00,19.63, , , , 
2020-07-26 18:55:00,19.63, , , , 
2020-07-26 18:56:00,19.62, , , , 
2020-07-26 18:57:00,19.61, , , , 
2020-07-26 18:58:00,19.60, , , , 
2020-07-26 18:59:00,19.66, , , , 
2020-07-26 19:00:00,19.63, , , , 
2020-07-26 19:01:00,19.63, , , , 
2020-07-26 19:02:00,19.65, , , , 
2020-07-26 19:03:00,19.65, , , , 
2020-07-26 19:04:00,19.65, , , , 
2020-07-26 19:05:00,19.62, , , , 
2020-07-26 19:06:00,19.60, , , , 
2020-07-26 19:07:00,19.59, , , , 
2020-07-26 19:08:00,19.57, , , , 
2020-07-26 19:09:00,19.56, , , , 
2020-07-26 19:10:00,19.57, , , , 
2020-07-26 19:11:00,19.59, , , , 
2020-07-26 19:12:00,19.61, , , , 
2020-07-26 19:13:00,19.59, , , , 
2020-07-26 19:14:00,19.62, , , , 
2020-07-26 19:15:00,19.59, , , , 
2020-07-26 19:16:00,19.57, , , , 
2020-07-26 19:17:00,19.57, , , , 
2020-07-26 19:18:00,19.57, , , , 
2020-07-26 19:19:00,19.55, , , , 
2020-07-26 19:20:00,19.53, , , , 
2020-07-26 19:21:00,19.57, , , , 
2020-07-26 19:22:00,19.58, , , , 
2020-07-26 19:23:00,19.59, , , , 
2020-07-26 19:24:00,19.59, , , , 
2020-07-26 19:25:00,19.57, , , , 
2020-07-26 19:26:00,19.58, , , , 
2020-07-26 19:27:00,19.57, , , , 
2020-07-26 19:28:00,19.57, , , , 
2020-07-26 19:29:00,19.54, , , , 
2020-07-26 19:30:00,19.55, , , , 
2020-07-26 19:31:00,19.55, , , , 
2020-07-26 19:32:00,19.57, , , , 
2020-07-26 19:33:00,19.59, , , , 
2020-07-26 19:34:00,19.59, , , , 
2020-07-26 19:35:00,19.58, , , , 
2020-07-26 19:36:00,19.57, , , , 
2020-07-26 19:37:00,19.56, , , , 
2020-07-26 19:38:00,19.55, , , , 
2020-07-26 19:39:00,19.56, , , , 
2020-07-26 19:40:00,19.56, , , , 
2020-07-26 19:41:00,19.57, , , , 
2020-07-26 19:42:00,19.57, , , , 
2020-07-26 19:43:00,19.58, , , , 
2020-07-26 19:44:00,19.57, , , , 
2020-07-26 19:45:00,19.58, , , , 
2020-07-26 19:46:00,19.59, , , , 
2020-07-26 19:47:00,19.57, , , , 
2020-07-26 19:48:00,19.54, , , , 
2020-07-26 19:49:00,19.55, , , , 
2020-07-26 19:50:00,19.56, , , , 
2020-07-26 19:51:00,19.57, , , , 
2020-07-26 19:52:00,19.57, , , , 
2020-07-26 19:53:00,19.57, , , , 
2020-07-26 19:54:00,19.58, , , , 
2020-07-26 19:55:00,19.61, , , , 
2020-07-26 19:56:00,19.57, , , , 
2020-07-26 19:57:00,19.57, , , , 
2020-07-26 19:58:00,19.56, , , , 
2020-07-26 19:59:00,19.55, , , , 
2020-07-26 20:00:00,19.55, , , , 
2020-07-26 20:01:00,19.57, , , , 
2020-07-26 20:02:00,19.57, , , , 
2020-07-26 20:03:00,19.57, , , , 
2020-07-26 20:04:00,19.57, , , , 
2020-07-26 20:05:00,19.57, , , , 
2020-07-26 20:06:00,19.59, , , , 
2020-07-26 20:07:00,19.56, , , , 
2020-07-26 20:08:00,19.57, , , , 
2020-07-26 20:09:00,19.56, , , , 
2020-07-26 20:10:00,19.57, , , , 
2020-07-26 20:11:00,19.57, , , , 
2020-07-26 20:12:00,19.58, , , , 
2020-07-26 20:13:00,19.58, , , , 
2020-07-26 20:14:00,19.58, , , , 
2020-07-26 20:15:00,19.58, , , , 
2020-07-26 20:16:00,19.55, , , , 
2020-07-26 20:17:00,19.55, , , , 
2020-07-26 20:18:00,19.55, , , , 
2020-07-26 20:19:00,19.56, , , , 
2020-07-26 20:20:00,19.57, , , , 
2020-07-26 20:21:00,19.56, , , , 
2020-07-26 20:22:00,19.58, , , , 
2020-07-26 20:23:00,19.58, , , , 
2020-07-26 20:24:00,19.58, , , , 
2020-07-26 20:25:00,19.56, , , , 
2020-07-26 20:26:00,19.57, , , , 
2020-07-26 20:27:00,19.55, , , , 
2020-07-26 20:28:00,19.57, , , , 
2020-07-26 20:29:00,19.56, , , , 
2020-07-26 20:30:00,19.56, , , , 
2020-07-26 20:31:00,19.59, , , , 
2020-07-26 20:32:00,19.59, , , , 
2020-07-26 20:33:00,19.60, , , , 
2020-07-26 20:34:00,19.57, , , , 
2020-07-26 20:35:00,19.58, , , , 
2020-07-26 20:36:00,19.57, , , , 
2020-07-26 20:37:00,19.54, , , , 
2020-07-26 20:38:00,19.55, , , , 
2020-07-26 20:39:00,19.55, , , , 
2020-07-26 20:40:00,19.56, , , , 
2020-07-26 20:41:00,19.58, , , , 
2020-07-26 20:42:00,19.58, , , , 
2020-07-26 20:43:00,19.57, , , , 
2020-07-26 20:44:00,19.58, , , , 
2020-07-26 20:45:00,19.56, , , , 
2020-07-26 20:46:00,19.56, , , , 
2020-07-26 20:47:00,19.55, , , , 
2020-07-26 20:48:00,19.57, , , , 
2020-07-26 20:49:00,19.56, , , , 
2020-07-26 20:50:00,19.59, , , , 
2020-07-26 20:51:00,19.58, , , , 
2020-07-26 20:52:00,19.61, , , , 
2020-07-26 20:53:00,19.58, , , , 
2020-07-26 20:54:00,19.56, , , , 
2020-07-26 20:55:00,19.54, , , , 
2020-07-26 20:56:00,19.56, , , , 
2020-07-26 20:57:00,19.54, , , , 
2020-07-26 20:58:00,19.57, , , , 
2020-07-26 20:59:00,19.57, , , , 
2020-07-26 21:00:00,19.58, , , , 
2020-07-26 21:01:00,19.59, , , , 
2020-07-26 21:02:00,19.57, , , , 
2020-07-26 21:03:00,19.59, , , , 
2020-07-26 21:04:00,19.57, , , , 
2020-07-26 21:05:00,19.56, , , , 
2020-07-26 21:06:00,19.55, , , , 
2020-07-26 21:07:00,19.55, , , , 
2020-07-26 21:08:00,19.57, , , , 
2020-07-26 21:09:00,19.57, , , , 
2020-07-26 21:10:00,19.58, , , , 
2020-07-26 21:11:00,19.56, , , , 
2020-07-26 21:12:00,19.56, , , , 
2020-07-26 21:13:00,19.56, , , , 
2020-07-26 21:14:00,19.54, , , , 
2020-07-26 21:15:00,19.56, , , , 
2020-07-26 21:16:00,19.55, , , , 
2020-07-26 21:17:00,19.57, , , , 
2020-07-26 21:18:00,19.58, , , , 
2020-07-26 21:19:00,19.58, , , , 
2020-07-26 21:20:00,19.58, , , , 
2020-07-26 21:21:00,19.56, , , , 
2020-07-26 21:22:00,19.58, , , , 
2020-07-26 21:23:00,19.56, , , , 
2020-07-26 21:24:00,19.53, , , , 
2020-07-26 21:25:00,19.56, , , , 
2020-07-26 21:26:00,19.57, , , , 
2020-07-26 21:27:00,19.58, , , , 
2020-07-26 21:28:00,19.60, , , , 
2020-07-26 21:29:00,19.56, , , , 
2020-07-26 21:30:00,19.58, , , , 
2020-07-26 21:31:00,19.54, , , , 
2020-07-26 21:32:00,19.57, , , , 
2020-07-26 21:33:00,19.56, , , , 
2020-07-26 21:34:00,19.56, , , , 
2020-07-26 21:35:00,19.55, , , , 
2020-07-26 21:36:00,19.57, , , , 
2020-07-26 21:37:00,19.60, , , , 
2020-07-26 21:38:00,19.58, , , , 
2020-07-26 21:39:00,19.57, , , , 
2020-07-26 21:40:00,19.56, , , , 
2020-07-26 21:41:00,19.56, , , , 
2020-07-26 21:42:00,19.56, , , , 
2020-07-26 21:43:00,19.54, , , , 
2020-07-26 21:44:00,19.57, , , , 
2020-07-26 21:45:00,19.55, , , , 
2020-07-26 21:46:00,19.57, , , , 
2020-07-26 21:47:00,19.57, , , , 
2020-07-26 21:48:00,19.55, , , , 
2020-07-26 21:49:00,19.54, , , , 
2020-07-26 21:50:00,19.55, , , , 
2020-07-26 21:51:00,19.55, , , , 
2020-07-26 21:52:00,19.56, , , , 
2020-07-26 21:53:00,19.58, , , , 
2020-07-26 21:54:00,19.56, , , , 
2020-07-26 21:55:00,19.58, , , , 
2020-07-26 21:56:00,19.57, , , , 
2020-07-26 21:57:00,19.57, , , , 
2020-07-26 21:58:00,19.57, , , , 
2020-07-26 21:59:00,19.54, , , , 
2020-07-26 22:00:00,19.54, , , , 
2020-07-26 22:01:00,19.53, , , , 
2020-07-26 22:02:00,19.54, , , , 
2020-07-26 22:03:00,19.56, , , , 
2020-07-26 22:04:00,19.57, , , , 
2020-07-26 22:05:00,19.57, , , , 
2020-07-26 22:06:00,19.58, , , , 
2020-07-26 22:07:00,19.55, , , , 
2020-07-26 22:08:00,19.56, , , , 
2020-07-26 22:09:00,19.56, , , , 
2020-07-26 22:10:00,19.53, , , , 
2020-07-26 22:11:00,19.54, , , , 
2020-07-26 22:12:00,19.56, , , , 
2020-07-26 22:13:00,19.57, , , , 
2020-07-26 22:14:00,19.57, , , , 
2020-07-26 22:15:00,19.56, , , , 
2020-07-26 22:16:00,19.57, , , , 
2020-07-26 22:17:00,19.55, , , , 
2020-07-26 22:18:00,19.56, , , , 
2020-07-26 22:19:00,19.53, , , , 
2020-07-26 22:20:00,19.54, , , , 
2020-07-26 22:21:00,19.56, , , , 
2020-07-26 22:22:00,19.57, , , , 
2020-07-26 22:23:00,19.58, , , , 
2020-07-26 22:24:00,19.60, , , , 
2020-07-26 22:25:00,19.57, , , , 
2020-07-26 22:26:00,19.56, , , , 
2020-07-26 22:27:00,19.57, , , , 
2020-07-26 22:28:00,19.54, , , , 
2020-07-26 22:29:00,19.55, , , , 
2020-07-26 22:30:00,19.54, , , , 
2020-07-26 22:31:00,19.55, , , , 
2020-07-26 22:32:00,19.57, , , , 
2020-07-26 22:33:00,19.57, , , , 
2020-07-26 22:34:00,19.57, , , , 
2020-07-26 22:35:00,19.60, , , , 
2020-07-26 22:36:00,19.57, , , , 
2020-07-26 22:37:00,19.55, , , , 
2020-07-26 22:38:00,19.54, , , , 
2020-07-26 22:39:00,19.55, , , , 
2020-07-26 22:40:00,19.55, , , , 
2020-07-26 22:41:00,19.57, , , , 
2020-07-26 22:42:00,19.57, , , , 
2020-07-26 22:43:00,19.58, , , , 
2020-07-26 22:44:00,19.57, , , , 
2020-07-26 22:45:00,19.57, , , , 
2020-07-26 22:46:00,19.56, , , , 
2020-07-26 22:47:00,19.55, , , , 
2020-07-26 22:48:00,19.55, , , , 
2020-07-26 22:49:00,19.56, , , , 
2020-07-26 22:50:00,19.56, , , , 
2020-07-26 22:51:00,19.57, , , , 
2020-07-26 22:52:00,19.57, , , , 
2020-07-26 22:53:00,19.56, , , , 
2020-07-26 22:54:00,19.56, , , , 
2020-07-26 22:55:00,19.56, , , , 
2020-07-26 22:56:00,19.53, , , , 
2020-07-26 22:57:00,19.55, , , , 
2020-07-26 22:58:00,19.55, , , , 
2020-07-26 22:59:00,19.54, , , , 
2020-07-26 23:00:00,19.57, , , , 
2020-07-26 23:01:00,19.57, , , , 
2020-07-26 23:02:00,19.57, , , , 
2020-07-26 23:03:00,19.56, , , , 
2020-07-26 23:04:00,19.56, , , , 
2020-07-26 23:05:00,19.53, , , , 
2020-07-26 23:06:00,19.54, , , , 
2020-07-26 23:07:00,19.54, , , , 
2020-07-26 23:08:00,19.56, , , , 
2020-07-26 23:09:00,19.55, , , , 
2020-07-26 23:10:00,19.57, , , , 
2020-07-26 23:11:00,19.58, , , , 
2020-07-26 23:12:00,19.59, , , , 
2020-07-26 23:13:00,19.56, , , , 
2020-07-26 23:14:00,19.54, , , , 
2020-07-26 23:15:00,19.56, , , , 
2020-07-26 23:16:00,19.54, , , , 
2020-07-26 23:17:00,19.54, , , , 
2020-07-26 23:18:00,19.56, , , , 
2020-07-26 23:19:00,19.56, , , , 
2020-07-26 23:20:00,19.57, , , , 
2020-07-26 23:21:00,19.57, , , , 
2020-07-26 23:22:00,19.57, , , , 
2020-07-26 23:23:00,19.54, , , , 
2020-07-26 23:24:00,19.54, , , , 
2020-07-26 23:25:00,19.56, , , , 
2020-07-26 23:26:00,19.55, , , , 
2020-07-26 23:27:00,19.57, , , , 
2020-07-26 23:28:00,19.58, , , , 
2020-07-26 23:29:00,19.57, , , , 
2020-07-26 23:30:00,19.56, , , , 
2020-07-26 23:31:00,19.55, , , , 
2020-07-26 23:32:00,19.56, , , , 
2020-07-26 23:33:00,19.54, , , , 
2020-07-26 23:34:00,19.55, , , , 
2020-07-26 23:35:00,19.54, , , , 
2020-07-26 23:36:00,19.56, , , , 
2020-07-26 23:37:00,19.57, , , , 
2020-07-26 23:38:00,19.56, , , , 
2020-07-26 23:39:00,19.59, , , , 
2020-07-26 23:40:00,19.56, , , , 
2020-07-26 23:41:00,19.55, , , , 
2020-07-26 23:42:00,19.56, , , , 
2020-07-26 23:43:00,19.55, , , , 
2020-07-26 23:44:00,19.55, , , , 
2020-07-26 23:45:00,19.57, , , , 
2020-07-26 23:46:00,19.57, , , , 
2020-07-26 23:47:00,19.57, , , , 
2020-07-26 23:48:00,19.59, , , , 
2020-07-26 23:49:00,19.58, , , , 
2020-07-26 23:50:00,19.57, , , , 
2020-07-26 23:51:00,19.54, , , , 
2020-07-26 23:52:00,19.55, , , , 
2020-07-26 23:53:00,19.56, , , , 
2020-07-26 23:54:00,19.55, , , , 
2020-07-26 23:55:00,19.56, , , , 
2020-07-26 23:56:00,19.55, , , , 
2020-07-26 23:57:00,19.57, , , , 
2020-07-26 23:58:00,19.56, , , , 
2020-07-26 23:59:00,19.54, , , , 
2020-07-27 00:00:00,19.53, , , , 
2020-07-27 00:01:00,19.56, , , , 
2020-07-27 00:02:00,19.54, , , , 
2020-07-27 00:03:00,19.55, , , , 
2020-07-27 00:04:00,19.57, , , , 
2020-07-27 00:05:00,19.58, , , , 
2020-07-27 00:06:00,19.57, , , , 
2020-07-27 00:07:00,19.57, , , , 
2020-07-27 00:08:00,19.56, , , , 
2020-07-27 00:09:00,19.53, , , , 
2020-07-27 00:10:00,19.56, , , , 
2020-07-27 00:11:00,19.55, , , , 
2020-07-27 00:12:00,19.55, , , , 
2020-07-27 00:13:00,19.56, , , , 
2020-07-27 00:14:00,19.60, , , , 
2020-07-27 00:15:00,19.59, , , , 
2020-07-27 00:16:00,19.57, , , , 
2020-07-27 00:17:00,19.57, , , , 
2020-07-27 00:18:00,19.55, , , , 
2020-07-27 00:19:00,19.54, , , , 
2020-07-27 00:20:00,19.54, , , , 
2020-07-27 00:21:00,19.55, , , , 
2020-07-27 00:22:00,19.55, , , , 
2020-07-27 00:23:00,19.55, , , , 
2020-07-27 00:24:00,19.57, , , , 
2020-07-27 00:25:00,19.56, , , , 
2020-07-27 00:26:00,19.56, , , , 
2020-07-27 00:27:00,19.57, , , , 
2020-07-27 00:28:00,19.57, , , , 
2020-07-27 00:29:00,19.54, , , , 
2020-07-27 00:30:00,19.53, , , , 
2020-07-27 00:31:00,19.55, , , , 
2020-07-27 00:32:00,19.54, , , , 
2020-07-27 00:33:00,19.56, , , , 
2020-07-27 00:34:00,19.57, , , , 
2020-07-27 00:35:00,19.55, , , , 
2020-07-27 00:36:00,19.54, , , , 
2020-07-27 00:37:00,19.53, , , , 
2020-07-27 00:38:00,19.52, , , , 
2020-07-27 00:39:00,19.54, , , , 
2020-07-27 00:40:00,19.54, , , , 
2020-07-27 00:41:00,19.55, , , , 
2020-07-27 00:42:00,19.58, , , , 
2020-07-27 00:43:00,19.58, , , , 
2020-07-27 00:44:00,19.56, , , , 
2020-07-27 00:45:00,19.57, , , , 
2020-07-27 00:46:00,19.56, , , , 
2020-07-27 00:47:00,19.55, , , , 
2020-07-27 00:48:00,19.55, , , , 
2020-07-27 00:49:00,19.54, , , , 
2020-07-27 00:50:00,19.57, , , , 
2020-07-27 00:51:00,19.56, , , , 
2020-07-27 00:52:00,19.57, , , , 
2020-07-27 00:53:00,19.57, , , , 
2020-07-27 00:54:00,19.56, , , , 
2020-07-27 00:55:00,19.57, , , , 
2020-07-27 00:56:00,19.54, , , , 
2020-07-27 00:57:00,19.53, , , , 
2020-07-27 00:58:00,19.55, , , , 
2020-07-27 00:59:00,19.57, , , , 
2020-07-27 01:00:00,19.57, , , , 
2020-07-27 01:01:00,19.58, , , , 
2020-07-27 01:02:00,19.56, , , , 
2020-07-27 01:03:00,19.56, , , , 
2020-07-27 01:04:00,19.54, , , , 
2020-07-27 01:05:00,19.53, , , , 
2020-07-27 01:06:00,19.53, , , , 
2020-07-27 01:07:00,19.56, , , , 
2020-07-27 01:08:00,19.55, , , , 
2020-07-27 01:09:00,19.55, , , , 
2020-07-27 01:10:00,19.58, , , , 
2020-07-27 01:11:00,19.57, , , , 
2020-07-27 01:12:00,19.58, , , , 
2020-07-27 01:13:00,19.54, , , , 
2020-07-27 01:14:00,19.55, , , , 
2020-07-27 01:15:00,19.55, , , , 
2020-07-27 01:16:00,19.55, , , , 
2020-07-27 01:17:00,19.55, , , , 
2020-07-27 01:18:00,19.56, , , , 
2020-07-27 01:19:00,19.56, , , , 
2020-07-27 01:20:00,19.59, , , , 
2020-07-27 01:21:00,19.54, , , , 
2020-07-27 01:22:00,19.55, , , , 
2020-07-27 01:23:00,19.55, , , , 
2020-07-27 01:24:00,19.54, , , , 
2020-07-27 01:25:00,19.55, , , , 
2020-07-27 01:26:00,19.55, , , , 
2020-07-27 01:27:00,19.56, , , , 
2020-07-27 01:28:00,19.60, , , , 
2020-07-27 01:29:00,19.57, , , , 
2020-07-27 01:30:00,19.56, , , , 
2020-07-27 01:31:00,19.55, , , , 
2020-07-27 01:32:00,19.56, , , , 
2020-07-27 01:33:00,19.52, , , , 
2020-07-27 01:34:00,19.54, , , , 
2020-07-27 01:35:00,19.53, , , , 
2020-07-27 01:36:00,19.54, , , , 
2020-07-27 01:37:00,19.57, , , , 
2020-07-27 01:38:00,19.57, , , , 
2020-07-27 01:39:00,19.57, , , , 
2020-07-27 01:40:00,19.56, , , , 
2020-07-27 01:41:00,19.57, , , , 
2020-07-27 01:42:00,19.54, , , , 
2020-07-27 01:43:00,19.53, , , , 
2020-07-27 01:44:00,19.54, , , , 
2020-07-27 01:45:00,19.55, , , , 
2020-07-27 01:46:00,19.57, , , , 
2020-07-27 01:47:00,19.54, , , , 
2020-07-27 01:48:00,19.55, , , , 
2020-07-27 01:49:00,19.55, , , , 
2020-07-27 01:50:00,19.55, , , , 
2020-07-27 01:51:00,19.54, , , , 
2020-07-27 01:52:00,19.55, , , , 
2020-07-27 01:53:00,19.53, , , , 
2020-07-27 01:54:00,19.56, , , , 
2020-07-27 01:55:00,19.56, , , , 
2020-07-27 01:56:00,19.58, , , , 
2020-07-27 01:57:00,19.57, , , , 
2020-07-27 01:58:00,19.57, , , , 
2020-07-27 01:59:00,19.56, , , , 
2020-07-27 02:00:00,19.55, , , , 
2020-07-27 02:01:00,19.54, , , , 
2020-07-27 02:02:00,19.55, , , , 
2020-07-27 02:03:00,19.54, , , , 
2020-07-27 02:04:00,19.57, , , , 
2020-07-27 02:05:00,19.56, , , , 
2020-07-27 02:06:00,19.57, , , , 
2020-07-27 02:07:00,19.57, , , , 
2020-07-27 02:08:00,19.55, , , , 
2020-07-27 02:09:00,19.54, , , , 
2020-07-27 02:10:00,19.53, , , , 
2020-07-27 02:11:00,19.54, , , , 
2020-07-27 02:12:00,19.54, , , , 
2020-07-27 02:13:00,19.55, , , , 
2020-07-27 02:14:00,19.56, , , , 
2020-07-27 02:15:00,19.57, , , , 
2020-07-27 02:16:00,19.55, , , , 
2020-07-27 02:17:00,19.55, , , , 
2020-07-27 02:18:00,19.55, , , , 
2020-07-27 02:19:00,19.56, , , , 
2020-07-27 02:20:00,19.55, , , , 
2020-07-27 02:21:00,19.54, , , , 
2020-07-27 02:22:00,19.56, , , , 
2020-07-27 02:23:00,19.56, , , , 
2020-07-27 02:24:00,19.57, , , , 
2020-07-27 02:25:00,19.57, , , , 
2020-07-27 02:26:00,19.56, , , , 
2020-07-27 02:27:00,19.57, , , , 
2020-07-27 02:28:00,19.55, , , , 
2020-07-27 02:29:00,19.55, , , , 
2020-07-27 02:30:00,19.53, , , , 
2020-07-27 02:31:00,19.55, , , , 
2020-07-27 02:32:00,19.55, , , , 
2020-07-27 02:33:00,19.55, , , , 
2020-07-27 02:34:00,19.59, , , , 
2020-07-27 02:35:00,19.61, , , , 
2020-07-27 02:36:00,19.59, , , , 
2020-07-27 02:37:00,19.60, , , , 
2020-07-27 02:38:00,19.59, , , , 
2020-07-27 02:39:00,19.60, , , , 
2020-07-27 02:40:00,19.59, , , , 
2020-07-27 02:41:00,19.60, , , , 
2020-07-27 02:42:00,19.58, , , , 
2020-07-27 02:43:00,19.59, , , , 
2020-07-27 02:44:00,19.61, , , , 
2020-07-27 02:45:00,19.61, , , , 
2020-07-27 02:46:00,19.61, , , , 
2020-07-27 02:47:00,19.61, , , , 
2020-07-27 02:48:00,19.61, , , , 
2020-07-27 02:49:00,19.59, , , , 
2020-07-27 02:50:00,19.59, , , , 
2020-07-27 02:51:00,19.59, , , , 
2020-07-27 02:52:00,19.60, , , , 
2020-07-27 02:53:00,19.63, , , , 
2020-07-27 02:54:00,19.61, , , , 
2020-07-27 02:55:00,19.62, , , , 
2020-07-27 02:56:00,19.60, , , , 
2020-07-27 02:57:00,19.60, , , , 
2020-07-27 02:58:00,19.60, , , , 
2020-07-27 02:59:00,19.60, , , , 
2020-07-27 03:00:00,19.59, , , , 
2020-07-27 03:01:00,19.61, , , , 
2020-07-27 03:02:00,19.63, , , , 
2020-07-27 03:03:00,19.63, , , , 
2020-07-27 03:04:00,19.61, , , , 
2020-07-27 03:05:00,19.60, , , , 
2020-07-27 03:06:00,19.59, , , , 
2020-07-27 03:07:00,19.60, , , , 
2020-07-27 03:08:00,19.60, , , , 
2020-07-27 03:09:00,19.61, , , , 
2020-07-27 03:10:00,19.61, , , , 
2020-07-27 03:11:00,19.62, , , , 
2020-07-27 03:12:00,19.63, , , , 
2020-07-27 03:13:00,19.61, , , , 
2020-07-27 03:14:00,19.61, , , , 
2020-07-27 03:15:00,19.60, , , , 
2020-07-27 03:16:00,19.60, , , , 
2020-07-27 03:17:00,19.61, , , , 
2020-07-27 03:18:00,19.61, , , , 
2020-07-27 03:19:00,19.63, , , , 
2020-07-27 03:20:00,19.62, , , , 
2020-07-27 03:21:00,19.65, , , , 
2020-07-27 03:22:00,19.60, , , , 
2020-07-27 03:23:00,19.59, , , , 
2020-07-27 03:24:00,19.59, , , , 
2020-07-27 03:25:00,19.60, , , , 
2020-07-27 03:26:00,19.61, , , , 
2020-07-27 03:27:00,19.59, , , , 
2020-07-27 03:28:00,19.62, , , , 
2020-07-27 03:29:00,19.62, , , , 
2020-07-27 03:30:00,19.62, , , , 
2020-07-27 03:31:00,19.61, , , , 
2020-07-27 03:32:00,19.61, , , , 
2020-07-27 03:33:00,19.60, , , , 
2020-07-27 03:34:00,19.60, , , , 
2020-07-27 03:35:00,19.59, , , , 
2020-07-27 03:36:00,19.61, , , , 
2020-07-27 03:37:00,19.62, , , , 
2020-07-27 03:38:00,19.63, , , , 
2020-07-27 03:39:00,19.61, , , , 
2020-07-27 03:40:00,19.62, , , , 
2020-07-27 03:41:00,19.60, , , , 
2020-07-27 03:42:00,19.61, , , , 
2020-07-27 03:43:00,19.60, , , , 
2020-07-27 03:44:00,19.62, , , , 
2020-07-27 03:45:00,19.59, , , , 
2020-07-27 03:46:00,19.63, , , , 
2020-07-27 03:47:00,19.62, , , , 
2020-07-27 03:48:00,19.62, , , , 
2020-07-27 03:49:00,19.60, , , , 
2020-07-27 03:50:00,19.62, , , , 
2020-07-27 03:51:00,19.59, , , , 
2020-07-27 03:52:00,19.60, , , , 
2020-07-27 03:53:00,19.58, , , , 
2020-07-27 03:54:00,19.56, , , , 
2020-07-27 03:55:00,19.57, , , , 
2020-07-27 03:56:00,19.55, , , , 
2020-07-27 03:57:00,19.57, , , , 
2020-07-27 03:58:00,19.58, , , , 
2020-07-27 03:59:00,19.58, , , , 
2020-07-27 04:00:00,19.57, , , , 
2020-07-27 04:01:00,19.56, , , , 
2020-07-27 04:02:00,19.57, , , , 
2020-07-27 04:03:00,19.56, , , , 
2020-07-27 04:04:00,19.54, , , , 
2020-07-27 04:05:00,19.56, , , , 
2020-07-27 04:06:00,19.56, , , , 
2020-07-27 04:07:00,19.56, , , , 
2020-07-27 04:08:00,19.58, , , , 
2020-07-27 04:09:00,19.57, , , , 
2020-07-27 04:10:00,19.56, , , , 
2020-07-27 04:11:00,19.54, , , , 
2020-07-27 04:12:00,19.52, , , , 
2020-07-27 04:13:00,19.54, , , , 
2020-07-27 04:14:00,19.55, , , , 
2020-07-27 04:15:00,19.56, , , , 
2020-07-27 04:16:00,19.56, , , , 
2020-07-27 04:17:00,19.57, , , , 
2020-07-27 04:18:00,19.57, , , , 
2020-07-27 04:19:00,19.55, , , , 
2020-07-27 04:20:00,19.56, , , , 
2020-07-27 04:21:00,19.55, , , , 
2020-07-27 04:22:00,19.54, , , , 
2020-07-27 04:23:00,19.54, , , , 
2020-07-27 04:24:00,19.57, , , , 
2020-07-27 04:25:00,19.57, , , , 
2020-07-27 04:26:00,19.58, , , , 
2020-07-27 04:27:00,19.57, , , , 
2020-07-27 04:28:00,19.55, , , , 
2020-07-27 04:29:00,19.53, , , , 
2020-07-27 04:30:00,19.53, , , , 
2020-07-27 04:31:00,19.52, , , , 
2020-07-27 04:32:00,19.53, , , , 
2020-07-27 04:33:00,19.56, , , , 
2020-07-27 04:34:00,19.57, , , , 
2020-07-27 04:35:00,19.56, , , , 
2020-07-27 04:36:00,19.57, , , , 
2020-07-27 04:37:00,19.55, , , , 
2020-07-27 04:38:00,19.54, , , , 
2020-07-27 04:39:00,19.55, , , , 
2020-07-27 04:40:00,19.54, , , , 
2020-07-27 04:41:00,19.53, , , , 
2020-07-27 04:42:00,19.56, , , , 
2020-07-27 04:43:00,19.56, , , , 
2020-07-27 04:44:00,19.58, , , , 
2020-07-27 04:45:00,19.60, , , , 
2020-07-27 04:46:00,19.61, , , , 
2020-07-27 04:47:00,19.61, , , , 
2020-07-27 04:48:00,19.61, , , , 
2020-07-27 04:49:00,19.58, , , , 
2020-07-27 04:50:00,19.58, , , , 
2020-07-27 04:51:00,19.58, , , , 
2020-07-27 04:52:00,19.59, , , , 
2020-07-27 04:53:00,19.62, , , , 
2020-07-27 04:54:00,19.62, , , , 
2020-07-27 04:55:00,19.62, , , , 
2020-07-27 04:56:00,19.61, , , , 
2020-07-27 04:57:00,19.60, , , , 
2020-07-27 04:58:00,19.59, , , , 
2020-07-27 04:59:00,19.61, , , , 
2020-07-27 05:00:00,19.60, , , , 
2020-07-27 05:01:00,19.61, , , , 
2020-07-27 05:02:00,19.63, , , , 
2020-07-27 05:03:00,19.65, , , , 
2020-07-27 05:04:00,19.61, , , , 
2020-07-27 05:05:00,19.65, , , , 
2020-07-27 05:06:00,19.62, , , , 
2020-07-27 05:07:00,19.60, , , , 
2020-07-27 05:08:00,19.60, , , , 
2020-07-27 05:09:00,19.59, , , , 
2020-07-27 05:10:00,19.61, , , , 
2020-07-27 05:11:00,19.61, , , , 
2020-07-27 05:12:00,19.61, , , , 
2020-07-27 05:13:00,19.61, , , , 
2020-07-27 05:14:00,19.62, , , , 
2020-07-27 05:15:00,19.59, , , , 
2020-07-27 05:16:00,19.59, , , , 
2020-07-27 05:17:00,19.58, , , , 
2020-07-27 05:18:00,19.55, , , , 
2020-07-27 05:19:00,19.55, , , , 
2020-07-27 05:20:00,19.56, , , , 
2020-07-27 05:21:00,19.57, , , , 
2020-07-27 05:22:00,19.57, , , , 
2020-07-27 05:23:00,19.56, , , , 
2020-07-27 05:24:00,19.56, , , , 
2020-07-27 05:25:00,19.55, , , , 
2020-07-27 05:26:00,19.57, , , , 
2020-07-27 05:27:00,19.53, , , , 
2020-07-27 05:28:00,19.54, , , , 
2020-07-27 05:29:00,19.55, , , , 
2020-07-27 05:30:00,19.56, , , , 
2020-07-27 05:31:00,19.57, , , , 
2020-07-27 05:32:00,19.57, , , , 
2020-07-27 05:33:00,19.56, , , , 
2020-07-27 05:34:00,19.54, , , , 
2020-07-27 05:35:00,19.55, , , , 
2020-07-27 05:36:00,19.54, , , , 
2020-07-27 05:37:00,19.52, , , , 
2020-07-27 05:38:00,19.56, , , , 
2020-07-27 05:39:00,19.57, , , , 
2020-07-27 05:40:00,19.57, , , , 
2020-07-27 05:41:00,19.56, , , , 
2020-07-27 05:42:00,19.56, , , , 
2020-07-27 05:43:00,19.54, , , , 
2020-07-27 05:44:00,19.53, , , , 
2020-07-27 05:45:00,19.55, , , , 
2020-07-27 05:46:00,19.53, , , , 
2020-07-27 05:47:00,19.55, , , , 
2020-07-27 05:48:00,19.54, , , , 
2020-07-27 05:49:00,19.57, , , , 
2020-07-27 05:50:00,19.57, , , , 
2020-07-27 05:51:00,19.61, , , , 
2020-07-27 05:52:00,19.59, , , , 
2020-07-27 05:53:00,19.59, , , , 
2020-07-27 05:54:00,19.59, , , , 
2020-07-27 05:55:00,19.57, , , , 
2020-07-27 05:56:00,19.57, , , , 
2020-07-27 05:57:00,19.57, , , , 
2020-07-27 05:58:00,19.58, , , , 
2020-07-27 05:59:00,19.59, , , , 
2020-07-27 06:00:00,19.62, , , , 
2020-07-27 06:01:00,19.62, , , , 
2020-07-27 06:02:00,19.61, , , , 
2020-07-27 06:03:00,19.61, , , , 
2020-07-27 06:04:00,19.60, , , , 
2020-07-27 06:05:00,19.61, , , , 
2020-07-27 06:06:00,19.60, , , , 
2020-07-27 06:07:00,19.59, , , , 
2020-07-27 06:08:00,19.61, , , , 
2020-07-27 06:09:00,19.60, , , , 
2020-07-27 06:10:00,19.61, , , , 
2020-07-27 06:11:00,19.62, , , , 
2020-07-27 06:12:00,19.60, , , , 
2020-07-27 06:13:00,19.60, , , , 
2020-07-27 06:14:00,19.61, , , , 
2020-07-27 06:15:00,19.59, , , , 
2020-07-27 06:16:00,19.61, , , , 
2020-07-27 06:17:00,19.60, , , , 
2020-07-27 06:18:00,19.62, , , , 
2020-07-27 06:19:00,19.65, , , , 
2020-07-27 06:20:00,19.62, , , , 
2020-07-27 06:21:00,19.61, , , , 
2020-07-27 06:22:00,19.58, , , , 
2020-07-27 06:23:00,19.58, , , , 
2020-07-27 06:24:00,19.60, , , , 
2020-07-27 06:25:00,19.61, , , , 
2020-07-27 06:26:00,19.60, , , , 
2020-07-27 06:27:00,19.65, , , , 
2020-07-27 06:28:00,19.60, , , , 
2020-07-27 06:29:00,19.62, , , , 
2020-07-27 06:30:00,19.63, , , , 
2020-07-27 06:31:00,19.61, , , , 
2020-07-27 06:32:00,19.61, , , , 
2020-07-27 06:33:00,19.58, , , , 
2020-07-27 06:34:00,19.59, , , , 
2020-07-27 06:35:00,19.60, , , , 
2020-07-27 06:36:00,19.63, , , , 
2020-07-27 06:37:00,19.63, , , , 
2020-07-27 06:38:00,19.62, , , , 
2020-07-27 06:39:00,19.62, , , , 
2020-07-27 06:40:00,19.60, , , , 
2020-07-27 06:41:00,19.59, , , , 
2020-07-27 06:42:00,19.60, , , , 
2020-07-27 06:43:00,19.61, , , , 
2020-07-27 06:44:00,19.61, , , , 
2020-07-27 06:45:00,19.61, , , , 
2020-07-27 06:46:00,19.62, , , , 
2020-07-27 06:47:00,19.60, , , , 
2020-07-27 06:48:00,19.60, , , , 
2020-07-27 06:49:00,19.60, , , , 
2020-07-27 06:50:00,19.60, , , , 
2020-07-27 06:51:00,19.60, , , , 
2020-07-27 06:52:00,19.61, , , , 
2020-07-27 06:53:00,19.61, , , , 
2020-07-27 06:54:00,19.63, , , , 
2020-07-27 06:55:00,19.62, , , , 
2020-07-27 06:56:00,19.62, , , , 
2020-07-27 06:57:00,19.62, , , , 
2020-07-27 06:58:00,19.60, , , , 
2020-07-27 06:59:00,19.62, , , , 
2020-07-27 07:00:00,19.61, , , , 
2020-07-27 07:01:00,19.60, , , , 
2020-07-27 07:02:00,19.62, , , , 
2020-07-27 07:03:00,19.63, , , , 
2020-07-27 07:04:00,19.62, , , , 
2020-07-27 07:05:00,19.61, , , , 
2020-07-27 07:06:00,19.60, , , , 
2020-07-27 07:07:00,19.60, , , , 
2020-07-27 07:08:00,19.58, , , , 
2020-07-27 07:09:00,19.59, , , , 
2020-07-27 07:10:00,19.59, , , , 
2020-07-27 07:11:00,19.61, , , , 
2020-07-27 07:12:00,19.60, , , , 
2020-07-27 07:13:00,19.61, , , , 
2020-07-27 07:14:00,19.63, , , , 
2020-07-27 07:15:00,19.62, , , , 
2020-07-27 07:16:00,19.62, , , , 
2020-07-27 07:17:00,19.62, , , , 
2020-07-27 07:18:00,19.61, , , , 
2020-07-27 07:19:00,19.60, , , , 
2020-07-27 07:20:00,19.61, , , , 
2020-07-27 07:21:00,19.63, , , , 
2020-07-27 07:22:00,19.62, , , , 
2020-07-27 07:23:00,19.65, , , , 
2020-07-27 07:24:00,19.61, , , , 
2020-07-27 07:25:00,19.62, , , , 
2020-07-27 07:26:00,19.61, , , , 
2020-07-27 07:27:00,19.60, , , , 
2020-07-27 07:28:00,19.58, , , , 
2020-07-27 07:29:00,19.60, , , , 
2020-07-27 07:30:00,19.61, , , , 
2020-07-27 07:31:00,19.65, , , , 
2020-07-27 07:32:00,19.62, , , , 
2020-07-27 07:33:00,19.61, , , , 
2020-07-27 07:34:00,19.61, , , , 
2020-07-27 07:35:00,19.61, , , , 
2020-07-27 07:36:00,19.61, , , , 
2020-07-27 07:37:00,19.61, , , , 
2020-07-27 07:38:00,19.59, , , , 
2020-07-27 07:39:00,19.61, , , , 
2020-07-27 07:40:00,19.63, , , , 
2020-07-27 07:41:00,19.63, , , , 
2020-07-27 07:42:00,19.65, , , , 
2020-07-27 07:43:00,19.62, , , , 
2020-07-27 07:44:00,19.60, , , , 
2020-07-27 07:45:00,19.61, , , , 
2020-07-27 07:46:00,19.60, , , , 
2020-07-27 07:47:00,19.58, , , , 
2020-07-27 07:48:00,19.57, , , , 
2020-07-27 07:49:00,19.59, , , , 
2020-07-27 07:50:00,19.61, , , , 
2020-07-27 07:51:00,19.61, , , , 
2020-07-27 07:52:00,19.61, , , , 
2020-07-27 07:53:00,19.62, , , , 
2020-07-27 07:54:00,19.61, , , , 
2020-07-27 07:55:00,19.59, , , , 
2020-07-27 07:56:00,19.60, , , , 
2020-07-27 07:57:00,19.61, , , , 
2020-07-27 07:58:00,19.61, , , , 
2020-07-27 07:59:00,19.61, , , , 
2020-07-27 08:00:00,19.61, , , , 
2020-07-27 08:01:00,19.62, , , , 
2020-07-27 08:02:00,19.60, , , , 
2020-07-27 08:03:00,19.61, , , , 
2020-07-27 08:04:00,19.58, , , , 
2020-07-27 08:05:00,19.60, , , , 
2020-07-27 08:06:00,19.59, , , , 
2020-07-27 08:07:00,19.63, , , , 
2020-07-27 08:08:00,19.63, , , , 
2020-07-27 08:09:00,19.61, , , , 
2020-07-27 08:10:00,19.61, , , , 
2020-07-27 08:11:00,19.61, , , , 
2020-07-27 08:12:00,19.61, , , , 
2020-07-27 08:13:00,19.59, , , , 
2020-07-27 08:14:00,19.58, , , , 
2020-07-27 08:15:00,19.60, , , , 
2020-07-27 08:16:00,19.62, , , , 
2020-07-27 08:17:00,19.65, , , , 
2020-07-27 08:18:00,19.61, , , , 
2020-07-27 08:19:00,19.61, , , , 
2020-07-27 08:20:00,19.61, , , , 
2020-07-27 08:21:00,19.60, , , , 
2020-07-27 08:22:00,19.59, , , , 
2020-07-27 08:23:00,19.57, , , , 
2020-07-27 08:24:00,19.59, , , , 
2020-07-27 08:25:00,19.60, , , , 
2020-07-27 08:26:00,19.61, , , , 
2020-07-27 08:27:00,19.62, , , , 
2020-07-27 08:28:00,19.63, , , , 
2020-07-27 08:29:00,19.61, , , , 
2020-07-27 08:30:00,19.60, , , , 
2020-07-27 08:31:00,19.61, , , , 
2020-07-27 08:32:00,19.59, , , , 
2020-07-27 08:33:00,19.61, , , , 
2020-07-27 08:34:00,19.60, , , , 
2020-07-27 08:35:00,19.62, , , , 
2020-07-27 08:36:00,19.62, , , , 
2020-07-27 08:37:00,19.63, , , , 
2020-07-27 08:38:00,19.61, , , , 
2020-07-27 08:39:00,19.61, , , , 
2020-07-27 08:40:00,19.60, , , , 
2020-07-27 08:41:00,19.57, , , , 
2020-07-27 08:42:00,19.56, , , , 
2020-07-27 08:43:00,19.57, , , , 
2020-07-27 08:44:00,19.55, , , , 
2020-07-27 08:45:00,19.55, , , , 
2020-07-27 08:46:00,19.58, , , , 
2020-07-27 08:47:00,19.57, , , , 
2020-07-27 08:48:00,19.56, , , , 
2020-07-27 08:49:00,19.57, , , , 
2020-07-27 08:50:00,19.54, , , , 
2020-07-27 08:51:00,19.55, , , , 
2020-07-27 08:52:00,19.53, , , , 
2020-07-27 08:53:00,19.56, , , , 
2020-07-27 08:54:00,19.57, , , , 
2020-07-27 08:55:00,19.57, , , , 
2020-07-27 08:56:00,19.55, , , , 
2020-07-27 08:57:00,19.58, , , , 
2020-07-27 08:58:00,19.55, , , , 
2020-07-27 08:59:00,19.56, , , , 
2020-07-27 09:00:00,19.53, , , , 
2020-07-27 09:01:00,19.56, , , , 
2020-07-27 09:02:00,19.56, , , , 
2020-07-27 09:03:00,19.57, , , , 
2020-07-27 09:04:00,19.57, , , , 
2020-07-27 09:05:00,19.57, , , , 
2020-07-27 09:06:00,19.57, , , , 
2020-07-27 09:07:00,19.54, , , , 
2020-07-27 09:08:00,19.53, , , , 
2020-07-27 09:09:00,19.55, , , , 
2020-07-27 09:10:00,19.55, , , , 
2020-07-27 09:11:00,19.55, , , , 
2020-07-27 09:12:00,19.57, , , , 
2020-07-27 09:13:00,19.57, , , , 
2020-07-27 09:14:00,19.57, , , , 
2020-07-27 09:15:00,19.57, , , , 
2020-07-27 09:16:00,19.56, , , , 
2020-07-27 09:17:00,19.55, , , , 
2020-07-27 09:18:00,19.55, , , , 
2020-07-27 09:19:00,19.56, , , , 
2020-07-27 09:20:00,19.54, , , , 
2020-07-27 09:21:00,19.57, , , , 
2020-07-27 09:22:00,19.58, , , , 
2020-07-27 09:23:00,19.57, , , , 
2020-07-27 09:24:00,19.58, , , , 
2020-07-27 09:25:00,19.56, , , , 
2020-07-27 09:26:00,19.56, , , , 
2020-07-27 09:27:00,19.54, , , , 
2020-07-27 09:28:00,19.55, , , , 
2020-07-27 09:29:00,19.54, , , , 
2020-07-27 09:30:00,19.55, , , , 
2020-07-27 09:31:00,19.56, , , , 
2020-07-27 09:32:00,19.56, , , , 
2020-07-27 09:33:00,19.57, , , , 
2020-07-27 09:34:00,19.58, , , , 
2020-07-27 09:35:00,19.59, , , , 
2020-07-27 09:36:00,19.57, , , , 
2020-07-27 09:37:00,19.54, , , , 
2020-07-27 09:38:00,19.55, , , , 
2020-07-27 09:39:00,19.56, , , , 
2020-07-27 09:40:00,19.54, , , , 
2020-07-27 09:41:00,19.55, , , , 
2020-07-27 09:42:00,19.56, , , , 
2020-07-27 09:43:00,19.58, , , , 
2020-07-27 09:44:00,19.60, , , , 
2020-07-27 09:45:00,19.61, , , , 
2020-07-27 09:46:00,19.61, , , , 
2020-07-27 09:47:00,19.60, , , , 
2020-07-27 09:48:00,19.60, , , , 
2020-07-27 09:49:00,19.58, , , , 
2020-07-27 09:50:00,19.59, , , , 
2020-07-27 09:51:00,19.59, , , , 
2020-07-27 09:52:00,19.61, , , , 
2020-07-27 09:53:00,19.62, , , , 
2020-07-27 09:54:00,19.61, , , , 
2020-07-27 09:55:00,19.61, , , , 
2020-07-27 09:56:00,19.61, , , , 
2020-07-27 09:57:00,19.61, , , , 
2020-07-27 09:58:00,19.61, , , , 
2020-07-27 09:59:00,19.59, , , , 
2020-07-27 10:00:00,19.60, , , , 
2020-07-27 10:01:00,19.62, , , , 
2020-07-27 10:02:00,19.62, , , , 
2020-07-27 10:03:00,19.63, , , , 
2020-07-27 10:04:00,19.59, , , , 
2020-07-27 10:05:00,19.61, , , , 
2020-07-27 10:06:00,19.59, , , , 
2020-07-27 10:07:00,19.59, , , , 
2020-07-27 10:08:00,19.59, , , , 
2020-07-27 10:09:00,19.60, , , , 
2020-07-27 10:10:00,19.61, , , , 
2020-07-27 10:11:00,19.60, , , , 
2020-07-27 10:12:00,19.61, , , , 
2020-07-27 10:13:00,19.62, , , , 
2020-07-27 10:14:00,19.60, , , , 
2020-07-27 10:15:00,19.61, , , , 
2020-07-27 10:16:00,19.61, , , , 
2020-07-27 10:17:00,19.61, , , , 
2020-07-27 10:18:00,19.61, , , , 
2020-07-27 10:19:00,19.63, , , , 
2020-07-27 10:20:00,19.61, , , , 
2020-07-27 10:21:00,19.61, , , , 
2020-07-27 10:22:00,19.62, , , , 
2020-07-27 10:23:00,19.63, , , , 
2020-07-27 10:24:00,19.61, , , , 
2020-07-27 10:25:00,19.60, , , , 
2020-07-27 10:26:00,19.61, , , , 
2020-07-27 10:27:00,19.63, , , , 
2020-07-27 10:28:00,19.62, , , , 
2020-07-27 10:29:00,19.63, , , , 
2020-07-27 10:30:00,19.63, , , , 
2020-07-27 10:31:00,19.60, , , , 
2020-07-27 10:32:00,19.63, , , , 
2020-07-27 10:33:00,19.60, , , , 
2020-07-27 10:34:00,19.59, , , , 
2020-07-27 10:35:00,19.61, , , , 
2020-07-27 10:36:00,19.60, , , , 
2020-07-27 10:37:00,19.61, , , , 
2020-07-27 10:38:00,19.63, , , , 
2020-07-27 10:39:00,19.62, , , , 
2020-07-27 10:40:00,19.63, , , , 
2020-07-27 10:41:00,19.62, , , , 
2020-07-27 10:42:00,19.61, , , , 
2020-07-27 10:43:00,19.61, , , , 
2020-07-27 10:44:00,19.61, , , , 
2020-07-27 10:45:00,19.62, , , , 
2020-07-27 10:46:00,19.65, , , , 
2020-07-27 10:47:00,19.65, , , , 
2020-07-27 10:48:00,19.65, , , , 
2020-07-27 10:49:00,19.66, , , , 
2020-07-27 10:50:00,19.61, , , , 
2020-07-27 10:51:00,19.60, , , , 
2020-07-27 10:52:00,19.60, , , , 
2020-07-27 10:53:00,19.58, , , , 
2020-07-27 10:54:00,19.61, , , , 
2020-07-27 10:55:00,19.62, , , , 
2020-07-27 10:56:00,19.63, , , , 
2020-07-27 10:57:00,19.62, , , , 
2020-07-27 10:58:00,19.63, , , , 
2020-07-27 10:59:00,19.61, , , , 
2020-07-27 11:00:00,19.59, , , , 
2020-07-27 11:01:00,19.61, , , , 
2020-07-27 11:02:00,19.61, , , , 
2020-07-27 11:03:00,19.61, , , , 
2020-07-27 11:04:00,19.61, , , , 
2020-07-27 11:05:00,19.61, , , , 
2020-07-27 11:06:00,19.61, , , , 
2020-07-27 11:07:00,19.65, , , , 
2020-07-27 11:08:00,19.66, , , , 
2020-07-27 11:09:00,19.62, , , , 
2020-07-27 11:10:00,19.61, , , , 
2020-07-27 11:11:00,19.60, , , , 
2020-07-27 11:12:00,19.60, , , , 
2020-07-27 11:13:00,19.60, , , , 
2020-07-27 11:14:00,19.61, , , , 
2020-07-27 11:15:00,19.62, , , , 
2020-07-27 11:16:00,19.66, , , , 
2020-07-27 11:17:00,19.60, , , , 
2020-07-27 11:18:00,19.63, , , , 
2020-07-27 11:19:00,19.61, , , , 
2020-07-27 11:20:00,19.61, , , , 
2020-07-27 11:21:00,19.58, , , , 
2020-07-27 11:22:00,19.60, , , , 
2020-07-27 11:23:00,19.57, , , , 
2020-07-27 11:24:00,19.57, , , , 
2020-07-27 11:25:00,19.58, , , , 
2020-07-27 11:26:00,19.57, , , , 
2020-07-27 11:27:00,19.59, , , , 
2020-07-27 11:28:00,19.58, , , , 
2020-07-27 11:29:00,19.59, , , , 
2020-07-27 11:30:00,19.58, , , , 
2020-07-27 11:31:00,19.57, , , , 
2020-07-27 11:32:00,19.56, , , , 
2020-07-27 11:33:00,19.56, , , , 
2020-07-27 11:34:00,19.55, , , , 
2020-07-27 11:35:00,19.60, , , , 
2020-07-27 11:36:00,19.59, , , , 
2020-07-27 11:37:00,19.57, , , , 
2020-07-27 11:38:00,19.57, , , , 
2020-07-27 11:39:00,19.56, , , , 
2020-07-27 11:40:00,19.58, , , , 
2020-07-27 11:41:00,19.55, , , , 
2020-07-27 11:42:00,19.55, , , , 
2020-07-27 11:43:00,19.57, , , , 
2020-07-27 11:44:00,19.58, , , , 
2020-07-27 11:45:00,19.59, , , , 
2020-07-27 11:46:00,19.57, , , , 
2020-07-27 11:47:00,19.56, , , , 
2020-07-27 11:48:00,19.56, , , , 
2020-07-27 11:49:00,19.54, , , , 
2020-07-27 11:50:00,19.55, , , , 
2020-07-27 11:51:00,19.56, , , , 
2020-07-27 11:52:00,19.57, , , , 
2020-07-27 11:53:00,19.58, , , , 
2020-07-27 11:54:00,19.56, , , , 
2020-07-27 11:55:00,19.57, , , , 
2020-07-27 11:56:00,19.57, , , , 
2020-07-27 11:57:00,19.54, , , , 
2020-07-27 11:58:00,19.53, , , , 
2020-07-27 11:59:00,19.56, , , , 
2020-07-27 12:00:00,19.57, , , , 
2020-07-27 12:01:00,19.57, , , , 
2020-07-27 12:02:00,19.59, , , , 
2020-07-27 12:03:00,19.57, , , , 
2020-07-27 12:04:00,19.58, , , , 
2020-07-27 12:05:00,19.57, , , , 
2020-07-27 12:06:00,19.56, , , , 
2020-07-27 12:07:00,19.55, , , , 
2020-07-27 12:08:00,19.55, , , , 
2020-07-27 12:09:00,19.55, , , , 
2020-07-27 12:10:00,19.57, , , , 
2020-07-27 12:11:00,19.58, , , , 
2020-07-27 12:12:00,19.58, , , , 
2020-07-27 12:13:00,19.57, , , , 
2020-07-27 12:14:00,19.56, , , , 
2020-07-27 12:15:00,19.56, , , , 
2020-07-27 12:16:00,19.56, , , , 
2020-07-27 12:17:00,19.54, , , , 
2020-07-27 12:18:00,19.55, , , , 
2020-07-27 12:19:00,19.57, , , , 
2020-07-27 12:20:00,19.58, , , , 
2020-07-27 12:21:00,19.59, , , , 
2020-07-27 12:22:00,19.57, , , , 
2020-07-27 12:23:00,19.57, , , , 
2020-07-27 12:24:00,19.56, , , , 
2020-07-27 12:25:00,19.55, , , , 
2020-07-27 12:26:00,19.53, , , , 
2020-07-27 12:27:00,19.56, , , , 
2020-07-27 12:28:00,19.57, , , , 
2020-07-27 12:29:00,19.55, , , , 
2020-07-27 12:30:00,19.57, , , , 
2020-07-27 12:31:00,19.58, , , , 
2020-07-27 12:32:00,19.57, , , , 
2020-07-27 12:33:00,19.57, , , , 
2020-07-27 12:34:00,19.57, , , , 
2020-07-27 12:35:00,19.56, , , , 
2020-07-27 12:36:00,19.55, , , , 
2020-07-27 12:37:00,19.56, , , , 
2020-07-27 12:38:00,19.56, , , , 
2020-07-27 12:39:00,19.59, , , , 
2020-07-27 12:40:00,19.61, , , , 
2020-07-27 12:41:00,19.60, , , , 
2020-07-27 12:42:00,19.61, , , , 
2020-07-27 12:43:00,19.61, , , , 
2020-07-27 12:44:00,19.61, , , , 
2020-07-27 12:45:00,19.59, , , , 
2020-07-27 12:46:00,19.58, , , , 
2020-07-27 12:47:00,19.59, , , , 
2020-07-27 12:48:00,19.62, , , , 
2020-07-27 12:49:00,19.62, , , , 
2020-07-27 12:50:00,19.62, , , , 
2020-07-27 12:51:00,19.63, , , , 
2020-07-27 12:52:00,19.62, , , , 
2020-07-27 12:53:00,19.61, , , , 
2020-07-27 12:54:00,19.61, , , , 
2020-07-27 12:55:00,19.61, , , , 
2020-07-27 12:56:00,19.61, , , , 
2020-07-27 12:57:00,19.63, , , , 
2020-07-27 12:58:00,19.66, , , , 
2020-07-27 12:59:00,19.63, , , , 
2020-07-27 13:00:00,19.65, , , , 
2020-07-27 13:01:00,19.62, , , , 
2020-07-27 13:02:00,19.61, , , , 
2020-07-27 13:03:00,19.61, , , , 
2020-07-27 13:04:00,19.61, , , , 
2020-07-27 13:05:00,19.62, , , , 
2020-07-27 13:06:00,19.65, , , , 
2020-07-27 13:07:00,19.62, , , , 
2020-07-27 13:08:00,19.65, , , , 
2020-07-27 13:09:00,19.62, , , , 
2020-07-27 13:10:00,19.62, , , , 
2020-07-27 13:11:00,19.61, , , , 
2020-07-27 13:12:00,19.57, , , , 
2020-07-27 13:13:00,19.58, , , , 
2020-07-27 13:14:00,19.60, , , , 
2020-07-27 13:15:00,19.59, , , , 
2020-07-27 13:16:00,19.59, , , , 
2020-07-27 13:17:00,19.57, , , , 
2020-07-27 13:18:00,19.60, , , , 
2020-07-27 13:19:00,19.61, , , , 
2020-07-27 13:20:00,19.59, , , , 
2020-07-27 13:21:00,19.57, , , , 
2020-07-27 13:22:00,19.58, , , , 
2020-07-27 13:23:00,19.57, , , , 
2020-07-27 13:24:00,19.57, , , , 
2020-07-27 13:25:00,19.54, , , , 
2020-07-27 13:26:00,19.54, , , , 
2020-07-27 13:27:00,19.57, , , , 
2020-07-27 13:28:00,19.59, , , , 
2020-07-27 13:29:00,19.58, , , , 
2020-07-27 13:30:00,19.57, , , , 
2020-07-27 13:31:00,19.57, , , , 
2020-07-27 13:32:00,19.57, , , , 
2020-07-27 13:33:00,19.55, , , , 
2020-07-27 13:34:00,19.56, , , , 
2020-07-27 13:35:00,19.57, , , , 
2020-07-27 13:36:00,19.57, , , , 
2020-07-27 13:37:00,19.57, , , , 
2020-07-27 13:38:00,19.59, , , , 
2020-07-27 13:39:00,19.56, , , , 
2020-07-27 13:40:00,19.58, , , , 
2020-07-27 13:41:00,19.56, , , , 
2020-07-27 13:42:00,19.55, , , , 
2020-07-27 13:43:00,19.56, , , , 
2020-07-27 13:44:00,19.58, , , , 
2020-07-27 13:45:00,19.59, , , , 
2020-07-27 13:46:00,19.59, , , , 
2020-07-27 13:47:00,19.62, , , , 
2020-07-27 13:48:00,19.62, , , , 
2020-07-27 13:49:00,19.65, , , , 
2020-07-27 13:50:00,19.68, , , , 
2020-07-27 13:51:00,19.70, , , , 
2020-07-27 13:52:00,19.72, , , , 
2020-07-27 13:53:00,19.74, , , , 
2020-07-27 13:54:00,19.77, , , , 
2020-07-27 13:55:00,19.80, , , , 
2020-07-27 13:56:00,19.79, , , , 
2020-07-27 13:57:00,19.84, , , , 
2020-07-27 13:58:00,19.86, , , , 
2020-07-27 13:59:00,19.88, , , , 
2020-07-27 14:00:00,19.91, , , , 
2020-07-27 14:01:00,19.94, , , , 
2020-07-27 14:02:00,19.96, , , , 
2020-07-27 14:03:00,19.98, , , , 
2020-07-27 14:04:00,20.00, , , , 
2020-07-27 14:05:00,20.03, , , , 
2020-07-27 14:06:00,20.04, , , , 
2020-07-27 14:07:00,20.06, , , , 
2020-07-27 14:08:00,20.11, , , , 
2020-07-27 14:09:00,20.13, , , , 
2020-07-27 14:10:00,20.14, , , , 
2020-07-27 14:11:00,20.19, , , , 
2020-07-27 14:12:00,20.20, , , , 
2020-07-27 14:13:00,20.24, , , , 
2020-07-27 14:14:00,20.25, , , , 
2020-07-27 14:15:00,20.28, , , , 
2020-07-27 14:16:00,20.31, , , , 
2020-07-27 14:17:00,20.35, , , , 
2020-07-27 14:18:00,20.37, , , , 
2020-07-27 14:19:00,20.36, , , , 
2020-07-27 14:20:00,20.40, , , , 
2020-07-27 14:21:00,20.43, , , , 
2020-07-27 14:22:00,20.45, , , , 
2020-07-27 14:23:00,20.48, , , , 
2020-07-27 14:24:00,20.50, , , , 
2020-07-27 14:25:00,20.51, , , , 
2020-07-27 14:26:00,20.56, , , , 
2020-07-27 14:27:00,20.58, , , , 
2020-07-27 14:28:00,20.60, , , , 
2020-07-27 14:29:00,20.62, , , , 
2020-07-27 14:30:00,20.64, , , , 
2020-07-27 14:31:00,20.66, , , , 
2020-07-27 14:32:00,20.69, , , , 
2020-07-27 14:33:00,20.73, , , , 
2020-07-27 14:34:00,20.74, , , , 
2020-07-27 14:35:00,20.76, , , , 
2020-07-27 14:36:00,20.78, , , , 
2020-07-27 14:37:00,20.77, , , , 
2020-07-27 14:38:00,20.83, , , , 
2020-07-27 14:39:00,20.86, , , , 
2020-07-27 14:40:00,20.88, , , , 
2020-07-27 14:41:00,20.91, , , , 
2020-07-27 14:42:00,20.92, , , , 
2020-07-27 14:43:00,20.95, , , , 
2020-07-27 14:44:00,20.95, , , , 
2020-07-27 14:45:00,20.99, , , , 
2020-07-27 14:46:00,21.01, , , , 
2020-07-27 14:47:00,21.02, , , , 
2020-07-27 14:48:00,21.04, , , , 
2020-07-27 14:49:00,21.09, , , , 
2020-07-27 14:50:00,21.11, , , , 
2020-07-27 14:51:00,21.11, , , , 
2020-07-27 14:52:00,21.13, , , , 
2020-07-27 14:53:00,21.15, , , , 
2020-07-27 14:54:00,21.18, , , , 
2020-07-27 14:55:00,21.19, , , , 
2020-07-27 14:56:00,21.22, , , , 
2020-07-27 14:57:00,21.24, , , , 
2020-07-27 14:58:00,21.28, , , , 
2020-07-27 14:59:00,21.30, , , , 
2020-07-27 15:00:00,21.31, , , , 
2020-07-27 15:01:00,21.33, , , , 
2020-07-27 15:02:00,21.35, , , , 
2020-07-27 15:03:00,21.37, , , , 
2020-07-27 15:04:00,21.38, , , , 
2020-07-27 15:05:00,21.42, , , , 
2020-07-27 15:06:00,21.44, , , , 
2020-07-27 15:07:00,21.45, , , , 
2020-07-27 15:08:00,21.47, , , , 
2020-07-27 15:09:00,21.49, , , , 
2020-07-27 15:10:00,21.52, , , , 
2020-07-27 15:11:00,21.53, , , , 
2020-07-27 15:12:00,21.55, , , , 
2020-07-27 15:13:00,21.59, , , , 
2020-07-27 15:14:00,21.58, , , , 
2020-07-27 15:15:00,21.61, , , , 
2020-07-27 15:16:00,21.63, , , , 
2020-07-27 15:17:00,21.65, , , , 
2020-07-27 15:18:00,21.66, , , , 
2020-07-27 15:19:00,21.66, , , , 
2020-07-27 15:20:00,21.62, , , , 
2020-07-27 15:21:00,21.62, , , , 
2020-07-27 15:22:00,21.64, , , , 
2020-07-27 15:23:00,21.65, , , , 
2020-07-27 15:24:00,21.64, , , , 
2020-07-27 15:25:00,21.65, , , , 
2020-07-27 15:26:00,21.66, , , , 
2020-07-27 15:27:00,21.72, , , , 
2020-07-27 15:28:00,21.67, , , , 
2020-07-27 15:29:00,21.66, , , , 
2020-07-27 15:30:00,21.67, , , , 
2020-07-27 15:31:00,21.65, , , , 
2020-07-27 15:32:00,21.67, , , , 
2020-07-27 15:33:00,21.68, , , , 
2020-07-27 15:34:00,21.68, , , , 
2020-07-27 15:35:00,21.72, , , , 
2020-07-27 15:36:00,21.73, , , , 
2020-07-27 15:37:00,21.70, , , , 
2020-07-27 15:38:00,21.68, , , , 
2020-07-27 15:39:00,21.67, , , , 
2020-07-27 15:40:00,21.67, , , , 
2020-07-27 15:41:00,21.68, , , , 
2020-07-27 15:42:00,21.66, , , , 
2020-07-27 15:43:00,21.68, , , , 
2020-07-27 15:44:00,21.68, , , , 
2020-07-27 15:45:00,21.70, , , , 
2020-07-27 15:46:00,21.70, , , , 
2020-07-27 15:47:00,21.70, , , , 
2020-07-27 15:48:00,21.69, , , , 
2020-07-27 15:49:00,21.68, , , , 
2020-07-27 15:50:00,21.67, , , , 
2020-07-27 15:51:00,21.68, , , , 
2020-07-27 15:52:00,21.67, , , , 
2020-07-27 15:53:00,21.67, , , , 
2020-07-27 15:54:00,21.70, , , , 
2020-07-27 15:55:00,21.68, , , , 
2020-07-27 15:56:00,21.68, , , , 
2020-07-27 15:57:00,21.67, , , , 
2020-07-27 15:58:00,21.67, , , , 
2020-07-27 15:59:00,21.65, , , , 
2020-07-27 16:00:00,21.67, , , , 
2020-07-27 16:01:00,21.67, , , , 
2020-07-27 16:02:00,21.69, , , , 
2020-07-27 16:03:00,21.68, , , , 
2020-07-27 16:04:00,21.73, , , , 
2020-07-27 16:05:00,21.73, , , , 
2020-07-27 16:06:00,21.74, , , , 
2020-07-27 16:07:00,21.74, , , , 
2020-07-27 16:08:00,21.73, , , , 
2020-07-27 16:09:00,21.74, , , , 
2020-07-27 16:10:00,21.73, , , , 
2020-07-27 16:11:00,21.74, , , , 
2020-07-27 16:12:00,21.72, , , , 
2020-07-27 16:13:00,21.74, , , , 
2020-07-27 16:14:00,21.75, , , , 
2020-07-27 16:15:00,21.75, , , , 
2020-07-27 16:16:00,21.75, , , , 
2020-07-27 16:17:00,21.75, , , , 
2020-07-27 16:18:00,21.73, , , , 
2020-07-27 16:19:00,21.75, , , , 
2020-07-27 16:20:00,21.74, , , , 
2020-07-27 16:21:00,21.73, , , , 
2020-07-27 16:22:00,21.77, , , , 
2020-07-27 16:23:00,21.76, , , , 
2020-07-27 16:24:00,21.75, , , , 
2020-07-27 16:25:00,21.75, , , , 
2020-07-27 16:26:00,21.72, , , , 
2020-07-27 16:27:00,21.75, , , , 
2020-07-27 16:28:00,21.73, , , , 
2020-07-27 16:29:00,21.74, , , , 
2020-07-27 16:30:00,21.74, , , , 
2020-07-27 16:31:00,21.75, , , , 
2020-07-27 16:32:00,21.77, , , , 
2020-07-27 16:33:00,21.77, , , , 
2020-07-27 16:34:00,21.74, , , , 
2020-07-27 16:35:00,21.75, , , , 
2020-07-27 16:36:00,21.75, , , , 
2020-07-27 16:37:00,21.73, , , , 
2020-07-27 16:38:00,21.75, , , , 
2020-07-27 16:39:00,21.74, , , , 
2020-07-27 16:40:00,21.75, , , , 
2020-07-27 16:41:00,21.78, , , , 
2020-07-27 16:42:00,21.76, , , , 
2020-07-27 16:43:00,21.77, , , , 
2020-07-27 16:44:00,21.74, , , , 
2020-07-27 16:45:00,21.73, , , , 
2020-07-27 16:46:00,21.74, , , , 
2020-07-27 16:47:00,21.73, , , , 
2020-07-27 16:48:00,21.75, , , , 
2020-07-27 16:49:00,21.74, , , , 
2020-07-27 16:50:00,21.77, , , , 
2020-07-27 16:51:00,21.76, , , , 
2020-07-27 16:52:00,21.77, , , , 
2020-07-27 16:53:00,21.77, , , , 
2020-07-27 16:54:00,21.74, , , , 
2020-07-27 16:55:00,21.73, , , , 
2020-07-27 16:56:00,21.68, , , , 
2020-07-27 16:57:00,21.68, , , , 
2020-07-27 16:58:00,21.70, , , , 
2020-07-27 16:59:00,21.70, , , , 
2020-07-27 17:00:00,21.69, , , , 
2020-07-27 17:01:00,21.69, , , , 
2020-07-27 17:02:00,21.72, , , , 
2020-07-27 17:03:00,21.70, , , , 
2020-07-27 17:04:00,21.70, , , , 
2020-07-27 17:05:00,21.69, , , , 
2020-07-27 17:06:00,21.70, , , , 
2020-07-27 17:07:00,21.69, , , , 
2020-07-27 17:08:00,21.68, , , , 
2020-07-27 17:09:00,21.68, , , , 
2020-07-27 17:10:00,21.68, , , , 
2020-07-27 17:11:00,21.68, , , , 
2020-07-27 17:12:00,21.70, , , , 
2020-07-27 17:13:00,21.70, , , , 
2020-07-27 17:14:00,21.69, , , , 
2020-07-27 17:15:00,21.69, , , , 
2020-07-27 17:16:00,21.67, , , , 
2020-07-27 17:17:00,21.67, , , , 
2020-07-27 17:18:00,21.67, , , , 
2020-07-27 17:19:00,21.66, , , , 
2020-07-27 17:20:00,21.67, , , , 
2020-07-27 17:21:00,21.68, , , , 
2020-07-27 17:22:00,21.68, , , , 
2020-07-27 17:23:00,21.70, , , , 
2020-07-27 17:24:00,21.70, , , , 
2020-07-27 17:25:00,21.72, , , , 
2020-07-27 17:26:00,21.68, , , , 
2020-07-27 17:27:00,21.68, , , , 
2020-07-27 17:28:00,21.67, , , , 
2020-07-27 17:29:00,21.66, , , , 
2020-07-27 17:30:00,21.68, , , , 
2020-07-27 17:31:00,21.68, , , , 
2020-07-27 17:32:00,21.68, , , , 
2020-07-27 17:33:00,21.70, , , , 
2020-07-27 17:34:00,21.72, , , , 
2020-07-27 17:35:00,21.70, , , , 
2020-07-27 17:36:00,21.68, , , , 
2020-07-27 17:37:00,21.69, , , , 
2020-07-27 17:38:00,21.69, , , , 
2020-07-27 17:39:00,21.67, , , , 
2020-07-27 17:40:00,21.67, , , , 
2020-07-27 17:41:00,21.67, , , , 
2020-07-27 17:42:00,21.67, , , , 
2020-07-27 17:43:00,21.67, , , , 
2020-07-27 17:44:00,21.70, , , , 
2020-07-27 17:45:00,21.70, , , , 
2020-07-27 17:46:00,21.70, , , , 
2020-07-27 17:47:00,21.68, , , , 
2020-07-27 17:48:00,21.68, , , , 
2020-07-27 17:49:00,21.67, , , , 
2020-07-27 17:50:00,21.66, , , , 
2020-07-27 17:51:00,21.65, , , , 
2020-07-27 17:52:00,21.68, , , , 
2020-07-27 17:53:00,21.67, , , , 
2020-07-27 17:54:00,21.69, , , , 
2020-07-27 17:55:00,21.72, , , , 
2020-07-27 17:56:00,21.70, , , , 
2020-07-27 17:57:00,21.68, , , , 
2020-07-27 17:58:00,21.70, , , , 
2020-07-27 17:59:00,21.66, , , , 
2020-07-27 18:00:00,21.67, , , , 
2020-07-27 18:01:00,21.67, , , , 
2020-07-27 18:02:00,21.68, , , , 
2020-07-27 18:03:00,21.68, , , , 
2020-07-27 18:04:00,21.70, , , , 
2020-07-27 18:05:00,21.68, , , , 
2020-07-27 18:06:00,21.68, , , , 
2020-07-27 18:07:00,21.70, , , , 
2020-07-27 18:08:00,21.67, , , , 
2020-07-27 18:09:00,21.68, , , , 
2020-07-27 18:10:00,21.67, , , , 
2020-07-27 18:11:00,21.67, , , , 
2020-07-27 18:12:00,21.68, , , , 
2020-07-27 18:13:00,21.68, , , , 
2020-07-27 18:14:00,21.70, , , , 
2020-07-27 18:15:00,21.69, , , , 
2020-07-27 18:16:00,21.69, , , , 
2020-07-27 18:17:00,21.68, , , , 
2020-07-27 18:18:00,21.66, , , , 
2020-07-27 18:19:00,21.67, , , , 
2020-07-27 18:20:00,21.66, , , , 
2020-07-27 18:21:00,21.68, , , , 
2020-07-27 18:22:00,21.68, , , , 
2020-07-27 18:23:00,21.70, , , , 
2020-07-27 18:24:00,21.69, , , , 
2020-07-27 18:25:00,21.68, , , , 
2020-07-27 18:26:00,21.68, , , , 
2020-07-27 18:27:00,21.70, , , , 
2020-07-27 18:28:00,21.67, , , , 
2020-07-27 18:29:00,21.66, , , , 
2020-07-27 18:30:00,21.68, , , , 
2020-07-27 18:30:56, ,Logged,Logged, , 
2020-07-27 18:31:00,21.68, , , , 
2020-07-27 18:32:00,21.72, , , , 
2020-07-27 18:33:00,21.72, , , , 
2020-07-27 18:34:00,21.68, , , , 
2020-07-27 18:35:00,21.69, , , , 
2020-07-27 18:36:00,21.67, , , , 
2020-07-27 18:37:00,21.62, , , , 
2020-07-27 18:38:00,21.63, , , , 
2020-07-27 18:39:00,21.61, , , , 
2020-07-27 18:40:00,21.57, , , , 
2020-07-27 18:41:00,21.55, , , , 
2020-07-27 18:42:00,21.55, , , , 
2020-07-27 18:43:00,21.50, , , , 
2020-07-27 18:44:00,21.48, , , , 
2020-07-27 18:45:00,21.45, , , , 
2020-07-27 18:46:00,21.45, , , , 
2020-07-27 18:47:00,21.43, , , , 
2020-07-27 18:48:00,21.45, , , , 
2020-07-27 18:49:00,21.45, , , , 
2020-07-27 18:50:00,21.47, , , , 
2020-07-27 18:51:00,21.46, , , , 
2020-07-27 18:52:00,21.47, , , , 
2020-07-27 18:53:00,21.45, , , , 
2020-07-27 18:54:00,21.45, , , , 
2020-07-27 18:55:00,21.43, , , , 
2020-07-27 18:56:00,21.45, , , , 
2020-07-27 18:57:00,21.43, , , , 
2020-07-27 18:58:00,21.45, , , , 
2020-07-27 18:59:00,21.45, , , , 
2020-07-27 19:00:00,21.46, , , , 
2020-07-27 19:01:00,21.45, , , , 
2020-07-27 19:02:00,21.44, , , , 
2020-07-27 19:03:00,21.45, , , , 
2020-07-27 19:04:00,21.43, , , , 
2020-07-27 19:05:00,21.44, , , , 
2020-07-27 19:06:00,21.43, , , , 
2020-07-27 19:07:00,21.42, , , , 
2020-07-27 19:08:00,21.43, , , , 
2020-07-27 19:09:00,21.45, , , , 
2020-07-27 19:10:00,21.46, , , , 
2020-07-27 19:11:00,21.45, , , , 
2020-07-27 19:12:00,21.43, , , , 
2020-07-27 19:13:00,21.42, , , , 
2020-07-27 19:14:00,21.42, , , , 
2020-07-27 19:15:00,21.44, , , , 
2020-07-27 19:16:00,21.44, , , , 
2020-07-27 19:17:00,21.45, , , , 
2020-07-27 19:18:00,21.46, , , , 
2020-07-27 19:19:00,21.46, , , , 
2020-07-27 19:20:00,21.44, , , , 
2020-07-27 19:21:00,21.42, , , , 
2020-07-27 19:22:00,21.45, , , , 
2020-07-27 19:23:00,21.43, , , , 
2020-07-27 19:24:00,21.43, , , , 
2020-07-27 19:25:00,21.45, , , , 
2020-07-27 19:26:00,21.45, , , , 
2020-07-27 19:27:00,21.45, , , , 
2020-07-27 19:28:00,21.46, , , , 
2020-07-27 19:29:00,21.47, , , , 
2020-07-27 19:30:00,21.46, , , , 
2020-07-27 19:31:00,21.44, , , , 
2020-07-27 19:32:00,21.43, , , , 
2020-07-27 19:33:00,21.43, , , , 
2020-07-27 19:34:00,21.44, , , , 
2020-07-27 19:35:00,21.45, , , , 
2020-07-27 19:36:00,21.45, , , , 
2020-07-27 19:37:00,21.46, , , , 
2020-07-27 19:38:00,21.45, , , , 
2020-07-27 19:39:00,21.45, , , , 
2020-07-27 19:40:00,21.44, , , , 
2020-07-27 19:41:00,21.42, , , , 
2020-07-27 19:42:00,21.43, , , , 
2020-07-27 19:43:00,21.44, , , , 
2020-07-27 19:44:00,21.44, , , , 
2020-07-27 19:45:00,21.44, , , , 
2020-07-27 19:46:00,21.47, , , , 
2020-07-27 19:47:00,21.46, , , , 
2020-07-27 19:48:00,21.43, , , , 
2020-07-27 19:49:00,21.44, , , , 
2020-07-27 19:50:00,21.43, , , , 
2020-07-27 19:51:00,21.44, , , , 
2020-07-27 19:52:00,21.43, , , , 
2020-07-27 19:53:00,21.46, , , , 
2020-07-27 19:54:00,21.46, , , , 
2020-07-27 19:55:00,21.46, , , , 
2020-07-27 19:56:00,21.45, , , , 
2020-07-27 19:57:00,21.44, , , , 
2020-07-27 19:58:00,21.43, , , , 
2020-07-27 19:59:00,21.44, , , , 
2020-07-27 20:00:00,21.43, , , , 
2020-07-27 20:01:00,21.42, , , , 
2020-07-27 20:02:00,21.46, , , , 
2020-07-27 20:03:00,21.47, , , , 
2020-07-27 20:04:00,21.47, , , , 
2020-07-27 20:05:00,21.44, , , , 
2020-07-27 20:06:00,21.44, , , , 
2020-07-27 20:07:00,21.44, , , , 
2020-07-27 20:08:00,21.42, , , , 
2020-07-27 20:09:00,21.39, , , , 
2020-07-27 20:10:00,21.43, , , , 
2020-07-27 20:11:00,21.43, , , , 
2020-07-27 20:12:00,21.44, , , , 
2020-07-27 20:13:00,21.45, , , , 
2020-07-27 20:14:00,21.44, , , , 
2020-07-27 20:15:00,21.45, , , , 
2020-07-27 20:16:00,21.45, , , , 
2020-07-27 20:17:00,21.43, , , , 
2020-07-27 20:18:00,21.40, , , , 
2020-07-27 20:19:00,21.42, , , , 
2020-07-27 20:20:00,21.43, , , , 
2020-07-27 20:21:00,21.45, , , , 
2020-07-27 20:22:00,21.45, , , , 
2020-07-27 20:23:00,21.45, , , , 
2020-07-27 20:24:00,21.46, , , , 
2020-07-27 20:25:00,21.46, , , , 
2020-07-27 20:26:00,21.43, , , , 
2020-07-27 20:27:00,21.44, , , , 
2020-07-27 20:28:00,21.42, , , , 
2020-07-27 20:29:00,21.45, , , , 
2020-07-27 20:30:00,21.45, , , , 
2020-07-27 20:31:00,21.44, , , , 
2020-07-27 20:32:00,21.45, , , , 
2020-07-27 20:33:00,21.46, , , , 
2020-07-27 20:34:00,21.45, , , , 
2020-07-27 20:35:00,21.44, , , , 
2020-07-27 20:36:00,21.44, , , , 
2020-07-27 20:37:00,21.44, , , , 
2020-07-27 20:38:00,21.43, , , , 
2020-07-27 20:39:00,21.45, , , , 
2020-07-27 20:40:00,21.46, , , , 
2020-07-27 20:41:00,21.45, , , , 
2020-07-27 20:42:00,21.45, , , , 
2020-07-27 20:43:00,21.45, , , , 
2020-07-27 20:44:00,21.44, , , , 
2020-07-27 20:45:00,21.43, , , , 
2020-07-27 20:46:00,21.42, , , , 
2020-07-27 20:47:00,21.44, , , , 
2020-07-27 20:48:00,21.45, , , , 
2020-07-27 20:49:00,21.45, , , , 
2020-07-27 20:50:00,21.48, , , , 
2020-07-27 20:51:00,21.45, , , , 
2020-07-27 20:52:00,21.46, , , , 
2020-07-27 20:53:00,21.43, , , , 
2020-07-27 20:54:00,21.43, , , , 
2020-07-27 20:55:00,21.43, , , , 
2020-07-27 20:56:00,21.43, , , , 
2020-07-27 20:57:00,21.42, , , , 
2020-07-27 20:58:00,21.44, , , , 
2020-07-27 20:59:00,21.45, , , , 
2020-07-27 21:00:00,21.45, , , , 
2020-07-27 21:01:00,21.43, , , , 
2020-07-27 21:02:00,21.45, , , , 
2020-07-27 21:03:00,21.43, , , , 
2020-07-27 21:04:00,21.45, , , , 
2020-07-27 21:05:00,21.43, , , , 
2020-07-27 21:06:00,21.45, , , , 
2020-07-27 21:07:00,21.46, , , , 
2020-07-27 21:08:00,21.47, , , , 
2020-07-27 21:09:00,21.46, , , , 
2020-07-27 21:10:00,21.44, , , , 
2020-07-27 21:11:00,21.44, , , , 
2020-07-27 21:12:00,21.43, , , , 
2020-07-27 21:13:00,21.43, , , , 
2020-07-27 21:14:00,21.43, , , , 
2020-07-27 21:15:00,21.42, , , , 
2020-07-27 21:16:00,21.44, , , , 
2020-07-27 21:17:00,21.44, , , , 
2020-07-27 21:18:00,21.45, , , , 
2020-07-27 21:19:00,21.45, , , , 
2020-07-27 21:20:00,21.45, , , , 
2020-07-27 21:21:00,21.44, , , , 
2020-07-27 21:22:00,21.43, , , , 
2020-07-27 21:23:00,21.43, , , , 
2020-07-27 21:24:00,21.43, , , , 
2020-07-27 21:25:00,21.46, , , , 
2020-07-27 21:26:00,21.46, , , , 
2020-07-27 21:27:00,21.46, , , , 
2020-07-27 21:28:00,21.46, , , , 
2020-07-27 21:29:00,21.42, , , , 
2020-07-27 21:30:00,21.42, , , , 
2020-07-27 21:31:00,21.44, , , , 
2020-07-27 21:32:00,21.43, , , , 
2020-07-27 21:33:00,21.43, , , , 
2020-07-27 21:34:00,21.44, , , , 
2020-07-27 21:35:00,21.44, , , , 
2020-07-27 21:36:00,21.47, , , , 
2020-07-27 21:37:00,21.44, , , , 
2020-07-27 21:38:00,21.45, , , , 
2020-07-27 21:39:00,21.43, , , , 
2020-07-27 21:40:00,21.43, , , , 
2020-07-27 21:41:00,21.43, , , , 
2020-07-27 21:42:00,21.43, , , , 
2020-07-27 21:43:00,21.44, , , , 
2020-07-27 21:44:00,21.43, , , , 
2020-07-27 21:45:00,21.45, , , , 
2020-07-27 21:46:00,21.45, , , , 
2020-07-27 21:47:00,21.45, , , , 
2020-07-27 21:48:00,21.46, , , , 
2020-07-27 21:49:00,21.42, , , , 
2020-07-27 21:50:00,21.42, , , , 
2020-07-27 21:51:00,21.43, , , , 
2020-07-27 21:52:00,21.44, , , , 
2020-07-27 21:53:00,21.43, , , , 
2020-07-27 21:54:00,21.43, , , , 
2020-07-27 21:55:00,21.46, , , , 
2020-07-27 21:56:00,21.47, , , , 
2020-07-27 21:57:00,21.44, , , , 
2020-07-27 21:58:00,21.43, , , , 
2020-07-27 21:59:00,21.45, , , , 
2020-07-27 22:00:00,21.44, , , , 
2020-07-27 22:01:00,21.43, , , , 
2020-07-27 22:02:00,21.44, , , , 
2020-07-27 22:03:00,21.44, , , , 
2020-07-27 22:04:00,21.47, , , , 
2020-07-27 22:05:00,21.45, , , , 
2020-07-27 22:06:00,21.45, , , , 
2020-07-27 22:07:00,21.45, , , , 
2020-07-27 22:08:00,21.40, , , , 
2020-07-27 22:09:00,21.40, , , , 
2020-07-27 22:10:00,21.40, , , , 
2020-07-27 22:11:00,21.37, , , , 
2020-07-27 22:12:00,21.38, , , , 
2020-07-27 22:13:00,21.39, , , , 
2020-07-27 22:14:00,21.37, , , , 
2020-07-27 22:15:00,21.39, , , , 
2020-07-27 22:16:00,21.42, , , , 
2020-07-27 22:17:00,21.45, , , , 
2020-07-27 22:18:00,21.43, , , , 
2020-07-27 22:19:00,21.45, , , , 
2020-07-27 22:20:00,21.45, , , , 
2020-07-27 22:21:00,21.43, , , , 
2020-07-27 22:22:00,21.45, , , , 
2020-07-27 22:23:00,21.44, , , , 
2020-07-27 22:24:00,21.43, , , , 
2020-07-27 22:25:00,21.45, , , , 
2020-07-27 22:26:00,21.42, , , , 
2020-07-27 22:27:00,21.44, , , , 
2020-07-27 22:28:00,21.44, , , , 
2020-07-27 22:29:00,21.43, , , , 
2020-07-27 22:30:00,21.45, , , , 
2020-07-27 22:31:00,21.44, , , , 
2020-07-27 22:32:00,21.45, , , , 
2020-07-27 22:33:00,21.44, , , , 
2020-07-27 22:34:00,21.42, , , , 
2020-07-27 22:35:00,21.42, , , , 
2020-07-27 22:36:00,21.43, , , , 
2020-07-27 22:37:00,21.42, , , , 
2020-07-27 22:38:00,21.42, , , , 
2020-07-27 22:39:00,21.45, , , , 
2020-07-27 22:40:00,21.46, , , , 
2020-07-27 22:41:00,21.47, , , , 
2020-07-27 22:42:00,21.46, , , , 
2020-07-27 22:43:00,21.45, , , , 
2020-07-27 22:44:00,21.44, , , , 
2020-07-27 22:45:00,21.43, , , , 
2020-07-27 22:46:00,21.42, , , , 
2020-07-27 22:47:00,21.43, , , , 
2020-07-27 22:48:00,21.44, , , , 
2020-07-27 22:49:00,21.45, , , , 
2020-07-27 22:50:00,21.45, , , , 
2020-07-27 22:51:00,21.46, , , , 
2020-07-27 22:52:00,21.46, , , , 
2020-07-27 22:53:00,21.45, , , , 
2020-07-27 22:54:00,21.43, , , , 
2020-07-27 22:55:00,21.43, , , , 
2020-07-27 22:56:00,21.42, , , , 
2020-07-27 22:57:00,21.37, , , , 
2020-07-27 22:58:00,21.38, , , , 
2020-07-27 22:59:00,21.38, , , , 
2020-07-27 23:00:00,21.40, , , , 
2020-07-27 23:01:00,21.40, , , , 
2020-07-27 23:02:00,21.42, , , , 
2020-07-27 23:03:00,21.37, , , , 
2020-07-27 23:04:00,21.40, , , , 
2020-07-27 23:05:00,21.39, , , , 
2020-07-27 23:06:00,21.37, , , , 
2020-07-27 23:07:00,21.36, , , , 
2020-07-27 23:08:00,21.38, , , , 
2020-07-27 23:09:00,21.37, , , , 
2020-07-27 23:10:00,21.37, , , , 
2020-07-27 23:11:00,21.39, , , , 
2020-07-27 23:12:00,21.37, , , , 
2020-07-27 23:13:00,21.39, , , , 
2020-07-27 23:14:00,21.38, , , , 
2020-07-27 23:15:00,21.37, , , , 
2020-07-27 23:16:00,21.38, , , , 
2020-07-27 23:17:00,21.36, , , , 
2020-07-27 23:18:00,21.36, , , , 
2020-07-27 23:19:00,21.37, , , , 
2020-07-27 23:20:00,21.38, , , , 
2020-07-27 23:21:00,21.39, , , , 
2020-07-27 23:22:00,21.40, , , , 
2020-07-27 23:23:00,21.38, , , , 
2020-07-27 23:24:00,21.38, , , , 
2020-07-27 23:25:00,21.39, , , , 
2020-07-27 23:26:00,21.40, , , , 
2020-07-27 23:27:00,21.34, , , , 
2020-07-27 23:28:00,21.38, , , , 
2020-07-27 23:29:00,21.36, , , , 
2020-07-27 23:30:00,21.38, , , , 
2020-07-27 23:31:00,21.40, , , , 
2020-07-27 23:32:00,21.39, , , , 
2020-07-27 23:33:00,21.39, , , , 
2020-07-27 23:34:00,21.40, , , , 
2020-07-27 23:35:00,21.40, , , , 
2020-07-27 23:36:00,21.37, , , , 
2020-07-27 23:37:00,21.34, , , , 
2020-07-27 23:38:00,21.38, , , , 
2020-07-27 23:39:00,21.36, , , , 
2020-07-27 23:40:00,21.37, , , , 
2020-07-27 23:41:00,21.37, , , , 
2020-07-27 23:42:00,21.40, , , , 
2020-07-27 23:43:00,21.39, , , , 
2020-07-27 23:44:00,21.38, , , , 
2020-07-27 23:45:00,21.40, , , , 
2020-07-27 23:46:00,21.36, , , , 
2020-07-27 23:47:00,21.37, , , , 
2020-07-27 23:48:00,21.36, , , , 
2020-07-27 23:49:00,21.36, , , , 
2020-07-27 23:50:00,21.38, , , , 
2020-07-27 23:51:00,21.37, , , , 
2020-07-27 23:52:00,21.38, , , , 
2020-07-27 23:53:00,21.40, , , , 
2020-07-27 23:54:00,21.42, , , , 
2020-07-27 23:55:00,21.40, , , , 
2020-07-27 23:56:00,21.39, , , , 
2020-07-27 23:57:00,21.36, , , , 
2020-07-27 23:58:00,21.36, , , , 
2020-07-27 23:59:00,21.37, , , , 
2020-07-28 00:00:00,21.34, , , , 
2020-07-28 00:01:00,21.38, , , , 
2020-07-28 00:02:00,21.37, , , , 
2020-07-28 00:03:00,21.39, , , , 
2020-07-28 00:04:00,21.39, , , , 
2020-07-28 00:05:00,21.38, , , , 
2020-07-28 00:06:00,21.38, , , , 
2020-07-28 00:07:00,21.36, , , , 
2020-07-28 00:08:00,21.35, , , , 
2020-07-28 00:09:00,21.37, , , , 
2020-07-28 00:10:00,21.36, , , , 
2020-07-28 00:11:00,21.37, , , , 
2020-07-28 00:12:00,21.37, , , , 
2020-07-28 00:13:00,21.37, , , , 
2020-07-28 00:14:00,21.37, , , , 
2020-07-28 00:15:00,21.39, , , , 
2020-07-28 00:16:00,21.37, , , , 
2020-07-28 00:17:00,21.37, , , , 
2020-07-28 00:18:00,21.38, , , , 
2020-07-28 00:19:00,21.37, , , , 
2020-07-28 00:20:00,21.37, , , , 
2020-07-28 00:21:00,21.37, , , , 
2020-07-28 00:22:00,21.37, , , , 
2020-07-28 00:23:00,21.38, , , , 
2020-07-28 00:24:00,21.39, , , , 
2020-07-28 00:25:00,21.39, , , , 
2020-07-28 00:26:00,21.38, , , , 
2020-07-28 00:27:00,21.37, , , , 
2020-07-28 00:28:00,21.36, , , , 
2020-07-28 00:29:00,21.36, , , , 
2020-07-28 00:30:00,21.36, , , , 
2020-07-28 00:31:00,21.36, , , , 
2020-07-28 00:32:00,21.39, , , , 
2020-07-28 00:33:00,21.38, , , , 
2020-07-28 00:34:00,21.39, , , , 
2020-07-28 00:35:00,21.42, , , , 
2020-07-28 00:36:00,21.37, , , , 
2020-07-28 00:37:00,21.37, , , , 
2020-07-28 00:38:00,21.37, , , , 
2020-07-28 00:39:00,21.37, , , , 
2020-07-28 00:40:00,21.35, , , , 
2020-07-28 00:41:00,21.37, , , , 
2020-07-28 00:42:00,21.37, , , , 
2020-07-28 00:43:00,21.39, , , , 
2020-07-28 00:44:00,21.42, , , , 
2020-07-28 00:45:00,21.40, , , , 
2020-07-28 00:46:00,21.37, , , , 
2020-07-28 00:47:00,21.35, , , , 
2020-07-28 00:48:00,21.37, , , , 
2020-07-28 00:49:00,21.36, , , , 
2020-07-28 00:50:00,21.37, , , , 
2020-07-28 00:51:00,21.39, , , , 
2020-07-28 00:52:00,21.37, , , , 
2020-07-28 00:53:00,21.38, , , , 
2020-07-28 00:54:00,21.39, , , , 
2020-07-28 00:55:00,21.42, , , , 
2020-07-28 00:56:00,21.36, , , , 
2020-07-28 00:57:00,21.37, , , , 
2020-07-28 00:58:00,21.35, , , , 
2020-07-28 00:59:00,21.34, , , , 
2020-07-28 01:00:00,21.37, , , , 
2020-07-28 01:01:00,21.38, , , , 
2020-07-28 01:02:00,21.40, , , , 
2020-07-28 01:03:00,21.38, , , , 
2020-07-28 01:04:00,21.39, , , , 
2020-07-28 01:05:00,21.37, , , , 
2020-07-28 01:06:00,21.37, , , , 
2020-07-28 01:07:00,21.36, , , , 
2020-07-28 01:08:00,21.38, , , , 
2020-07-28 01:09:00,21.39, , , , 
2020-07-28 01:10:00,21.40, , , , 
2020-07-28 01:11:00,21.39, , , , 
2020-07-28 01:12:00,21.38, , , , 
2020-07-28 01:13:00,21.37, , , , 
2020-07-28 01:14:00,21.38, , , , 
2020-07-28 01:15:00,21.37, , , , 
2020-07-28 01:16:00,21.35, , , , 
2020-07-28 01:17:00,21.36, , , , 
2020-07-28 01:18:00,21.38, , , , 
2020-07-28 01:19:00,21.38, , , , 
2020-07-28 01:20:00,21.40, , , , 
2020-07-28 01:21:00,21.38, , , , 
2020-07-28 01:22:00,21.37, , , , 
2020-07-28 01:23:00,21.39, , , , 
2020-07-28 01:24:00,21.39, , , , 
2020-07-28 01:25:00,21.36, , , , 
2020-07-28 01:26:00,21.38, , , , 
2020-07-28 01:27:00,21.37, , , , 
2020-07-28 01:28:00,21.38, , , , 
2020-07-28 01:29:00,21.42, , , , 
2020-07-28 01:30:00,21.39, , , , 
2020-07-28 01:31:00,21.39, , , , 
2020-07-28 01:32:00,21.39, , , , 
2020-07-28 01:33:00,21.37, , , , 
2020-07-28 01:34:00,21.35, , , , 
2020-07-28 01:35:00,21.39, , , , 
2020-07-28 01:36:00,21.37, , , , 
2020-07-28 01:37:00,21.37, , , , 
2020-07-28 01:38:00,21.39, , , , 
2020-07-28 01:39:00,21.40, , , , 
2020-07-28 01:40:00,21.42, , , , 
2020-07-28 01:41:00,21.38, , , , 
2020-07-28 01:42:00,21.38, , , , 
2020-07-28 01:43:00,21.37, , , , 
2020-07-28 01:44:00,21.37, , , , 
2020-07-28 01:45:00,21.37, , , , 
2020-07-28 01:46:00,21.37, , , , 
2020-07-28 01:47:00,21.39, , , , 
2020-07-28 01:48:00,21.39, , , , 
2020-07-28 01:49:00,21.38, , , , 
2020-07-28 01:50:00,21.38, , , , 
2020-07-28 01:51:00,21.35, , , , 
2020-07-28 01:52:00,21.36, , , , 
2020-07-28 01:53:00,21.36, , , , 
2020-07-28 01:54:00,21.37, , , , 
2020-07-28 01:55:00,21.38, , , , 
2020-07-28 01:56:00,21.37, , , , 
2020-07-28 01:57:00,21.38, , , , 
2020-07-28 01:58:00,21.38, , , , 
2020-07-28 01:59:00,21.40, , , , 
2020-07-28 02:00:00,21.39, , , , 
2020-07-28 02:01:00,21.38, , , , 
2020-07-28 02:02:00,21.37, , , , 
2020-07-28 02:03:00,21.37, , , , 
2020-07-28 02:04:00,21.36, , , , 
2020-07-28 02:05:00,21.39, , , , 
2020-07-28 02:06:00,21.37, , , , 
2020-07-28 02:07:00,21.38, , , , 
2020-07-28 02:08:00,21.39, , , , 
2020-07-28 02:09:00,21.38, , , , 
2020-07-28 02:10:00,21.37, , , , 
2020-07-28 02:11:00,21.37, , , , 
2020-07-28 02:12:00,21.37, , , , 
2020-07-28 02:13:00,21.36, , , , 
2020-07-28 02:14:00,21.37, , , , 
2020-07-28 02:15:00,21.36, , , , 
2020-07-28 02:16:00,21.38, , , , 
2020-07-28 02:17:00,21.40, , , , 
2020-07-28 02:18:00,21.37, , , , 
2020-07-28 02:19:00,21.37, , , , 
2020-07-28 02:20:00,21.38, , , , 
2020-07-28 02:21:00,21.37, , , , 
2020-07-28 02:22:00,21.37, , , , 
2020-07-28 02:23:00,21.35, , , , 
2020-07-28 02:24:00,21.36, , , , 
2020-07-28 02:25:00,21.36, , , , 
2020-07-28 02:26:00,21.37, , , , 
2020-07-28 02:27:00,21.35, , , , 
2020-07-28 02:28:00,21.38, , , , 
2020-07-28 02:29:00,21.39, , , , 
2020-07-28 02:30:00,21.38, , , , 
2020-07-28 02:31:00,21.39, , , , 
2020-07-28 02:32:00,21.37, , , , 
2020-07-28 02:33:00,21.36, , , , 
2020-07-28 02:34:00,21.37, , , , 
2020-07-28 02:35:00,21.36, , , , 
2020-07-28 02:36:00,21.38, , , , 
2020-07-28 02:37:00,21.38, , , , 
2020-07-28 02:38:00,21.37, , , , 
2020-07-28 02:39:00,21.40, , , , 
2020-07-28 02:40:00,21.40, , , , 
2020-07-28 02:41:00,21.39, , , , 
2020-07-28 02:42:00,21.38, , , , 
2020-07-28 02:43:00,21.35, , , , 
2020-07-28 02:44:00,21.37, , , , 
2020-07-28 02:45:00,21.35, , , , 
2020-07-28 02:46:00,21.36, , , , 
2020-07-28 02:47:00,21.37, , , , 
2020-07-28 02:48:00,21.37, , , , 
2020-07-28 02:49:00,21.43, , , , 
2020-07-28 02:50:00,21.42, , , , 
2020-07-28 02:51:00,21.38, , , , 
2020-07-28 02:52:00,21.37, , , , 
2020-07-28 02:53:00,21.36, , , , 
2020-07-28 02:54:00,21.35, , , , 
2020-07-28 02:55:00,21.37, , , , 
2020-07-28 02:56:00,21.37, , , , 
2020-07-28 02:57:00,21.38, , , , 
2020-07-28 02:58:00,21.38, , , , 
2020-07-28 02:59:00,21.39, , , , 
2020-07-28 03:00:00,21.42, , , , 
2020-07-28 03:01:00,21.40, , , , 
2020-07-28 03:02:00,21.45, , , , 
2020-07-28 03:03:00,21.44, , , , 
2020-07-28 03:04:00,21.46, , , , 
2020-07-28 03:05:00,21.42, , , , 
2020-07-28 03:06:00,21.44, , , , 
2020-07-28 03:07:00,21.43, , , , 
2020-07-28 03:08:00,21.42, , , , 
2020-07-28 03:09:00,21.44, , , , 
2020-07-28 03:10:00,21.43, , , , 
2020-07-28 03:11:00,21.45, , , , 
2020-07-28 03:12:00,21.44, , , , 
2020-07-28 03:13:00,21.47, , , , 
2020-07-28 03:14:00,21.45, , , , 
2020-07-28 03:15:00,21.45, , , , 
2020-07-28 03:16:00,21.44, , , , 
2020-07-28 03:17:00,21.42, , , , 
2020-07-28 03:18:00,21.42, , , , 
2020-07-28 03:19:00,21.43, , , , 
2020-07-28 03:20:00,21.42, , , , 
2020-07-28 03:21:00,21.42, , , , 
2020-07-28 03:22:00,21.42, , , , 
2020-07-28 03:23:00,21.45, , , , 
2020-07-28 03:24:00,21.45, , , , 
2020-07-28 03:25:00,21.46, , , , 
2020-07-28 03:26:00,21.45, , , , 
2020-07-28 03:27:00,21.43, , , , 
2020-07-28 03:28:00,21.42, , , , 
2020-07-28 03:29:00,21.40, , , , 
2020-07-28 03:30:00,21.43, , , , 
2020-07-28 03:31:00,21.44, , , , 
2020-07-28 03:32:00,21.42, , , , 
2020-07-28 03:33:00,21.44, , , , 
2020-07-28 03:34:00,21.45, , , , 
2020-07-28 03:35:00,21.46, , , , 
2020-07-28 03:36:00,21.45, , , , 
2020-07-28 03:37:00,21.45, , , , 
2020-07-28 03:38:00,21.43, , , , 
2020-07-28 03:39:00,21.40, , , , 
2020-07-28 03:40:00,21.43, , , , 
2020-07-28 03:41:00,21.42, , , , 
2020-07-28 03:42:00,21.42, , , , 
2020-07-28 03:43:00,21.42, , , , 
2020-07-28 03:44:00,21.44, , , , 
2020-07-28 03:45:00,21.43, , , , 
2020-07-28 03:46:00,21.46, , , , 
2020-07-28 03:47:00,21.45, , , , 
2020-07-28 03:48:00,21.44, , , , 
2020-07-28 03:49:00,21.44, , , , 
2020-07-28 03:50:00,21.42, , , , 
2020-07-28 03:51:00,21.42, , , , 
2020-07-28 03:52:00,21.43, , , , 
2020-07-28 03:53:00,21.42, , , , 
2020-07-28 03:54:00,21.43, , , , 
2020-07-28 03:55:00,21.44, , , , 
2020-07-28 03:56:00,21.45, , , , 
2020-07-28 03:57:00,21.46, , , , 
2020-07-28 03:58:00,21.45, , , , 
2020-07-28 03:59:00,21.44, , , , 
2020-07-28 04:00:00,21.40, , , , 
2020-07-28 04:01:00,21.42, , , , 
2020-07-28 04:02:00,21.42, , , , 
2020-07-28 04:03:00,21.45, , , , 
2020-07-28 04:04:00,21.43, , , , 
2020-07-28 04:05:00,21.46, , , , 
2020-07-28 04:06:00,21.46, , , , 
2020-07-28 04:07:00,21.45, , , , 
2020-07-28 04:08:00,21.43, , , , 
2020-07-28 04:09:00,21.44, , , , 
2020-07-28 04:10:00,21.42, , , , 
2020-07-28 04:11:00,21.42, , , , 
2020-07-28 04:12:00,21.42, , , , 
2020-07-28 04:13:00,21.44, , , , 
2020-07-28 04:14:00,21.46, , , , 
2020-07-28 04:15:00,21.45, , , , 
2020-07-28 04:16:00,21.45, , , , 
2020-07-28 04:17:00,21.44, , , , 
2020-07-28 04:18:00,21.42, , , , 
2020-07-28 04:19:00,21.42, , , , 
2020-07-28 04:20:00,21.40, , , , 
2020-07-28 04:21:00,21.44, , , , 
2020-07-28 04:22:00,21.46, , , , 
2020-07-28 04:23:00,21.45, , , , 
2020-07-28 04:24:00,21.47, , , , 
2020-07-28 04:25:00,21.45, , , , 
2020-07-28 04:26:00,21.45, , , , 
2020-07-28 04:27:00,21.43, , , , 
2020-07-28 04:28:00,21.45, , , , 
2020-07-28 04:29:00,21.44, , , , 
2020-07-28 04:30:00,21.43, , , , 
2020-07-28 04:31:00,21.44, , , , 
2020-07-28 04:32:00,21.43, , , , 
2020-07-28 04:33:00,21.45, , , , 
2020-07-28 04:34:00,21.46, , , , 
2020-07-28 04:35:00,21.45, , , , 
2020-07-28 04:36:00,21.45, , , , 
2020-07-28 04:37:00,21.45, , , , 
2020-07-28 04:38:00,21.42, , , , 
2020-07-28 04:39:00,21.42, , , , 
2020-07-28 04:40:00,21.44, , , , 
2020-07-28 04:41:00,21.46, , , , 
2020-07-28 04:42:00,21.45, , , , 
2020-07-28 04:43:00,21.45, , , , 
2020-07-28 04:44:00,21.45, , , , 
2020-07-28 04:45:00,21.45, , , , 
2020-07-28 04:46:00,21.45, , , , 
2020-07-28 04:47:00,21.44, , , , 
2020-07-28 04:48:00,21.43, , , , 
2020-07-28 04:49:00,21.43, , , , 
2020-07-28 04:50:00,21.43, , , , 
2020-07-28 04:51:00,21.44, , , , 
2020-07-28 04:52:00,21.46, , , , 
2020-07-28 04:53:00,21.43, , , , 
2020-07-28 04:54:00,21.45, , , , 
2020-07-28 04:55:00,21.42, , , , 
2020-07-28 04:56:00,21.42, , , , 
2020-07-28 04:57:00,21.44, , , , 
2020-07-28 04:58:00,21.42, , , , 
2020-07-28 04:59:00,21.45, , , , 
2020-07-28 05:00:00,21.44, , , , 
2020-07-28 05:01:00,21.46, , , , 
2020-07-28 05:02:00,21.43, , , , 
2020-07-28 05:03:00,21.45, , , , 
2020-07-28 05:04:00,21.40, , , , 
2020-07-28 05:05:00,21.43, , , , 
2020-07-28 05:06:00,21.43, , , , 
2020-07-28 05:07:00,21.43, , , , 
2020-07-28 05:08:00,21.44, , , , 
2020-07-28 05:09:00,21.45, , , , 
2020-07-28 05:10:00,21.45, , , , 
2020-07-28 05:11:00,21.47, , , , 
2020-07-28 05:12:00,21.45, , , , 
2020-07-28 05:13:00,21.43, , , , 
2020-07-28 05:14:00,21.44, , , , 
2020-07-28 05:15:00,21.43, , , , 
2020-07-28 05:16:00,21.44, , , , 
2020-07-28 05:17:00,21.47, , , , 
2020-07-28 05:18:00,21.43, , , , 
2020-07-28 05:19:00,21.45, , , , 
2020-07-28 05:20:00,21.47, , , , 
2020-07-28 05:21:00,21.43, , , , 
2020-07-28 05:22:00,21.42, , , , 
2020-07-28 05:23:00,21.43, , , , 
2020-07-28 05:24:00,21.42, , , , 
2020-07-28 05:25:00,21.42, , , , 
2020-07-28 05:26:00,21.44, , , , 
2020-07-28 05:27:00,21.45, , , , 
2020-07-28 05:28:00,21.45, , , , 
2020-07-28 05:29:00,21.45, , , , 
2020-07-28 05:30:00,21.44, , , , 
2020-07-28 05:31:00,21.44, , , , 
2020-07-28 05:32:00,21.44, , , , 
2020-07-28 05:33:00,21.44, , , , 
2020-07-28 05:34:00,21.45, , , , 
2020-07-28 05:35:00,21.43, , , , 
2020-07-28 05:36:00,21.46, , , , 
2020-07-28 05:37:00,21.45, , , , 
2020-07-28 05:38:00,21.44, , , , 
2020-07-28 05:39:00,21.44, , , , 
2020-07-28 05:40:00,21.42, , , , 
2020-07-28 05:41:00,21.42, , , , 
2020-07-28 05:42:00,21.43, , , , 
2020-07-28 05:43:00,21.45, , , , 
2020-07-28 05:44:00,21.45, , , , 
2020-07-28 05:45:00,21.45, , , , 
2020-07-28 05:46:00,21.45, , , , 
2020-07-28 05:47:00,21.44, , , , 
2020-07-28 05:48:00,21.44, , , , 
2020-07-28 05:49:00,21.42, , , , 
2020-07-28 05:50:00,21.40, , , , 
2020-07-28 05:51:00,21.39, , , , 
2020-07-28 05:52:00,21.42, , , , 
2020-07-28 05:53:00,21.42, , , , 
2020-07-28 05:54:00,21.43, , , , 
2020-07-28 05:55:00,21.43, , , , 
2020-07-28 05:56:00,21.47, , , , 
2020-07-28 05:57:00,21.46, , , , 
2020-07-28 05:58:00,21.44, , , , 
2020-07-28 05:59:00,21.44, , , , 
2020-07-28 06:00:00,21.42, , , , 
2020-07-28 06:01:00,21.43, , , , 
2020-07-28 06:02:00,21.42, , , , 
2020-07-28 06:03:00,21.43, , , , 
2020-07-28 06:04:00,21.46, , , , 
2020-07-28 06:05:00,21.44, , , , 
2020-07-28 06:06:00,21.44, , , , 
2020-07-28 06:07:00,21.46, , , , 
2020-07-28 06:08:00,21.44, , , , 
2020-07-28 06:09:00,21.42, , , , 
2020-07-28 06:10:00,21.43, , , , 
2020-07-28 06:11:00,21.43, , , , 
2020-07-28 06:12:00,21.44, , , , 
2020-07-28 06:13:00,21.45, , , , 
2020-07-28 06:14:00,21.45, , , , 
2020-07-28 06:15:00,21.45, , , , 
2020-07-28 06:16:00,21.45, , , , 
2020-07-28 06:17:00,21.42, , , , 
2020-07-28 06:18:00,21.42, , , , 
2020-07-28 06:19:00,21.42, , , , 
2020-07-28 06:20:00,21.43, , , , 
2020-07-28 06:21:00,21.43, , , , 
2020-07-28 06:22:00,21.43, , , , 
2020-07-28 06:23:00,21.44, , , , 
2020-07-28 06:24:00,21.44, , , , 
2020-07-28 06:25:00,21.45, , , , 
2020-07-28 06:26:00,21.43, , , , 
2020-07-28 06:27:00,21.43, , , , 
2020-07-28 06:28:00,21.43, , , , 
2020-07-28 06:29:00,21.42, , , , 
2020-07-28 06:30:00,21.42, , , , 
2020-07-28 06:31:00,21.43, , , , 
2020-07-28 06:32:00,21.45, , , , 
2020-07-28 06:33:00,21.45, , , , 
2020-07-28 06:34:00,21.45, , , , 
2020-07-28 06:35:00,21.44, , , , 
2020-07-28 06:36:00,21.43, , , , 
2020-07-28 06:37:00,21.42, , , , 
2020-07-28 06:38:00,21.42, , , , 
2020-07-28 06:39:00,21.42, , , , 
2020-07-28 06:40:00,21.40, , , , 
2020-07-28 06:41:00,21.42, , , , 
2020-07-28 06:42:00,21.45, , , , 
2020-07-28 06:43:00,21.46, , , , 
2020-07-28 06:44:00,21.44, , , , 
2020-07-28 06:45:00,21.45, , , , 
2020-07-28 06:46:00,21.43, , , , 
2020-07-28 06:47:00,21.43, , , , 
2020-07-28 06:48:00,21.40, , , , 
2020-07-28 06:49:00,21.40, , , , 
2020-07-28 06:50:00,21.43, , , , 
2020-07-28 06:51:00,21.44, , , , 
2020-07-28 06:52:00,21.44, , , , 
2020-07-28 06:53:00,21.45, , , , 
2020-07-28 06:54:00,21.44, , , , 
2020-07-28 06:55:00,21.44, , , , 
2020-07-28 06:56:00,21.42, , , , 
2020-07-28 06:57:00,21.42, , , , 
2020-07-28 06:58:00,21.44, , , , 
2020-07-28 06:59:00,21.43, , , , 
2020-07-28 07:00:00,21.40, , , , 
2020-07-28 07:01:00,21.43, , , , 
2020-07-28 07:02:00,21.44, , , , 
2020-07-28 07:03:00,21.45, , , , 
2020-07-28 07:04:00,21.46, , , , 
2020-07-28 07:05:00,21.44, , , , 
2020-07-28 07:06:00,21.42, , , , 
2020-07-28 07:07:00,21.42, , , , 
2020-07-28 07:08:00,21.44, , , , 
2020-07-28 07:09:00,21.42, , , , 
2020-07-28 07:10:00,21.44, , , , 
2020-07-28 07:11:00,21.44, , , , 
2020-07-28 07:12:00,21.45, , , , 
2020-07-28 07:13:00,21.44, , , , 
2020-07-28 07:14:00,21.42, , , , 
2020-07-28 07:15:00,21.42, , , , 
2020-07-28 07:16:00,21.44, , , , 
2020-07-28 07:17:00,21.43, , , , 
2020-07-28 07:18:00,21.44, , , , 
2020-07-28 07:19:00,21.45, , , , 
2020-07-28 07:20:00,21.45, , , , 
2020-07-28 07:21:00,21.46, , , , 
2020-07-28 07:22:00,21.44, , , , 
2020-07-28 07:23:00,21.45, , , , 
2020-07-28 07:24:00,21.42, , , , 
2020-07-28 07:25:00,21.43, , , , 
2020-07-28 07:26:00,21.43, , , , 
2020-07-28 07:27:00,21.42, , , , 
2020-07-28 07:28:00,21.42, , , , 
2020-07-28 07:29:00,21.45, , , , 
2020-07-28 07:30:00,21.45, , , , 
2020-07-28 07:31:00,21.45, , , , 
2020-07-28 07:32:00,21.46, , , , 
2020-07-28 07:33:00,21.45, , , , 
2020-07-28 07:34:00,21.43, , , , 
2020-07-28 07:35:00,21.43, , , , 
2020-07-28 07:36:00,21.42, , , , 
2020-07-28 07:37:00,21.43, , , , 
2020-07-28 07:38:00,21.45, , , , 
2020-07-28 07:39:00,21.45, , , , 
2020-07-28 07:40:00,21.44, , , , 
2020-07-28 07:41:00,21.45, , , , 
2020-07-28 07:42:00,21.44, , , , 
2020-07-28 07:43:00,21.42, , , , 
2020-07-28 07:44:00,21.43, , , , 
2020-07-28 07:45:00,21.42, , , , 
2020-07-28 07:46:00,21.43, , , , 
2020-07-28 07:47:00,21.45, , , , 
2020-07-28 07:48:00,21.45, , , , 
2020-07-28 07:49:00,21.47, , , , 
2020-07-28 07:50:00,21.45, , , , 
2020-07-28 07:51:00,21.42, , , , 
2020-07-28 07:52:00,21.42, , , , 
2020-07-28 07:53:00,21.43, , , , 
2020-07-28 07:54:00,21.44, , , , 
2020-07-28 07:55:00,21.42, , , , 
2020-07-28 07:56:00,21.44, , , , 
2020-07-28 07:57:00,21.46, , , , 
2020-07-28 07:58:00,21.47, , , , 
2020-07-28 07:59:00,21.45, , , , 
2020-07-28 08:00:00,21.42, , , , 
2020-07-28 08:01:00,21.40, , , , 
2020-07-28 08:02:00,21.38, , , , 
2020-07-28 08:03:00,21.39, , , , 
2020-07-28 08:04:00,21.37, , , , 
2020-07-28 08:05:00,21.38, , , , 
2020-07-28 08:06:00,21.37, , , , 
2020-07-28 08:07:00,21.37, , , , 
2020-07-28 08:08:00,21.38, , , , 
2020-07-28 08:09:00,21.40, , , , 
2020-07-28 08:10:00,21.39, , , , 
2020-07-28 08:11:00,21.37, , , , 
2020-07-28 08:12:00,21.37, , , , 
2020-07-28 08:13:00,21.37, , , , 
2020-07-28 08:14:00,21.34, , , , 
2020-07-28 08:15:00,21.36, , , , 
2020-07-28 08:16:00,21.36, , , , 
2020-07-28 08:17:00,21.37, , , , 
2020-07-28 08:18:00,21.37, , , , 
2020-07-28 08:19:00,21.39, , , , 
2020-07-28 08:20:00,21.40, , , , 
2020-07-28 08:21:00,21.38, , , , 
2020-07-28 08:22:00,21.37, , , , 
2020-07-28 08:23:00,21.36, , , , 
2020-07-28 08:24:00,21.37, , , , 
2020-07-28 08:25:00,21.37, , , , 
2020-07-28 08:26:00,21.39, , , , 
2020-07-28 08:27:00,21.38, , , , 
2020-07-28 08:28:00,21.40, , , , 
2020-07-28 08:29:00,21.38, , , , 
2020-07-28 08:30:00,21.35, , , , 
2020-07-28 08:31:00,21.38, , , , 
2020-07-28 08:32:00,21.37, , , , 
2020-07-28 08:33:00,21.37, , , , 
2020-07-28 08:34:00,21.38, , , , 
2020-07-28 08:35:00,21.42, , , , 
2020-07-28 08:36:00,21.39, , , , 
2020-07-28 08:37:00,21.39, , , , 
2020-07-28 08:38:00,21.38, , , , 
2020-07-28 08:39:00,21.36, , , , 
2020-07-28 08:40:00,21.37, , , , 
2020-07-28 08:41:00,21.37, , , , 
2020-07-28 08:42:00,21.36, , , , 
2020-07-28 08:43:00,21.35, , , , 
2020-07-28 08:44:00,21.38, , , , 
2020-07-28 08:45:00,21.39, , , , 
2020-07-28 08:46:00,21.39, , , , 
2020-07-28 08:47:00,21.39, , , , 
2020-07-28 08:48:00,21.37, , , , 
2020-07-28 08:49:00,21.38, , , , 
2020-07-28 08:50:00,21.36, , , , 
2020-07-28 08:51:00,21.37, , , , 
2020-07-28 08:52:00,21.37, , , , 
2020-07-28 08:53:00,21.38, , , , 
2020-07-28 08:54:00,21.39, , , , 
2020-07-28 08:55:00,21.38, , , , 
2020-07-28 08:56:00,21.37, , , , 
2020-07-28 08:57:00,21.38, , , , 
2020-07-28 08:58:00,21.36, , , , 
2020-07-28 08:59:00,21.35, , , , 
2020-07-28 09:00:00,21.37, , , , 
2020-07-28 09:01:00,21.37, , , , 
2020-07-28 09:02:00,21.39, , , , 
2020-07-28 09:03:00,21.38, , , , 
2020-07-28 09:04:00,21.37, , , , 
2020-07-28 09:05:00,21.39, , , , 
2020-07-28 09:06:00,21.37, , , , 
2020-07-28 09:07:00,21.37, , , , 
2020-07-28 09:08:00,21.37, , , , 
2020-07-28 09:09:00,21.35, , , , 
2020-07-28 09:10:00,21.36, , , , 
2020-07-28 09:11:00,21.39, , , , 
2020-07-28 09:12:00,21.39, , , , 
2020-07-28 09:13:00,21.38, , , , 
2020-07-28 09:14:00,21.38, , , , 
2020-07-28 09:15:00,21.37, , , , 
2020-07-28 09:16:00,21.37, , , , 
2020-07-28 09:17:00,21.36, , , , 
2020-07-28 09:18:00,21.37, , , , 
2020-07-28 09:19:00,21.39, , , , 
2020-07-28 09:20:00,21.40, , , , 
2020-07-28 09:21:00,21.38, , , , 
2020-07-28 09:22:00,21.39, , , , 
2020-07-28 09:23:00,21.37, , , , 
2020-07-28 09:24:00,21.36, , , , 
2020-07-28 09:25:00,21.37, , , , 
2020-07-28 09:26:00,21.36, , , , 
2020-07-28 09:27:00,21.36, , , , 
2020-07-28 09:28:00,21.37, , , , 
2020-07-28 09:29:00,21.37, , , , 
2020-07-28 09:30:00,21.37, , , , 
2020-07-28 09:31:00,21.42, , , , 
2020-07-28 09:32:00,21.37, , , , 
2020-07-28 09:33:00,21.36, , , , 
2020-07-28 09:34:00,21.38, , , , 
2020-07-28 09:35:00,21.36, , , , 
2020-07-28 09:36:00,21.36, , , , 
2020-07-28 09:37:00,21.38, , , , 
2020-07-28 09:38:00,21.36, , , , 
2020-07-28 09:39:00,21.39, , , , 
2020-07-28 09:40:00,21.39, , , , 
2020-07-28 09:41:00,21.40, , , , 
2020-07-28 09:42:00,21.36, , , , 
2020-07-28 09:43:00,21.35, , , , 
2020-07-28 09:44:00,21.37, , , , 
2020-07-28 09:45:00,21.36, , , , 
2020-07-28 09:46:00,21.36, , , , 
2020-07-28 09:47:00,21.37, , , , 
2020-07-28 09:48:00,21.39, , , , 
2020-07-28 09:49:00,21.39, , , , 
2020-07-28 09:50:00,21.39, , , , 
2020-07-28 09:51:00,21.37, , , , 
2020-07-28 09:52:00,21.37, , , , 
2020-07-28 09:53:00,21.36, , , , 
2020-07-28 09:54:00,21.34, , , , 
2020-07-28 09:55:00,21.38, , , , 
2020-07-28 09:56:00,21.39, , , , 
2020-07-28 09:57:00,21.39, , , , 
2020-07-28 09:58:00,21.39, , , , 
2020-07-28 09:59:00,21.39, , , , 
2020-07-28 10:00:00,21.36, , , , 
2020-07-28 10:01:00,21.37, , , , 
2020-07-28 10:02:00,21.35, , , , 
2020-07-28 10:03:00,21.36, , , , 
2020-07-28 10:04:00,21.36, , , , 
2020-07-28 10:05:00,21.38, , , , 
2020-07-28 10:06:00,21.37, , , , 
2020-07-28 10:07:00,21.40, , , , 
2020-07-28 10:08:00,21.40, , , , 
2020-07-28 10:09:00,21.39, , , , 
2020-07-28 10:10:00,21.38, , , , 
2020-07-28 10:11:00,21.37, , , , 
2020-07-28 10:12:00,21.34, , , , 
2020-07-28 10:13:00,21.36, , , , 
2020-07-28 10:14:00,21.37, , , , 
2020-07-28 10:15:00,21.37, , , , 
2020-07-28 10:16:00,21.38, , , , 
2020-07-28 10:17:00,21.40, , , , 
2020-07-28 10:18:00,21.42, , , , 
2020-07-28 10:19:00,21.37, , , , 
2020-07-28 10:20:00,21.37, , , , 
2020-07-28 10:21:00,21.36, , , , 
2020-07-28 10:22:00,21.36, , , , 
2020-07-28 10:23:00,21.37, , , , 
2020-07-28 10:24:00,21.38, , , , 
2020-07-28 10:25:00,21.39, , , , 
2020-07-28 10:26:00,21.42, , , , 
2020-07-28 10:27:00,21.42, , , , 
2020-07-28 10:28:00,21.44, , , , 
2020-07-28 10:29:00,21.43, , , , 
2020-07-28 10:30:00,21.43, , , , 
2020-07-28 10:31:00,21.45, , , , 
2020-07-28 10:32:00,21.43, , , , 
2020-07-28 10:33:00,21.44, , , , 
2020-07-28 10:34:00,21.43, , , , 
2020-07-28 10:35:00,21.44, , , , 
2020-07-28 10:36:00,21.43, , , , 
2020-07-28 10:37:00,21.46, , , , 
2020-07-28 10:38:00,21.44, , , , 
2020-07-28 10:39:00,21.46, , , , 
2020-07-28 10:40:00,21.45, , , , 
2020-07-28 10:41:00,21.45, , , , 
2020-07-28 10:42:00,21.42, , , , 
2020-07-28 10:43:00,21.43, , , , 
2020-07-28 10:44:00,21.43, , , , 
2020-07-28 10:45:00,21.44, , , , 
2020-07-28 10:46:00,21.43, , , , 
2020-07-28 10:47:00,21.44, , , , 
2020-07-28 10:48:00,21.40, , , , 
2020-07-28 10:49:00,21.39, , , , 
2020-07-28 10:50:00,21.37, , , , 
2020-07-28 10:51:00,21.35, , , , 
2020-07-28 10:52:00,21.34, , , , 
2020-07-28 10:53:00,21.32, , , , 
2020-07-28 10:54:00,21.30, , , , 
2020-07-28 10:55:00,21.28, , , , 
2020-07-28 10:56:00,21.28, , , , 
2020-07-28 10:57:00,21.23, , , , 
2020-07-28 10:58:00,21.19, , , , 
2020-07-28 10:59:00,21.14, , , , 
2020-07-28 11:00:00,21.13, , , , 
2020-07-28 11:01:00,21.11, , , , 
2020-07-28 11:02:00,21.08, , , , 
2020-07-28 11:03:00,21.09, , , , 
2020-07-28 11:04:00,21.01, , , , 
2020-07-28 11:05:00,21.00, , , , 
2020-07-28 11:06:00,20.98, , , , 
2020-07-28 11:07:00,20.93, , , , 
2020-07-28 11:08:00,20.94, , , , 
2020-07-28 11:09:00,20.89, , , , 
2020-07-28 11:10:00,20.86, , , , 
2020-07-28 11:11:00,20.83, , , , 
2020-07-28 11:12:00,20.79, , , , 
2020-07-28 11:13:00,20.79, , , , 
2020-07-28 11:14:00,20.75, , , , 
2020-07-28 11:15:00,20.72, , , , 
2020-07-28 11:16:00,20.69, , , , 
2020-07-28 11:17:00,20.68, , , , 
2020-07-28 11:18:00,20.63, , , , 
2020-07-28 11:19:00,20.60, , , , 
2020-07-28 11:20:00,20.58, , , , 
2020-07-28 11:21:00,20.56, , , , 
2020-07-28 11:22:00,20.56, , , , 
2020-07-28 11:23:00,20.50, , , , 
2020-07-28 11:24:00,20.48, , , , 
2020-07-28 11:25:00,20.44, , , , 
2020-07-28 11:26:00,20.42, , , , 
2020-07-28 11:27:00,20.37, , , , 
2020-07-28 11:28:00,20.35, , , , 
2020-07-28 11:29:00,20.34, , , , 
2020-07-28 11:30:00,20.32, , , , 
2020-07-28 11:31:00,20.30, , , , 
2020-07-28 11:32:00,20.27, , , , 
2020-07-28 11:33:00,20.24, , , , 
2020-07-28 11:34:00,20.21, , , , 
2020-07-28 11:35:00,20.17, , , , 
2020-07-28 11:36:00,20.16, , , , 
2020-07-28 11:37:00,20.14, , , , 
2020-07-28 11:38:00,20.12, , , , 
2020-07-28 11:39:00,20.09, , , , 
2020-07-28 11:40:00,20.07, , , , 
2020-07-28 11:41:00,20.05, , , , 
2020-07-28 11:42:00,20.04, , , , 
2020-07-28 11:43:00,19.99, , , , 
2020-07-28 11:44:00,19.98, , , , 
2020-07-28 11:45:00,19.96, , , , 
2020-07-28 11:46:00,19.94, , , , 
2020-07-28 11:47:00,19.92, , , , 
2020-07-28 11:48:00,19.89, , , , 
2020-07-28 11:49:00,19.86, , , , 
2020-07-28 11:50:00,19.84, , , , 
2020-07-28 11:51:00,19.82, , , , 
2020-07-28 11:52:00,19.80, , , , 
2020-07-28 11:53:00,19.76, , , , 
2020-07-28 11:54:00,19.75, , , , 
2020-07-28 11:55:00,19.72, , , , 
2020-07-28 11:56:00,19.70, , , , 
2020-07-28 11:57:00,19.69, , , , 
2020-07-28 11:58:00,19.66, , , , 
2020-07-28 11:59:00,19.65, , , , 
2020-07-28 12:00:00,19.61, , , , 
2020-07-28 12:01:00,19.58, , , , 
2020-07-28 12:02:00,19.58, , , , 
2020-07-28 12:03:00,19.54, , , , 
2020-07-28 12:04:00,19.52, , , , 
2020-07-28 12:05:00,19.48, , , , 
2020-07-28 12:06:00,19.46, , , , 
2020-07-28 12:07:00,19.45, , , , 
2020-07-28 12:08:00,19.44, , , , 
2020-07-28 12:09:00,19.42, , , , 
2020-07-28 12:10:00,19.41, , , , 
2020-07-28 12:11:00,19.38, , , , 
2020-07-28 12:12:00,19.33, , , , 
2020-07-28 12:13:00,19.32, , , , 
2020-07-28 12:14:00,19.32, , , , 
2020-07-28 12:15:00,19.29, , , , 
2020-07-28 12:16:00,19.28, , , , 
2020-07-28 12:17:00,19.25, , , , 
2020-07-28 12:18:00,19.23, , , , 
2020-07-28 12:19:00,19.21, , , , 
2020-07-28 12:20:00,19.18, , , , 
2020-07-28 12:21:00,19.16, , , , 
2020-07-28 12:22:00,19.15, , , , 
2020-07-28 12:23:00,19.14, , , , 
2020-07-28 12:24:00,19.11, , , , 
2020-07-28 12:25:00,19.09, , , , 
2020-07-28 12:26:00,19.07, , , , 
2020-07-28 12:27:00,19.07, , , , 
2020-07-28 12:28:00,19.03, , , , 
2020-07-28 12:29:00,19.02, , , , 
2020-07-28 12:30:00,19.00, , , , 
2020-07-28 12:31:00,18.97, , , , 
2020-07-28 12:32:00,18.97, , , , 
2020-07-28 12:33:00,18.94, , , , 
2020-07-28 12:34:00,18.93, , , , 
2020-07-28 12:35:00,18.91, , , , 
2020-07-28 12:36:00,18.89, , , , 
2020-07-28 12:37:00,18.87, , , , 
2020-07-28 12:38:00,18.84, , , , 
2020-07-28 12:39:00,18.84, , , , 
2020-07-28 12:40:00,18.81, , , , 
2020-07-28 12:41:00,18.80, , , , 
2020-07-28 12:42:00,18.77, , , , 
2020-07-28 12:43:00,18.77, , , , 
2020-07-28 12:44:00,18.74, , , , 
2020-07-28 12:45:00,18.73, , , , 
2020-07-28 12:46:00,18.71, , , , 
2020-07-28 12:47:00,18.67, , , , 
2020-07-28 12:48:00,18.68, , , , 
2020-07-28 12:49:00,18.66, , , , 
2020-07-28 12:50:00,18.64, , , , 
2020-07-28 12:51:00,18.64, , , , 
2020-07-28 12:52:00,18.61, , , , 
2020-07-28 12:53:00,18.57, , , , 
2020-07-28 12:54:00,18.56, , , , 
2020-07-28 12:55:00,18.55, , , , 
2020-07-28 12:56:00,18.53, , , , 
2020-07-28 12:57:00,18.52, , , , 
2020-07-28 12:58:00,18.51, , , , 
2020-07-28 12:59:00,18.50, , , , 
2020-07-28 13:00:00,18.48, , , , 
2020-07-28 13:01:00,18.44, , , , 
2020-07-28 13:02:00,18.44, , , , 
2020-07-28 13:03:00,18.43, , , , 
2020-07-28 13:04:00,18.40, , , , 
2020-07-28 13:05:00,18.36, , , , 
2020-07-28 13:06:00,18.38, , , , 
2020-07-28 13:07:00,18.34, , , , 
2020-07-28 13:08:00,18.34, , , , 
2020-07-28 13:09:00,18.34, , , , 
2020-07-28 13:10:00,18.29, , , , 
2020-07-28 13:11:00,18.27, , , , 
2020-07-28 13:12:00,18.27, , , , 
2020-07-28 13:13:00,18.26, , , , 
2020-07-28 13:14:00,18.25, , , , 
2020-07-28 13:15:00,18.23, , , , 
2020-07-28 13:16:00,18.21, , , , 
2020-07-28 13:17:00,18.21, , , , 
2020-07-28 13:18:00,18.18, , , , 
2020-07-28 13:19:00,18.17, , , , 
2020-07-28 13:20:00,18.17, , , , 
2020-07-28 13:21:00,18.13, , , , 
2020-07-28 13:22:00,18.12, , , , 
2020-07-28 13:23:00,18.12, , , , 
2020-07-28 13:24:00,18.09, , , , 
2020-07-28 13:25:00,18.08, , , , 
2020-07-28 13:26:00,18.06, , , , 
2020-07-28 13:27:00,18.05, , , , 
2020-07-28 13:28:00,18.04, , , , 
2020-07-28 13:29:00,18.02, , , , 
2020-07-28 13:30:00,18.02, , , , 
2020-07-28 13:31:00,18.00, , , , 
2020-07-28 13:32:00,17.98, , , , 
2020-07-28 13:33:00,17.97, , , , 
2020-07-28 13:34:00,17.96, , , , 
2020-07-28 13:35:00,17.94, , , , 
2020-07-28 13:36:00,17.94, , , , 
2020-07-28 13:37:00,17.93, , , , 
2020-07-28 13:38:00,17.89, , , , 
2020-07-28 13:39:00,17.85, , , , 
2020-07-28 13:40:00,17.85, , , , 
2020-07-28 13:41:00,17.88, , , , 
2020-07-28 13:42:00,17.85, , , , 
2020-07-28 13:43:00,17.83, , , , 
2020-07-28 13:44:00,17.82, , , , 
2020-07-28 13:45:00,17.80, , , , 
2020-07-28 13:46:00,17.79, , , , 
2020-07-28 13:47:00,17.78, , , , 
2020-07-28 13:48:00,17.76, , , , 
2020-07-28 13:49:00,17.76, , , , 
2020-07-28 13:50:00,17.74, , , , 
2020-07-28 13:51:00,17.73, , , , 
2020-07-28 13:52:00,17.72, , , , 
2020-07-28 13:53:00,17.69, , , , 
2020-07-28 13:54:00,17.68, , , , 
2020-07-28 13:55:00,17.67, , , , 
2020-07-28 13:56:00,17.68, , , , 
2020-07-28 13:57:00,17.65, , , , 
2020-07-28 13:58:00,17.63, , , , 
2020-07-28 13:59:00,17.63, , , , 
2020-07-28 14:00:00,17.62, , , , 
2020-07-28 14:01:00,17.60, , , , 
2020-07-28 14:02:00,17.59, , , , 
2020-07-28 14:03:00,17.58, , , , 
2020-07-28 14:04:00,17.56, , , , 
2020-07-28 14:05:00,17.55, , , , 
2020-07-28 14:06:00,17.54, , , , 
2020-07-28 14:07:00,17.54, , , , 
2020-07-28 14:08:00,17.53, , , , 
2020-07-28 14:09:00,17.50, , , , 
2020-07-28 14:10:00,17.49, , , , 
2020-07-28 14:11:00,17.47, , , , 
2020-07-28 14:12:00,17.48, , , , 
2020-07-28 14:13:00,17.46, , , , 
2020-07-28 14:14:00,17.45, , , , 
2020-07-28 14:15:00,17.43, , , , 
2020-07-28 14:16:00,17.41, , , , 
2020-07-28 14:17:00,17.43, , , , 
2020-07-28 14:18:00,17.41, , , , 
2020-07-28 14:19:00,17.38, , , , 
2020-07-28 14:20:00,17.36, , , , 
2020-07-28 14:21:00,17.36, , , , 
2020-07-28 14:22:00,17.36, , , , 
2020-07-28 14:23:00,17.34, , , , 
2020-07-28 14:24:00,17.34, , , , 
2020-07-28 14:25:00,17.32, , , , 
2020-07-28 14:26:00,17.30, , , , 
2020-07-28 14:27:00,17.30, , , , 
2020-07-28 14:28:00,17.28, , , , 
2020-07-28 14:29:00,17.28, , , , 
2020-07-28 14:30:00,17.25, , , , 
2020-07-28 14:31:00,17.26, , , , 
2020-07-28 14:32:00,17.23, , , , 
2020-07-28 14:33:00,17.23, , , , 
2020-07-28 14:34:00,17.22, , , , 
2020-07-28 14:35:00,17.20, , , , 
2020-07-28 14:36:00,17.20, , , , 
2020-07-28 14:37:00,17.20, , , , 
2020-07-28 14:38:00,17.19, , , , 
2020-07-28 14:39:00,17.17, , , , 
2020-07-28 14:40:00,17.15, , , , 
2020-07-28 14:41:00,17.15, , , , 
2020-07-28 14:42:00,17.15, , , , 
2020-07-28 14:43:00,17.14, , , , 
2020-07-28 14:44:00,17.10, , , , 
2020-07-28 14:45:00,17.10, , , , 
2020-07-28 14:46:00,17.09, , , , 
2020-07-28 14:47:00,17.08, , , , 
2020-07-28 14:48:00,17.08, , , , 
2020-07-28 14:49:00,17.06, , , , 
2020-07-28 14:50:00,17.05, , , , 
2020-07-28 14:51:00,17.03, , , , 
2020-07-28 14:52:00,17.03, , , , 
2020-07-28 14:53:00,17.03, , , , 
2020-07-28 14:54:00,17.02, , , , 
2020-07-28 14:55:00,17.02, , , , 
2020-07-28 14:56:00,17.00, , , , 
2020-07-28 14:57:00,16.99, , , , 
2020-07-28 14:58:00,16.98, , , , 
2020-07-28 14:59:00,16.98, , , , 
2020-07-28 15:00:00,16.96, , , , 
2020-07-28 15:01:00,16.96, , , , 
2020-07-28 15:02:00,16.94, , , , 
2020-07-28 15:03:00,16.94, , , , 
2020-07-28 15:04:00,16.95, , , , 
2020-07-28 15:05:00,16.92, , , , 
2020-07-28 15:06:00,16.91, , , , 
2020-07-28 15:07:00,16.90, , , , 
2020-07-28 15:08:00,16.88, , , , 
2020-07-28 15:09:00,16.88, , , , 
2020-07-28 15:10:00,16.87, , , , 
2020-07-28 15:11:00,16.86, , , , 
2020-07-28 15:12:00,16.86, , , , 
2020-07-28 15:13:00,16.82, , , , 
2020-07-28 15:14:00,16.85, , , , 
2020-07-28 15:15:00,16.82, , , , 
2020-07-28 15:16:00,16.81, , , , 
2020-07-28 15:17:00,16.80, , , , 
2020-07-28 15:18:00,16.80, , , , 
2020-07-28 15:19:00,16.79, , , , 
2020-07-28 15:20:00,16.79, , , , 
2020-07-28 15:21:00,16.78, , , , 
2020-07-28 15:22:00,16.77, , , , 
2020-07-28 15:23:00,16.75, , , , 
2020-07-28 15:24:00,16.76, , , , 
2020-07-28 15:25:00,16.74, , , , 
2020-07-28 15:26:00,16.73, , , , 
2020-07-28 15:27:00,16.73, , , , 
2020-07-28 15:28:00,16.70, , , , 
2020-07-28 15:29:00,16.69, , , , 
2020-07-28 15:30:00,16.69, , , , 
2020-07-28 15:31:00,16.69, , , , 
2020-07-28 15:32:00,16.69, , , , 
2020-07-28 15:33:00,16.69, , , , 
2020-07-28 15:34:00,16.66, , , , 
2020-07-28 15:35:00,16.64, , , , 
2020-07-28 15:36:00,16.65, , , , 
2020-07-28 15:37:00,16.64, , , , 
2020-07-28 15:38:00,16.65, , , , 
2020-07-28 15:39:00,16.62, , , , 
2020-07-28 15:40:00,16.62, , , , 
2020-07-28 15:41:00,16.60, , , , 
2020-07-28 15:42:00,16.61, , , , 
2020-07-28 15:43:00,16.61, , , , 
2020-07-28 15:44:00,16.60, , , , 
2020-07-28 15:45:00,16.59, , , , 
2020-07-28 15:46:00,16.57, , , , 
2020-07-28 15:47:00,16.57, , , , 
2020-07-28 15:48:00,16.55, , , , 
2020-07-28 15:49:00,16.57, , , , 
2020-07-28 15:50:00,16.54, , , , 
2020-07-28 15:51:00,16.51, , , , 
2020-07-28 15:52:00,16.54, , , , 
2020-07-28 15:53:00,16.55, , , , 
2020-07-28 15:54:00,16.51, , , , 
2020-07-28 15:55:00,16.49, , , , 
2020-07-28 15:56:00,16.50, , , , 
2020-07-28 15:57:00,16.49, , , , 
2020-07-28 15:58:00,16.47, , , , 
2020-07-28 15:59:00,16.48, , , , 
2020-07-28 16:00:00,16.47, , , , 
2020-07-28 16:01:00,16.43, , , , 
2020-07-28 16:02:00,16.44, , , , 
2020-07-28 16:03:00,16.44, , , , 
2020-07-28 16:04:00,16.43, , , , 
2020-07-28 16:05:00,16.44, , , , 
2020-07-28 16:06:00,16.44, , , , 
2020-07-28 16:07:00,16.42, , , , 
2020-07-28 16:08:00,16.41, , , , 
2020-07-28 16:09:00,16.44, , , , 
2020-07-28 16:10:00,16.40, , , , 
2020-07-28 16:11:00,16.40, , , , 
2020-07-28 16:12:00,16.40, , , , 
2020-07-28 16:13:00,16.37, , , , 
2020-07-28 16:14:00,16.37, , , , 
2020-07-28 16:15:00,16.35, , , , 
2020-07-28 16:16:00,16.35, , , , 
2020-07-28 16:17:00,16.34, , , , 
2020-07-28 16:18:00,16.35, , , , 
2020-07-28 16:19:00,16.33, , , , 
2020-07-28 16:20:00,16.34, , , , 
2020-07-28 16:21:00,16.33, , , , 
2020-07-28 16:22:00,16.31, , , , 
2020-07-28 16:23:00,16.31, , , , 
2020-07-28 16:24:00,16.30, , , , 
2020-07-28 16:25:00,16.31, , , , 
2020-07-28 16:26:00,16.29, , , , 
2020-07-28 16:27:00,16.28, , , , 
2020-07-28 16:28:00,16.27, , , , 
2020-07-28 16:29:00,16.28, , , , 
2020-07-28 16:30:00,16.25, , , , 
2020-07-28 16:31:00,16.25, , , , 
2020-07-28 16:32:00,16.26, , , , 
2020-07-28 16:33:00,16.24, , , , 
2020-07-28 16:34:00,16.24, , , , 
2020-07-28 16:35:00,16.22, , , , 
2020-07-28 16:36:00,16.22, , , , 
2020-07-28 16:37:00,16.22, , , , 
2020-07-28 16:38:00,16.22, , , , 
2020-07-28 16:39:00,16.19, , , , 
2020-07-28 16:40:00,16.20, , , , 
2020-07-28 16:41:00,16.20, , , , 
2020-07-28 16:42:00,16.19, , , , 
2020-07-28 16:43:00,16.17, , , , 
2020-07-28 16:44:00,16.18, , , , 
2020-07-28 16:45:00,16.17, , , , 
2020-07-28 16:46:00,16.17, , , , 
2020-07-28 16:47:00,16.17, , , , 
2020-07-28 16:48:00,16.16, , , , 
2020-07-28 16:49:00,16.15, , , , 
2020-07-28 16:50:00,16.13, , , , 
2020-07-28 16:51:00,16.15, , , , 
2020-07-28 16:52:00,16.13, , , , 
2020-07-28 16:53:00,16.13, , , , 
2020-07-28 16:54:00,16.12, , , , 
2020-07-28 16:55:00,16.12, , , , 
2020-07-28 16:56:00,16.10, , , , 
2020-07-28 16:57:00,16.11, , , , 
2020-07-28 16:58:00,16.08, , , , 
2020-07-28 16:59:00,16.08, , , , 
2020-07-28 17:00:00,16.08, , , , 
2020-07-28 17:01:00,16.07, , , , 
2020-07-28 17:02:00,16.06, , , , 
2020-07-28 17:03:00,16.07, , , , 
2020-07-28 17:04:00,16.08, , , , 
2020-07-28 17:05:00,16.04, , , , 
2020-07-28 17:06:00,16.04, , , , 
2020-07-28 17:07:00,16.05, , , , 
2020-07-28 17:08:00,16.02, , , , 
2020-07-28 17:09:00,16.04, , , , 
2020-07-28 17:10:00,16.03, , , , 
2020-07-28 17:11:00,16.00, , , , 
2020-07-28 17:12:00,16.01, , , , 
2020-07-28 17:13:00,16.02, , , , 
2020-07-28 17:14:00,16.01, , , , 
2020-07-28 17:15:00,16.01, , , , 
2020-07-28 17:16:00,16.00, , , , 
2020-07-28 17:17:00,16.00, , , , 
2020-07-28 17:18:00,15.98, , , , 
2020-07-28 17:19:00,16.00, , , , 
2020-07-28 17:20:00,15.99, , , , 
2020-07-28 17:21:00,15.96, , , , 
2020-07-28 17:22:00,15.97, , , , 
2020-07-28 17:23:00,15.96, , , , 
2020-07-28 17:24:00,15.96, , , , 
2020-07-28 17:25:00,15.96, , , , 
2020-07-28 17:26:00,15.92, , , , 
2020-07-28 17:27:00,15.93, , , , 
2020-07-28 17:28:00,15.95, , , , 
2020-07-28 17:29:00,15.93, , , , 
2020-07-28 17:30:00,15.92, , , , 
2020-07-28 17:31:00,15.91, , , , 
2020-07-28 17:32:00,15.90, , , , 
2020-07-28 17:33:00,15.92, , , , 
2020-07-28 17:34:00,15.90, , , , 
2020-07-28 17:35:00,15.89, , , , 
2020-07-28 17:36:00,15.90, , , , 
2020-07-28 17:37:00,15.87, , , , 
2020-07-28 17:38:00,15.90, , , , 
2020-07-28 17:39:00,15.86, , , , 
2020-07-28 17:40:00,15.89, , , , 
2020-07-28 17:41:00,15.86, , , , 
2020-07-28 17:42:00,15.86, , , , 
2020-07-28 17:43:00,15.85, , , , 
2020-07-28 17:44:00,15.86, , , , 
2020-07-28 17:45:00,15.85, , , , 
2020-07-28 17:46:00,15.87, , , , 
2020-07-28 17:47:00,15.84, , , , 
2020-07-28 17:48:00,15.84, , , , 
2020-07-28 17:49:00,15.84, , , , 
2020-07-28 17:50:00,15.82, , , , 
2020-07-28 17:51:00,15.83, , , , 
2020-07-28 17:52:00,15.82, , , , 
2020-07-28 17:53:00,15.84, , , , 
2020-07-28 17:54:00,15.80, , , , 
2020-07-28 17:55:00,15.81, , , , 
2020-07-28 17:56:00,15.81, , , , 
2020-07-28 17:57:00,15.82, , , , 
2020-07-28 17:58:00,15.78, , , , 
2020-07-28 17:59:00,15.78, , , , 
2020-07-28 18:00:00,15.78, , , , 
2020-07-28 18:01:00,15.80, , , , 
2020-07-28 18:02:00,15.76, , , , 
2020-07-28 18:03:00,15.77, , , , 
2020-07-28 18:04:00,15.75, , , , 
2020-07-28 18:05:00,15.74, , , , 
2020-07-28 18:06:00,15.74, , , , 
2020-07-28 18:07:00,15.75, , , , 
2020-07-28 18:08:00,15.74, , , , 
2020-07-28 18:09:00,15.73, , , , 
2020-07-28 18:10:00,15.72, , , , 
2020-07-28 18:11:00,15.73, , , , 
2020-07-28 18:12:00,15.71, , , , 
2020-07-28 18:13:00,15.70, , , , 
2020-07-28 18:14:00,15.70, , , , 
2020-07-28 18:15:00,15.71, , , , 
2020-07-28 18:16:00,15.71, , , , 
2020-07-28 18:17:00,15.69, , , , 
2020-07-28 18:18:00,15.69, , , , 
2020-07-28 18:19:00,15.68, , , , 
2020-07-28 18:20:00,15.69, , , , 
2020-07-28 18:21:00,15.69, , , , 
2020-07-28 18:22:00,15.68, , , , 
2020-07-28 18:23:00,15.67, , , , 
2020-07-28 18:24:00,15.67, , , , 
2020-07-28 18:25:00,15.67, , , , 
2020-07-28 18:26:00,15.68, , , , 
2020-07-28 18:27:00,15.68, , , , 
2020-07-28 18:28:00,15.66, , , , 
2020-07-28 18:29:00,15.63, , , , 
2020-07-28 18:30:00,15.63, , , , 
2020-07-28 18:31:00,15.63, , , , 
2020-07-28 18:32:00,15.63, , , , 
2020-07-28 18:33:00,15.61, , , , 
2020-07-28 18:34:00,15.60, , , , 
2020-07-28 18:35:00,15.61, , , , 
2020-07-28 18:36:00,15.61, , , , 
2020-07-28 18:37:00,15.61, , , , 
2020-07-28 18:38:00,15.59, , , , 
2020-07-28 18:39:00,15.60, , , , 
2020-07-28 18:40:00,15.59, , , , 
2020-07-28 18:41:00,15.61, , , , 
2020-07-28 18:42:00,15.59, , , , 
2020-07-28 18:43:00,15.59, , , , 
2020-07-28 18:44:00,15.57, , , , 
2020-07-28 18:45:00,15.57, , , , 
2020-07-28 18:46:00,15.57, , , , 
2020-07-28 18:47:00,15.57, , , , 
2020-07-28 18:48:00,15.56, , , , 
2020-07-28 18:49:00,15.55, , , , 
2020-07-28 18:50:00,15.55, , , , 
2020-07-28 18:51:00,15.53, , , , 
2020-07-28 18:52:00,15.55, , , , 
2020-07-28 18:53:00,15.54, , , , 
2020-07-28 18:54:00,15.55, , , , 
2020-07-28 18:55:00,15.53, , , , 
2020-07-28 18:56:00,15.53, , , , 
2020-07-28 18:57:00,15.52, , , , 
2020-07-28 18:58:00,15.52, , , , 
2020-07-28 18:59:00,15.53, , , , 
2020-07-28 19:00:00,15.53, , , , 
2020-07-28 19:01:00,15.53, , , , 
2020-07-28 19:02:00,15.49, , , , 
2020-07-28 19:03:00,15.51, , , , 
2020-07-28 19:04:00,15.51, , , , 
2020-07-28 19:05:00,15.49, , , , 
2020-07-28 19:06:00,15.48, , , , 
2020-07-28 19:07:00,15.47, , , , 
2020-07-28 19:08:00,15.47, , , , 
2020-07-28 19:09:00,15.45, , , , 
2020-07-28 19:10:00,15.47, , , , 
2020-07-28 19:11:00,15.47, , , , 
2020-07-28 19:12:00,15.47, , , , 
2020-07-28 19:13:00,15.47, , , , 
2020-07-28 19:14:00,15.45, , , , 
2020-07-28 19:15:00,15.44, , , , 
2020-07-28 19:16:00,15.44, , , , 
2020-07-28 19:17:00,15.45, , , , 
2020-07-28 19:18:00,15.43, , , , 
2020-07-28 19:19:00,15.42, , , , 
2020-07-28 19:20:00,15.42, , , , 
2020-07-28 19:21:00,15.42, , , , 
2020-07-28 19:22:00,15.42, , , , 
2020-07-28 19:23:00,15.42, , , , 
2020-07-28 19:24:00,15.42, , , , 
2020-07-28 19:25:00,15.41, , , , 
2020-07-28 19:26:00,15.42, , , , 
2020-07-28 19:27:00,15.42, , , , 
2020-07-28 19:28:00,15.40, , , , 
2020-07-28 19:29:00,15.37, , , , 
2020-07-28 19:30:00,15.40, , , , 
2020-07-28 19:31:00,15.37, , , , 
2020-07-28 19:32:00,15.39, , , , 
2020-07-28 19:33:00,15.37, , , , 
2020-07-28 19:34:00,15.41, , , , 
2020-07-28 19:35:00,15.36, , , , 
2020-07-28 19:36:00,15.37, , , , 
2020-07-28 19:37:00,15.39, , , , 
2020-07-28 19:38:00,15.37, , , , 
2020-07-28 19:39:00,15.34, , , , 
2020-07-28 19:40:00,15.33, , , , 
2020-07-28 19:41:00,15.37, , , , 
2020-07-28 19:42:00,15.37, , , , 
2020-07-28 19:43:00,15.33, , , , 
2020-07-28 19:44:00,15.34, , , , 
2020-07-28 19:45:00,15.33, , , , 
2020-07-28 19:46:00,15.32, , , , 
2020-07-28 19:47:00,15.32, , , , 
2020-07-28 19:48:00,15.32, , , , 
2020-07-28 19:49:00,15.32, , , , 
2020-07-28 19:50:00,15.30, , , , 
2020-07-28 19:51:00,15.32, , , , 
2020-07-28 19:52:00,15.31, , , , 
2020-07-28 19:53:00,15.32, , , , 
2020-07-28 19:54:00,15.31, , , , 
2020-07-28 19:55:00,15.28, , , , 
2020-07-28 19:56:00,15.28, , , , 
2020-07-28 19:57:00,15.28, , , , 
2020-07-28 19:58:00,15.28, , , , 
2020-07-28 19:59:00,15.28, , , , 
2020-07-28 20:00:00,15.28, , , , 
2020-07-28 20:01:00,15.27, , , , 
2020-07-28 20:02:00,15.26, , , , 
2020-07-28 20:03:00,15.26, , , , 
2020-07-28 20:04:00,15.27, , , , 
2020-07-28 20:05:00,15.26, , , , 
2020-07-28 20:06:00,15.25, , , , 
2020-07-28 20:07:00,15.27, , , , 
2020-07-28 20:08:00,15.26, , , , 
2020-07-28 20:09:00,15.25, , , , 
2020-07-28 20:10:00,15.26, , , , 
2020-07-28 20:11:00,15.24, , , , 
2020-07-28 20:12:00,15.24, , , , 
2020-07-28 20:13:00,15.24, , , , 
2020-07-28 20:14:00,15.23, , , , 
2020-07-28 20:15:00,15.23, , , , 
2020-07-28 20:16:00,15.24, , , , 
2020-07-28 20:17:00,15.23, , , , 
2020-07-28 20:18:00,15.23, , , , 
2020-07-28 20:19:00,15.19, , , , 
2020-07-28 20:20:00,15.21, , , , 
2020-07-28 20:21:00,15.23, , , , 
2020-07-28 20:22:00,15.19, , , , 
2020-07-28 20:23:00,15.21, , , , 
2020-07-28 20:24:00,15.21, , , , 
2020-07-28 20:25:00,15.21, , , , 
2020-07-28 20:26:00,15.19, , , , 
2020-07-28 20:27:00,15.18, , , , 
2020-07-28 20:28:00,15.18, , , , 
2020-07-28 20:29:00,15.17, , , , 
2020-07-28 20:30:00,15.18, , , , 
2020-07-28 20:31:00,15.16, , , , 
2020-07-28 20:32:00,15.15, , , , 
2020-07-28 20:33:00,15.18, , , , 
2020-07-28 20:34:00,15.16, , , , 
2020-07-28 20:35:00,15.15, , , , 
2020-07-28 20:36:00,15.17, , , , 
2020-07-28 20:37:00,15.14, , , , 
2020-07-28 20:38:00,15.15, , , , 
2020-07-28 20:39:00,15.16, , , , 
2020-07-28 20:40:00,15.13, , , , 
2020-07-28 20:41:00,15.15, , , , 
2020-07-28 20:42:00,15.13, , , , 
2020-07-28 20:43:00,15.15, , , , 
2020-07-28 20:44:00,15.15, , , , 
2020-07-28 20:45:00,15.12, , , , 
2020-07-28 20:46:00,15.13, , , , 
2020-07-28 20:47:00,15.12, , , , 
2020-07-28 20:48:00,15.12, , , , 
2020-07-28 20:49:00,15.10, , , , 
2020-07-28 20:50:00,15.10, , , , 
2020-07-28 20:51:00,15.12, , , , 
2020-07-28 20:52:00,15.11, , , , 
2020-07-28 20:53:00,15.11, , , , 
2020-07-28 20:54:00,15.11, , , , 
2020-07-28 20:55:00,15.11, , , , 
2020-07-28 20:56:00,15.10, , , , 
2020-07-28 20:57:00,15.09, , , , 
2020-07-28 20:58:00,15.09, , , , 
2020-07-28 20:59:00,15.07, , , , 
2020-07-28 21:00:00,15.09, , , , 
2020-07-28 21:01:00,15.09, , , , 
2020-07-28 21:02:00,15.09, , , , 
2020-07-28 21:03:00,15.06, , , , 
2020-07-28 21:04:00,15.04, , , , 
2020-07-28 21:05:00,15.08, , , , 
2020-07-28 21:06:00,15.08, , , , 
2020-07-28 21:07:00,15.07, , , , 
2020-07-28 21:08:00,15.04, , , , 
2020-07-28 21:09:00,15.04, , , , 
2020-07-28 21:10:00,15.08, , , , 
2020-07-28 21:11:00,15.06, , , , 
2020-07-28 21:12:00,15.06, , , , 
2020-07-28 21:13:00,15.04, , , , 
2020-07-28 21:14:00,15.03, , , , 
2020-07-28 21:15:00,15.02, , , , 
2020-07-28 21:16:00,15.03, , , , 
2020-07-28 21:17:00,15.03, , , , 
2020-07-28 21:18:00,15.02, , , , 
2020-07-28 21:19:00,15.02, , , , 
2020-07-28 21:20:00,15.02, , , , 
2020-07-28 21:21:00,15.02, , , , 
2020-07-28 21:22:00,15.00, , , , 
2020-07-28 21:23:00,15.01, , , , 
2020-07-28 21:24:00,15.02, , , , 
2020-07-28 21:25:00,15.00, , , , 
2020-07-28 21:26:00,15.00, , , , 
2020-07-28 21:27:00,15.01, , , , 
2020-07-28 21:28:00,15.00, , , , 
2020-07-28 21:29:00,15.00, , , , 
2020-07-28 21:30:00,14.98, , , , 
2020-07-28 21:31:00,15.00, , , , 
2020-07-28 21:32:00,14.99, , , , 
2020-07-28 21:33:00,14.97, , , , 
2020-07-28 21:34:00,14.97, , , , 
2020-07-28 21:35:00,14.98, , , , 
2020-07-28 21:36:00,14.99, , , , 
2020-07-28 21:37:00,14.96, , , , 
2020-07-28 21:38:00,14.97, , , , 
2020-07-28 21:39:00,14.97, , , , 
2020-07-28 21:40:00,14.94, , , , 
2020-07-28 21:41:00,14.95, , , , 
2020-07-28 21:42:00,14.96, , , , 
2020-07-28 21:43:00,14.95, , , , 
2020-07-28 21:44:00,14.95, , , , 
2020-07-28 21:45:00,14.96, , , , 
2020-07-28 21:46:00,14.95, , , , 
2020-07-28 21:47:00,14.94, , , , 
2020-07-28 21:48:00,14.94, , , , 
2020-07-28 21:49:00,14.94, , , , 
2020-07-28 21:50:00,14.94, , , , 
2020-07-28 21:51:00,14.94, , , , 
2020-07-28 21:52:00,14.94, , , , 
2020-07-28 21:53:00,14.95, , , , 
2020-07-28 21:54:00,14.94, , , , 
2020-07-28 21:55:00,14.93, , , , 
2020-07-28 21:56:00,14.91, , , , 
2020-07-28 21:57:00,14.94, , , , 
2020-07-28 21:58:00,14.91, , , , 
2020-07-28 21:59:00,14.92, , , , 
2020-07-28 22:00:00,14.91, , , , 
2020-07-28 22:01:00,14.89, , , , 
2020-07-28 22:02:00,14.91, , , , 
2020-07-28 22:03:00,14.89, , , , 
2020-07-28 22:04:00,14.88, , , , 
2020-07-28 22:05:00,14.89, , , , 
2020-07-28 22:06:00,14.89, , , , 
2020-07-28 22:07:00,14.91, , , , 
2020-07-28 22:08:00,14.87, , , , 
2020-07-28 22:09:00,14.89, , , , 
2020-07-28 22:10:00,14.88, , , , 
2020-07-28 22:11:00,14.88, , , , 
2020-07-28 22:12:00,14.87, , , , 
2020-07-28 22:13:00,14.89, , , , 
2020-07-28 22:14:00,14.86, , , , 
2020-07-28 22:15:00,14.87, , , , 
2020-07-28 22:16:00,14.86, , , , 
2020-07-28 22:17:00,14.85, , , , 
2020-07-28 22:18:00,14.87, , , , 
2020-07-28 22:19:00,14.84, , , , 
2020-07-28 22:20:00,14.85, , , , 
2020-07-28 22:21:00,14.87, , , , 
2020-07-28 22:22:00,14.85, , , , 
2020-07-28 22:23:00,14.85, , , , 
2020-07-28 22:24:00,14.83, , , , 
2020-07-28 22:25:00,14.84, , , , 
2020-07-28 22:26:00,14.85, , , , 
2020-07-28 22:27:00,14.84, , , , 
2020-07-28 22:28:00,14.82, , , , 
2020-07-28 22:29:00,14.83, , , , 
2020-07-28 22:30:00,14.81, , , , 
2020-07-28 22:31:00,14.83, , , , 
2020-07-28 22:32:00,14.84, , , , 
2020-07-28 22:33:00,14.83, , , , 
2020-07-28 22:34:00,14.82, , , , 
2020-07-28 22:35:00,14.83, , , , 
2020-07-28 22:36:00,14.81, , , , 
2020-07-28 22:37:00,14.83, , , , 
2020-07-28 22:38:00,14.80, , , , 
2020-07-28 22:39:00,14.80, , , , 
2020-07-28 22:40:00,14.81, , , , 
2020-07-28 22:41:00,14.80, , , , 
2020-07-28 22:42:00,14.82, , , , 
2020-07-28 22:43:00,14.81, , , , 
2020-07-28 22:44:00,14.81, , , , 
2020-07-28 22:45:00,14.81, , , , 
2020-07-28 22:46:00,14.81, , , , 
2020-07-28 22:47:00,14.79, , , , 
2020-07-28 22:48:00,14.80, , , , 
2020-07-28 22:49:00,14.77, , , , 
2020-07-28 22:50:00,14.79, , , , 
2020-07-28 22:51:00,14.77, , , , 
2020-07-28 22:52:00,14.78, , , , 
2020-07-28 22:53:00,14.77, , , , 
2020-07-28 22:54:00,14.77, , , , 
2020-07-28 22:55:00,14.75, , , , 
2020-07-28 22:56:00,14.77, , , , 
2020-07-28 22:57:00,14.77, , , , 
2020-07-28 22:58:00,14.77, , , , 
2020-07-28 22:59:00,14.73, , , , 
2020-07-28 23:00:00,14.75, , , , 
2020-07-28 23:01:00,14.77, , , , 
2020-07-28 23:02:00,14.73, , , , 
2020-07-28 23:03:00,14.74, , , , 
2020-07-28 23:04:00,14.73, , , , 
2020-07-28 23:05:00,14.75, , , , 
2020-07-28 23:06:00,14.75, , , , 
2020-07-28 23:07:00,14.74, , , , 
2020-07-28 23:08:00,14.73, , , , 
2020-07-28 23:09:00,14.74, , , , 
2020-07-28 23:10:00,14.73, , , , 
2020-07-28 23:11:00,14.71, , , , 
2020-07-28 23:12:00,14.72, , , , 
2020-07-28 23:13:00,14.73, , , , 
2020-07-28 23:14:00,14.71, , , , 
2020-07-28 23:15:00,14.72, , , , 
2020-07-28 23:16:00,14.73, , , , 
2020-07-28 23:17:00,14.72, , , , 
2020-07-28 23:18:00,14.72, , , , 
2020-07-28 23:19:00,14.72, , , , 
2020-07-28 23:20:00,14.70, , , , 
2020-07-28 23:21:00,14.70, , , , 
2020-07-28 23:22:00,14.70, , , , 
2020-07-28 23:23:00,14.70, , , , 
2020-07-28 23:24:00,14.71, , , , 
2020-07-28 23:25:00,14.69, , , , 
2020-07-28 23:26:00,14.69, , , , 
2020-07-28 23:27:00,14.70, , , , 
2020-07-28 23:28:00,14.69, , , , 
2020-07-28 23:29:00,14.69, , , , 
2020-07-28 23:30:00,14.69, , , , 
2020-07-28 23:31:00,14.71, , , , 
2020-07-28 23:32:00,14.69, , , , 
2020-07-28 23:33:00,14.69, , , , 
2020-07-28 23:34:00,14.69, , , , 
2020-07-28 23:35:00,14.68, , , , 
2020-07-28 23:36:00,14.66, , , , 
2020-07-28 23:37:00,14.68, , , , 
2020-07-28 23:38:00,14.67, , , , 
2020-07-28 23:39:00,14.67, , , , 
2020-07-28 23:40:00,14.67, , , , 
2020-07-28 23:41:00,14.66, , , , 
2020-07-28 23:42:00,14.69, , , , 
2020-07-28 23:43:00,14.67, , , , 
2020-07-28 23:44:00,14.67, , , , 
2020-07-28 23:45:00,14.65, , , , 
2020-07-28 23:46:00,14.66, , , , 
2020-07-28 23:47:00,14.66, , , , 
2020-07-28 23:48:00,14.66, , , , 
2020-07-28 23:49:00,14.65, , , , 
2020-07-28 23:50:00,14.65, , , , 
2020-07-28 23:51:00,14.64, , , , 
2020-07-28 23:52:00,14.66, , , , 
2020-07-28 23:53:00,14.65, , , , 
2020-07-28 23:54:00,14.65, , , , 
2020-07-28 23:55:00,14.66, , , , 
2020-07-28 23:56:00,14.65, , , , 
2020-07-28 23:57:00,14.63, , , , 
2020-07-28 23:58:00,14.65, , , , 
2020-07-28 23:59:00,14.64, , , , 
2020-07-29 00:00:00,14.63, , , , 
2020-07-29 00:01:00,14.64, , , , 
2020-07-29 00:02:00,14.65, , , , 
2020-07-29 00:03:00,14.62, , , , 
2020-07-29 00:04:00,14.64, , , , 
2020-07-29 00:05:00,14.63, , , , 
2020-07-29 00:06:00,14.62, , , , 
2020-07-29 00:07:00,14.62, , , , 
2020-07-29 00:08:00,14.60, , , , 
2020-07-29 00:09:00,14.60, , , , 
2020-07-29 00:10:00,14.59, , , , 
2020-07-29 00:11:00,14.62, , , , 
2020-07-29 00:12:00,14.62, , , , 
2020-07-29 00:13:00,14.59, , , , 
2020-07-29 00:14:00,14.59, , , , 
2020-07-29 00:15:00,14.60, , , , 
2020-07-29 00:16:00,14.60, , , , 
2020-07-29 00:17:00,14.59, , , , 
2020-07-29 00:18:00,14.59, , , , 
2020-07-29 00:19:00,14.63, , , , 
2020-07-29 00:20:00,14.58, , , , 
2020-07-29 00:21:00,14.58, , , , 
2020-07-29 00:22:00,14.58, , , , 
2020-07-29 00:23:00,14.58, , , , 
2020-07-29 00:24:00,14.56, , , , 
2020-07-29 00:25:00,14.58, , , , 
2020-07-29 00:26:00,14.57, , , , 
2020-07-29 00:27:00,14.57, , , , 
2020-07-29 00:28:00,14.57, , , , 
2020-07-29 00:29:00,14.56, , , , 
2020-07-29 00:30:00,14.56, , , , 
2020-07-29 00:31:00,14.58, , , , 
2020-07-29 00:32:00,14.57, , , , 
2020-07-29 00:33:00,14.57, , , , 
2020-07-29 00:34:00,14.57, , , , 
2020-07-29 00:35:00,14.57, , , , 
2020-07-29 00:36:00,14.55, , , , 
2020-07-29 00:37:00,14.58, , , , 
2020-07-29 00:38:00,14.56, , , , 
2020-07-29 00:39:00,14.56, , , , 
2020-07-29 00:40:00,14.53, , , , 
2020-07-29 00:41:00,14.55, , , , 
2020-07-29 00:42:00,14.54, , , , 
2020-07-29 00:43:00,14.55, , , , 
2020-07-29 00:44:00,14.55, , , , 
2020-07-29 00:45:00,14.54, , , , 
2020-07-29 00:46:00,14.55, , , , 
2020-07-29 00:47:00,14.55, , , , 
2020-07-29 00:48:00,14.52, , , , 
2020-07-29 00:49:00,14.55, , , , 
2020-07-29 00:50:00,14.52, , , , 
2020-07-29 00:51:00,14.54, , , , 
2020-07-29 00:52:00,14.55, , , , 
2020-07-29 00:53:00,14.52, , , , 
2020-07-29 00:54:00,14.53, , , , 
2020-07-29 00:55:00,14.55, , , , 
2020-07-29 00:56:00,14.54, , , , 
2020-07-29 00:57:00,14.53, , , , 
2020-07-29 00:58:00,14.51, , , , 
2020-07-29 00:59:00,14.53, , , , 
2020-07-29 01:00:00,14.52, , , , 
2020-07-29 01:01:00,14.51, , , , 
2020-07-29 01:02:00,14.52, , , , 
2020-07-29 01:03:00,14.52, , , , 
2020-07-29 01:04:00,14.52, , , , 
2020-07-29 01:05:00,14.52, , , , 
2020-07-29 01:06:00,14.51, , , , 
2020-07-29 01:07:00,14.51, , , , 
2020-07-29 01:08:00,14.52, , , , 
2020-07-29 01:09:00,14.52, , , , 
2020-07-29 01:10:00,14.50, , , , 
2020-07-29 01:11:00,14.50, , , , 
2020-07-29 01:12:00,14.51, , , , 
2020-07-29 01:13:00,14.51, , , , 
2020-07-29 01:14:00,14.52, , , , 
2020-07-29 01:15:00,14.49, , , , 
2020-07-29 01:16:00,14.49, , , , 
2020-07-29 01:17:00,14.49, , , , 
2020-07-29 01:18:00,14.50, , , , 
2020-07-29 01:19:00,14.49, , , , 
2020-07-29 01:20:00,14.49, , , , 
2020-07-29 01:21:00,14.51, , , , 
2020-07-29 01:22:00,14.50, , , , 
2020-07-29 01:23:00,14.48, , , , 
2020-07-29 01:24:00,14.49, , , , 
2020-07-29 01:25:00,14.48, , , , 
2020-07-29 01:26:00,14.50, , , , 
2020-07-29 01:27:00,14.47, , , , 
2020-07-29 01:28:00,14.49, , , , 
2020-07-29 01:29:00,14.48, , , , 
2020-07-29 01:30:00,14.45, , , , 
2020-07-29 01:31:00,14.49, , , , 
2020-07-29 01:32:00,14.48, , , , 
2020-07-29 01:33:00,14.47, , , , 
2020-07-29 01:34:00,14.45, , , , 
2020-07-29 01:35:00,14.44, , , , 
2020-07-29 01:36:00,14.47, , , , 
2020-07-29 01:37:00,14.47, , , , 
2020-07-29 01:38:00,14.49, , , , 
2020-07-29 01:39:00,14.47, , , , 
2020-07-29 01:40:00,14.47, , , , 
2020-07-29 01:41:00,14.47, , , , 
2020-07-29 01:42:00,14.44, , , , 
2020-07-29 01:43:00,14.44, , , , 
2020-07-29 01:44:00,14.45, , , , 
2020-07-29 01:45:00,14.45, , , , 
2020-07-29 01:46:00,14.45, , , , 
2020-07-29 01:47:00,14.45, , , , 
2020-07-29 01:48:00,14.44, , , , 
2020-07-29 01:49:00,14.45, , , , 
2020-07-29 01:50:00,14.44, , , , 
2020-07-29 01:51:00,14.44, , , , 
2020-07-29 01:52:00,14.44, , , , 
2020-07-29 01:53:00,14.45, , , , 
2020-07-29 01:54:00,14.43, , , , 
2020-07-29 01:55:00,14.42, , , , 
2020-07-29 01:56:00,14.44, , , , 
2020-07-29 01:57:00,14.43, , , , 
2020-07-29 01:58:00,14.42, , , , 
2020-07-29 01:59:00,14.43, , , , 
2020-07-29 02:00:00,14.44, , , , 
2020-07-29 02:01:00,14.43, , , , 
2020-07-29 02:02:00,14.43, , , , 
2020-07-29 02:03:00,14.44, , , , 
2020-07-29 02:04:00,14.40, , , , 
2020-07-29 02:05:00,14.43, , , , 
2020-07-29 02:06:00,14.40, , , , 
2020-07-29 02:07:00,14.43, , , , 
2020-07-29 02:08:00,14.43, , , , 
2020-07-29 02:09:00,14.43, , , , 
2020-07-29 02:10:00,14.41, , , , 
2020-07-29 02:11:00,14.42, , , , 
2020-07-29 02:12:00,14.40, , , , 
2020-07-29 02:13:00,14.42, , , , 
2020-07-29 02:14:00,14.41, , , , 
2020-07-29 02:15:00,14.41, , , , 
2020-07-29 02:16:00,14.43, , , , 
2020-07-29 02:17:00,14.38, , , , 
2020-07-29 02:18:00,14.41, , , , 
2020-07-29 02:19:00,14.40, , , , 
2020-07-29 02:20:00,14.41, , , , 
2020-07-29 02:21:00,14.40, , , , 
2020-07-29 02:22:00,14.41, , , , 
2020-07-29 02:23:00,14.40, , , , 
2020-07-29 02:24:00,14.40, , , , 
2020-07-29 02:25:00,14.39, , , , 
2020-07-29 02:26:00,14.38, , , , 
2020-07-29 02:27:00,14.39, , , , 
2020-07-29 02:28:00,14.40, , , , 
2020-07-29 02:29:00,14.39, , , , 
2020-07-29 02:30:00,14.40, , , , 
2020-07-29 02:31:00,14.38, , , , 
2020-07-29 02:32:00,14.39, , , , 
2020-07-29 02:33:00,14.40, , , , 
2020-07-29 02:34:00,14.39, , , , 
2020-07-29 02:35:00,14.41, , , , 
2020-07-29 02:36:00,14.39, , , , 
2020-07-29 02:37:00,14.38, , , , 
2020-07-29 02:38:00,14.38, , , , 
2020-07-29 02:39:00,14.38, , , , 
2020-07-29 02:40:00,14.38, , , , 
2020-07-29 02:41:00,14.38, , , , 
2020-07-29 02:42:00,14.40, , , , 
2020-07-29 02:43:00,14.37, , , , 
2020-07-29 02:44:00,14.39, , , , 
2020-07-29 02:45:00,14.36, , , , 
2020-07-29 02:46:00,14.38, , , , 
2020-07-29 02:47:00,14.37, , , , 
2020-07-29 02:48:00,14.36, , , , 
2020-07-29 02:49:00,14.38, , , , 
2020-07-29 02:50:00,14.36, , , , 
2020-07-29 02:51:00,14.38, , , , 
2020-07-29 02:52:00,14.35, , , , 
2020-07-29 02:53:00,14.36, , , , 
2020-07-29 02:54:00,14.35, , , , 
2020-07-29 02:55:00,14.36, , , , 
2020-07-29 02:56:00,14.36, , , , 
2020-07-29 02:57:00,14.38, , , , 
2020-07-29 02:58:00,14.37, , , , 
2020-07-29 02:59:00,14.39, , , , 
2020-07-29 03:00:00,14.36, , , , 
2020-07-29 03:01:00,14.36, , , , 
2020-07-29 03:02:00,14.36, , , , 
2020-07-29 03:03:00,14.38, , , , 
2020-07-29 03:04:00,14.35, , , , 
2020-07-29 03:05:00,14.36, , , , 
2020-07-29 03:06:00,14.34, , , , 
2020-07-29 03:07:00,14.36, , , , 
2020-07-29 03:08:00,14.35, , , , 
2020-07-29 03:09:00,14.34, , , , 
2020-07-29 03:10:00,14.36, , , , 
2020-07-29 03:11:00,14.35, , , , 
2020-07-29 03:12:00,14.34, , , , 
2020-07-29 03:13:00,14.34, , , , 
2020-07-29 03:14:00,14.34, , , , 
2020-07-29 03:15:00,14.35, , , , 
2020-07-29 03:16:00,14.35, , , , 
2020-07-29 03:17:00,14.36, , , , 
2020-07-29 03:18:00,14.35, , , , 
2020-07-29 03:19:00,14.33, , , , 
2020-07-29 03:20:00,14.34, , , , 
2020-07-29 03:21:00,14.35, , , , 
2020-07-29 03:22:00,14.34, , , , 
2020-07-29 03:23:00,14.34, , , , 
2020-07-29 03:24:00,14.34, , , , 
2020-07-29 03:25:00,14.34, , , , 
2020-07-29 03:26:00,14.34, , , , 
2020-07-29 03:27:00,14.34, , , , 
2020-07-29 03:28:00,14.34, , , , 
2020-07-29 03:29:00,14.34, , , , 
2020-07-29 03:30:00,14.33, , , , 
2020-07-29 03:31:00,14.34, , , , 
2020-07-29 03:32:00,14.34, , , , 
2020-07-29 03:33:00,14.34, , , , 
2020-07-29 03:34:00,14.32, , , , 
2020-07-29 03:35:00,14.30, , , , 
2020-07-29 03:36:00,14.32, , , , 
2020-07-29 03:37:00,14.34, , , , 
2020-07-29 03:38:00,14.32, , , , 
2020-07-29 03:39:00,14.33, , , , 
2020-07-29 03:40:00,14.32, , , , 
2020-07-29 03:41:00,14.34, , , , 
2020-07-29 03:42:00,14.32, , , , 
2020-07-29 03:43:00,14.33, , , , 
2020-07-29 03:44:00,14.33, , , , 
2020-07-29 03:45:00,14.34, , , , 
2020-07-29 03:46:00,14.32, , , , 
2020-07-29 03:47:00,14.30, , , , 
2020-07-29 03:48:00,14.32, , , , 
2020-07-29 03:49:00,14.30, , , , 
2020-07-29 03:50:00,14.30, , , , 
2020-07-29 03:51:00,14.30, , , , 
2020-07-29 03:52:00,14.32, , , , 
2020-07-29 03:53:00,14.33, , , , 
2020-07-29 03:54:00,14.32, , , , 
2020-07-29 03:55:00,14.30, , , , 
2020-07-29 03:56:00,14.30, , , , 
2020-07-29 03:57:00,14.32, , , , 
2020-07-29 03:58:00,14.29, , , , 
2020-07-29 03:59:00,14.32, , , , 
2020-07-29 04:00:00,14.29, , , , 
2020-07-29 04:01:00,14.29, , , , 
2020-07-29 04:02:00,14.34, , , , 
2020-07-29 04:03:00,14.30, , , , 
2020-07-29 04:04:00,14.30, , , , 
2020-07-29 04:05:00,14.30, , , , 
2020-07-29 04:06:00,14.29, , , , 
2020-07-29 04:07:00,14.29, , , , 
2020-07-29 04:08:00,14.29, , , , 
2020-07-29 04:09:00,14.29, , , , 
2020-07-29 04:10:00,14.28, , , , 
2020-07-29 04:11:00,14.32, , , , 
2020-07-29 04:12:00,14.28, , , , 
2020-07-29 04:13:00,14.28, , , , 
2020-07-29 04:14:00,14.29, , , , 
2020-07-29 04:15:00,14.28, , , , 
2020-07-29 04:16:00,14.29, , , , 
2020-07-29 04:17:00,14.28, , , , 
2020-07-29 04:18:00,14.29, , , , 
2020-07-29 04:19:00,14.29, , , , 
2020-07-29 04:20:00,14.30, , , , 
2020-07-29 04:21:00,14.28, , , , 
2020-07-29 04:22:00,14.27, , , , 
2020-07-29 04:23:00,14.30, , , , 
2020-07-29 04:24:00,14.27, , , , 
2020-07-29 04:25:00,14.28, , , , 
2020-07-29 04:26:00,14.29, , , , 
2020-07-29 04:27:00,14.29, , , , 
2020-07-29 04:28:00,14.28, , , , 
2020-07-29 04:29:00,14.27, , , , 
2020-07-29 04:30:00,14.28, , , , 
2020-07-29 04:31:00,14.28, , , , 
2020-07-29 04:32:00,14.28, , , , 
2020-07-29 04:33:00,14.26, , , , 
2020-07-29 04:34:00,14.27, , , , 
2020-07-29 04:35:00,14.28, , , , 
2020-07-29 04:36:00,14.29, , , , 
2020-07-29 04:37:00,14.28, , , , 
2020-07-29 04:38:00,14.28, , , , 
2020-07-29 04:39:00,14.28, , , , 
2020-07-29 04:40:00,14.28, , , , 
2020-07-29 04:41:00,14.25, , , , 
2020-07-29 04:42:00,14.28, , , , 
2020-07-29 04:43:00,14.27, , , , 
2020-07-29 04:44:00,14.28, , , , 
2020-07-29 04:45:00,14.27, , , , 
2020-07-29 04:46:00,14.27, , , , 
2020-07-29 04:47:00,14.28, , , , 
2020-07-29 04:48:00,14.28, , , , 
2020-07-29 04:49:00,14.26, , , , 
2020-07-29 04:50:00,14.26, , , , 
2020-07-29 04:51:00,14.27, , , , 
2020-07-29 04:52:00,14.27, , , , 
2020-07-29 04:53:00,14.26, , , , 
2020-07-29 04:54:00,14.28, , , , 
2020-07-29 04:55:00,14.27, , , , 
2020-07-29 04:56:00,14.28, , , , 
2020-07-29 04:57:00,14.27, , , , 
2020-07-29 04:58:00,14.26, , , , 
2020-07-29 04:59:00,14.27, , , , 
2020-07-29 05:00:00,14.26, , , , 
2020-07-29 05:01:00,14.25, , , , 
2020-07-29 05:02:00,14.27, , , , 
2020-07-29 05:03:00,14.26, , , , 
2020-07-29 05:04:00,14.25, , , , 
2020-07-29 05:05:00,14.27, , , , 
2020-07-29 05:06:00,14.26, , , , 
2020-07-29 05:07:00,14.27, , , , 
2020-07-29 05:08:00,14.25, , , , 
2020-07-29 05:09:00,14.26, , , , 
2020-07-29 05:10:00,14.26, , , , 
2020-07-29 05:11:00,14.26, , , , 
2020-07-29 05:12:00,14.27, , , , 
2020-07-29 05:13:00,14.26, , , , 
2020-07-29 05:14:00,14.25, , , , 
2020-07-29 05:15:00,14.27, , , , 
2020-07-29 05:16:00,14.26, , , , 
2020-07-29 05:17:00,14.27, , , , 
2020-07-29 05:18:00,14.26, , , , 
2020-07-29 05:19:00,14.27, , , , 
2020-07-29 05:20:00,14.25, , , , 
2020-07-29 05:21:00,14.25, , , , 
2020-07-29 05:22:00,14.26, , , , 
2020-07-29 05:23:00,14.25, , , , 
2020-07-29 05:24:00,14.26, , , , 
2020-07-29 05:25:00,14.25, , , , 
2020-07-29 05:26:00,14.26, , , , 
2020-07-29 05:27:00,14.24, , , , 
2020-07-29 05:28:00,14.25, , , , 
2020-07-29 05:29:00,14.25, , , , 
2020-07-29 05:30:00,14.26, , , , 
2020-07-29 05:31:00,14.26, , , , 
2020-07-29 05:32:00,14.25, , , , 
2020-07-29 05:33:00,14.24, , , , 
2020-07-29 05:34:00,14.25, , , , 
2020-07-29 05:35:00,14.24, , , , 
2020-07-29 05:36:00,14.23, , , , 
2020-07-29 05:37:00,14.25, , , , 
2020-07-29 05:38:00,14.24, , , , 
2020-07-29 05:39:00,14.25, , , , 
2020-07-29 05:40:00,14.24, , , , 
2020-07-29 05:41:00,14.26, , , , 
2020-07-29 05:42:00,14.26, , , , 
2020-07-29 05:43:00,14.24, , , , 
2020-07-29 05:44:00,14.25, , , , 
2020-07-29 05:45:00,14.28, , , , 
2020-07-29 05:46:00,14.24, , , , 
2020-07-29 05:47:00,14.25, , , , 
2020-07-29 05:48:00,14.23, , , , 
2020-07-29 05:49:00,14.24, , , , 
2020-07-29 05:50:00,14.24, , , , 
2020-07-29 05:51:00,14.24, , , , 
2020-07-29 05:52:00,14.25, , , , 
2020-07-29 05:53:00,14.25, , , , 
2020-07-29 05:54:00,14.22, , , , 
2020-07-29 05:55:00,14.24, , , , 
2020-07-29 05:56:00,14.25, , , , 
2020-07-29 05:57:00,14.23, , , , 
2020-07-29 05:58:00,14.23, , , , 
2020-07-29 05:59:00,14.24, , , , 
2020-07-29 06:00:00,14.24, , , , 
2020-07-29 06:01:00,14.25, , , , 
2020-07-29 06:02:00,14.25, , , , 
2020-07-29 06:03:00,14.21, , , , 
2020-07-29 06:04:00,14.24, , , , 
2020-07-29 06:05:00,14.23, , , , 
2020-07-29 06:06:00,14.22, , , , 
2020-07-29 06:07:00,14.21, , , , 
2020-07-29 06:08:00,14.23, , , , 
2020-07-29 06:09:00,14.23, , , , 
2020-07-29 06:10:00,14.23, , , , 
2020-07-29 06:11:00,14.20, , , , 
2020-07-29 06:12:00,14.24, , , , 
2020-07-29 06:13:00,14.21, , , , 
2020-07-29 06:14:00,14.24, , , , 
2020-07-29 06:15:00,14.22, , , , 
2020-07-29 06:16:00,14.22, , , , 
2020-07-29 06:17:00,14.24, , , , 
2020-07-29 06:18:00,14.22, , , , 
2020-07-29 06:19:00,14.22, , , , 
2020-07-29 06:20:00,14.21, , , , 
2020-07-29 06:21:00,14.22, , , , 
2020-07-29 06:22:00,14.22, , , , 
2020-07-29 06:23:00,14.22, , , , 
2020-07-29 06:24:00,14.22, , , , 
2020-07-29 06:25:00,14.21, , , , 
2020-07-29 06:26:00,14.22, , , , 
2020-07-29 06:27:00,14.22, , , , 
2020-07-29 06:28:00,14.20, , , , 
2020-07-29 06:29:00,14.19, , , , 
2020-07-29 06:30:00,14.22, , , , 
2020-07-29 06:31:00,14.22, , , , 
2020-07-29 06:32:00,14.21, , , , 
2020-07-29 06:33:00,14.21, , , , 
2020-07-29 06:34:00,14.20, , , , 
2020-07-29 06:35:00,14.20, , , , 
2020-07-29 06:36:00,14.21, , , , 
2020-07-29 06:37:00,14.22, , , , 
2020-07-29 06:38:00,14.22, , , , 
2020-07-29 06:39:00,14.20, , , , 
2020-07-29 06:40:00,14.21, , , , 
2020-07-29 06:41:00,14.20, , , , 
2020-07-29 06:42:00,14.20, , , , 
2020-07-29 06:43:00,14.19, , , , 
2020-07-29 06:44:00,14.18, , , , 
2020-07-29 06:45:00,14.21, , , , 
2020-07-29 06:46:00,14.20, , , , 
2020-07-29 06:47:00,14.21, , , , 
2020-07-29 06:48:00,14.22, , , , 
2020-07-29 06:49:00,14.20, , , , 
2020-07-29 06:50:00,14.21, , , , 
2020-07-29 06:51:00,14.19, , , , 
2020-07-29 06:52:00,14.20, , , , 
2020-07-29 06:53:00,14.22, , , , 
2020-07-29 06:54:00,14.20, , , , 
2020-07-29 06:55:00,14.20, , , , 
2020-07-29 06:56:00,14.21, , , , 
2020-07-29 06:57:00,14.20, , , , 
2020-07-29 06:58:00,14.21, , , , 
2020-07-29 06:59:00,14.21, , , , 
2020-07-29 07:00:00,14.21, , , , 
2020-07-29 07:01:00,14.20, , , , 
2020-07-29 07:02:00,14.19, , , , 
2020-07-29 07:03:00,14.21, , , , 
2020-07-29 07:04:00,14.20, , , , 
2020-07-29 07:05:00,14.21, , , , 
2020-07-29 07:06:00,14.21, , , , 
2020-07-29 07:07:00,14.20, , , , 
2020-07-29 07:08:00,14.20, , , , 
2020-07-29 07:09:00,14.20, , , , 
2020-07-29 07:10:00,14.20, , , , 
2020-07-29 07:11:00,14.21, , , , 
2020-07-29 07:12:00,14.21, , , , 
2020-07-29 07:13:00,14.18, , , , 
2020-07-29 07:14:00,14.20, , , , 
2020-07-29 07:15:00,14.20, , , , 
2020-07-29 07:16:00,14.20, , , , 
2020-07-29 07:17:00,14.21, , , , 
2020-07-29 07:18:00,14.20, , , , 
2020-07-29 07:19:00,14.19, , , , 
2020-07-29 07:20:00,14.20, , , , 
2020-07-29 07:21:00,14.20, , , , 
2020-07-29 07:22:00,14.20, , , , 
2020-07-29 07:23:00,14.21, , , , 
2020-07-29 07:24:00,14.19, , , , 
2020-07-29 07:25:00,14.19, , , , 
2020-07-29 07:26:00,14.18, , , , 
2020-07-29 07:27:00,14.20, , , , 
2020-07-29 07:28:00,14.19, , , , 
2020-07-29 07:29:00,14.20, , , , 
2020-07-29 07:30:00,14.19, , , , 
2020-07-29 07:31:00,14.20, , , , 
2020-07-29 07:32:00,14.18, , , , 
2020-07-29 07:33:00,14.20, , , , 
2020-07-29 07:34:00,14.19, , , , 
2020-07-29 07:35:00,14.19, , , , 
2020-07-29 07:36:00,14.20, , , , 
2020-07-29 07:37:00,14.17, , , , 
2020-07-29 07:38:00,14.18, , , , 
2020-07-29 07:39:00,14.20, , , , 
2020-07-29 07:40:00,14.18, , , , 
2020-07-29 07:41:00,14.19, , , , 
2020-07-29 07:42:00,14.20, , , , 
2020-07-29 07:43:00,14.19, , , , 
2020-07-29 07:44:00,14.17, , , , 
2020-07-29 07:45:00,14.18, , , , 
2020-07-29 07:46:00,14.18, , , , 
2020-07-29 07:47:00,14.18, , , , 
2020-07-29 07:48:00,14.20, , , , 
2020-07-29 07:49:00,14.18, , , , 
2020-07-29 07:50:00,14.18, , , , 
2020-07-29 07:51:00,14.15, , , , 
2020-07-29 07:52:00,14.18, , , , 
2020-07-29 07:53:00,14.17, , , , 
2020-07-29 07:54:00,14.19, , , , 
2020-07-29 07:55:00,14.15, , , , 
2020-07-29 07:56:00,14.17, , , , 
2020-07-29 07:57:00,14.18, , , , 
2020-07-29 07:58:00,14.18, , , , 
2020-07-29 07:59:00,14.15, , , , 
2020-07-29 08:00:00,14.19, , , , 
2020-07-29 08:01:00,14.18, , , , 
2020-07-29 08:02:00,14.17, , , , 
2020-07-29 08:03:00,14.19, , , , 
2020-07-29 08:04:00,14.19, , , , 
2020-07-29 08:05:00,14.18, , , , 
2020-07-29 08:06:00,14.17, , , , 
2020-07-29 08:07:00,14.17, , , , 
2020-07-29 08:08:00,14.17, , , , 
2020-07-29 08:09:00,14.18, , , , 
2020-07-29 08:10:00,14.18, , , , 
2020-07-29 08:11:00,14.14, , , , 
2020-07-29 08:12:00,14.15, , , , 
2020-07-29 08:13:00,14.15, , , , 
2020-07-29 08:14:00,14.15, , , , 
2020-07-29 08:15:00,14.14, , , , 
2020-07-29 08:16:00,14.17, , , , 
2020-07-29 08:17:00,14.17, , , , 
2020-07-29 08:18:00,14.17, , , , 
2020-07-29 08:19:00,14.15, , , , 
2020-07-29 08:20:00,14.18, , , , 
2020-07-29 08:21:00,14.17, , , , 
2020-07-29 08:22:00,14.17, , , , 
2020-07-29 08:23:00,14.17, , , , 
2020-07-29 08:24:00,14.18, , , , 
2020-07-29 08:25:00,14.18, , , , 
2020-07-29 08:26:00,14.15, , , , 
2020-07-29 08:27:00,14.18, , , , 
2020-07-29 08:28:00,14.17, , , , 
2020-07-29 08:29:00,14.18, , , , 
2020-07-29 08:30:00,14.18, , , , 
2020-07-29 08:31:00,14.14, , , , 
2020-07-29 08:32:00,14.18, , , , 
2020-07-29 08:33:00,14.17, , , , 
2020-07-29 08:34:00,14.15, , , , 
2020-07-29 08:35:00,14.17, , , , 
2020-07-29 08:36:00,14.18, , , , 
2020-07-29 08:37:00,14.17, , , , 
2020-07-29 08:38:00,14.18, , , , 
2020-07-29 08:39:00,14.15, , , , 
2020-07-29 08:40:00,14.18, , , , 
2020-07-29 08:41:00,14.18, , , , 
2020-07-29 08:42:00,14.17, , , , 
2020-07-29 08:43:00,14.15, , , , 
2020-07-29 08:44:00,14.19, , , , 
2020-07-29 08:45:00,14.17, , , , 
2020-07-29 08:46:00,14.15, , , , 
2020-07-29 08:47:00,14.19, , , , 
2020-07-29 08:48:00,14.17, , , , 
2020-07-29 08:49:00,14.15, , , , 
2020-07-29 08:50:00,14.17, , , , 
2020-07-29 08:51:00,14.19, , , , 
2020-07-29 08:52:00,14.18, , , , 
2020-07-29 08:53:00,14.19, , , , 
2020-07-29 08:54:00,14.19, , , , 
2020-07-29 08:55:00,14.19, , , , 
2020-07-29 08:56:00,14.19, , , , 
2020-07-29 08:57:00,14.17, , , , 
2020-07-29 08:58:00,14.20, , , , 
2020-07-29 08:59:00,14.18, , , , 
2020-07-29 09:00:00,14.17, , , , 
2020-07-29 09:01:00,14.18, , , , 
2020-07-29 09:02:00,14.18, , , , 
2020-07-29 09:03:00,14.17, , , , 
2020-07-29 09:04:00,14.18, , , , 
2020-07-29 09:05:00,14.17, , , , 
2020-07-29 09:06:00,14.18, , , , 
2020-07-29 09:07:00,14.19, , , , 
2020-07-29 09:08:00,14.20, , , , 
2020-07-29 09:09:00,14.19, , , , 
2020-07-29 09:10:00,14.19, , , , 
2020-07-29 09:11:00,14.20, , , , 
2020-07-29 09:12:00,14.18, , , , 
2020-07-29 09:13:00,14.18, , , , 
2020-07-29 09:14:00,14.18, , , , 
2020-07-29 09:15:00,14.17, , , , 
2020-07-29 09:16:00,14.19, , , , 
2020-07-29 09:17:00,14.19, , , , 
2020-07-29 09:18:00,14.19, , , , 
2020-07-29 09:19:00,14.19, , , , 
2020-07-29 09:20:00,14.18, , , , 
2020-07-29 09:21:00,14.19, , , , 
2020-07-29 09:22:00,14.17, , , , 
2020-07-29 09:23:00,14.18, , , , 
2020-07-29 09:24:00,14.19, , , , 
2020-07-29 09:25:00,14.18, , , , 
2020-07-29 09:26:00,14.19, , , , 
2020-07-29 09:27:00,14.20, , , , 
2020-07-29 09:28:00,14.18, , , , 
2020-07-29 09:29:00,14.19, , , , 
2020-07-29 09:30:00,14.20, , , , 
2020-07-29 09:31:00,14.20, , , , 
2020-07-29 09:32:00,14.18, , , , 
2020-07-29 09:33:00,14.21, , , , 
2020-07-29 09:34:00,14.21, , , , 
2020-07-29 09:35:00,14.20, , , , 
2020-07-29 09:36:00,14.20, , , , 
2020-07-29 09:37:00,14.20, , , , 
2020-07-29 09:38:00,14.19, , , , 
2020-07-29 09:39:00,14.21, , , , 
2020-07-29 09:40:00,14.20, , , , 
2020-07-29 09:41:00,14.19, , , , 
2020-07-29 09:42:00,14.21, , , , 
2020-07-29 09:43:00,14.21, , , , 
2020-07-29 09:44:00,14.20, , , , 
2020-07-29 09:45:00,14.20, , , , 
2020-07-29 09:46:00,14.20, , , , 
2020-07-29 09:47:00,14.21, , , , 
2020-07-29 09:48:00,14.19, , , , 
2020-07-29 09:49:00,14.21, , , , 
2020-07-29 09:50:00,14.21, , , , 
2020-07-29 09:51:00,14.23, , , , 
2020-07-29 09:52:00,14.22, , , , 
2020-07-29 09:53:00,14.21, , , , 
2020-07-29 09:54:00,14.22, , , , 
2020-07-29 09:55:00,14.21, , , , 
2020-07-29 09:56:00,14.22, , , , 
2020-07-29 09:57:00,14.21, , , , 
2020-07-29 09:58:00,14.24, , , , 
2020-07-29 09:59:00,14.22, , , , 
2020-07-29 10:00:00,14.23, , , , 
2020-07-29 10:01:00,14.23, , , , 
2020-07-29 10:02:00,14.22, , , , 
2020-07-29 10:03:00,14.23, , , , 
2020-07-29 10:04:00,14.22, , , , 
2020-07-29 10:05:00,14.23, , , , 
2020-07-29 10:06:00,14.23, , , , 
2020-07-29 10:07:00,14.23, , , , 
2020-07-29 10:08:00,14.22, , , , 
2020-07-29 10:09:00,14.24, , , , 
2020-07-29 10:10:00,14.22, , , , 
2020-07-29 10:11:00,14.23, , , , 
2020-07-29 10:12:00,14.23, , , , 
2020-07-29 10:13:00,14.24, , , , 
2020-07-29 10:14:00,14.24, , , , 
2020-07-29 10:15:00,14.23, , , , 
2020-07-29 10:16:00,14.23, , , , 
2020-07-29 10:17:00,14.24, , , , 
2020-07-29 10:18:00,14.24, , , , 
2020-07-29 10:19:00,14.24, , , , 
2020-07-29 10:20:00,14.25, , , , 
2020-07-29 10:21:00,14.24, , , , 
2020-07-29 10:22:00,14.24, , , , 
2020-07-29 10:23:00,14.24, , , , 
2020-07-29 10:24:00,14.25, , , , 
2020-07-29 10:25:00,14.25, , , , 
2020-07-29 10:26:00,14.24, , , , 
2020-07-29 10:27:00,14.25, , , , 
2020-07-29 10:28:00,14.25, , , , 
2020-07-29 10:29:00,14.26, , , , 
2020-07-29 10:30:00,14.25, , , , 
2020-07-29 10:31:00,14.26, , , , 
2020-07-29 10:32:00,14.26, , , , 
2020-07-29 10:33:00,14.26, , , , 
2020-07-29 10:34:00,14.26, , , , 
2020-07-29 10:35:00,14.26, , , , 
2020-07-29 10:36:00,14.26, , , , 
2020-07-29 10:37:00,14.27, , , , 
2020-07-29 10:38:00,14.26, , , , 
2020-07-29 10:39:00,14.27, , , , 
2020-07-29 10:40:00,14.28, , , , 
2020-07-29 10:41:00,14.27, , , , 
2020-07-29 10:42:00,14.28, , , , 
2020-07-29 10:43:00,14.27, , , , 
2020-07-29 10:44:00,14.28, , , , 
2020-07-29 10:45:00,14.26, , , , 
2020-07-29 10:46:00,14.27, , , , 
2020-07-29 10:47:00,14.26, , , , 
2020-07-29 10:48:00,14.26, , , , 
2020-07-29 10:49:00,14.28, , , , 
2020-07-29 10:50:00,14.27, , , , 
2020-07-29 10:51:00,14.28, , , , 
2020-07-29 10:52:00,14.28, , , , 
2020-07-29 10:53:00,14.29, , , , 
2020-07-29 10:54:00,14.28, , , , 
2020-07-29 10:55:00,14.28, , , , 
2020-07-29 10:56:00,14.27, , , , 
2020-07-29 10:57:00,14.28, , , , 
2020-07-29 10:58:00,14.29, , , , 
2020-07-29 10:59:00,14.28, , , , 
2020-07-29 11:00:00,14.29, , , , 
2020-07-29 11:01:00,14.30, , , , 
2020-07-29 11:02:00,14.29, , , , 
2020-07-29 11:03:00,14.30, , , , 
2020-07-29 11:04:00,14.30, , , , 
2020-07-29 11:05:00,14.30, , , , 
2020-07-29 11:06:00,14.28, , , , 
2020-07-29 11:07:00,14.29, , , , 
2020-07-29 11:08:00,14.28, , , , 
2020-07-29 11:09:00,14.29, , , , 
2020-07-29 11:10:00,14.33, , , , 
2020-07-29 11:11:00,14.30, , , , 
2020-07-29 11:12:00,14.30, , , , 
2020-07-29 11:13:00,14.30, , , , 
2020-07-29 11:14:00,14.30, , , , 
2020-07-29 11:15:00,14.32, , , , 
2020-07-29 11:16:00,14.32, , , , 
2020-07-29 11:17:00,14.32, , , , 
2020-07-29 11:18:00,14.30, , , , 
2020-07-29 11:19:00,14.32, , , , 
2020-07-29 11:20:00,14.32, , , , 
2020-07-29 11:21:00,14.34, , , , 
2020-07-29 11:22:00,14.33, , , , 
2020-07-29 11:23:00,14.32, , , , 
2020-07-29 11:24:00,14.32, , , , 
2020-07-29 11:25:00,14.34, , , , 
2020-07-29 11:26:00,14.30, , , , 
2020-07-29 11:27:00,14.32, , , , 
2020-07-29 11:28:00,14.33, , , , 
2020-07-29 11:29:00,14.34, , , , 
2020-07-29 11:30:00,14.34, , , , 
2020-07-29 11:31:00,14.34, , , , 
2020-07-29 11:32:00,14.34, , , , 
2020-07-29 11:33:00,14.32, , , , 
2020-07-29 11:34:00,14.35, , , , 
2020-07-29 11:35:00,14.35, , , , 
2020-07-29 11:36:00,14.36, , , , 
2020-07-29 11:37:00,14.34, , , , 
2020-07-29 11:38:00,14.34, , , , 
2020-07-29 11:39:00,14.35, , , , 
2020-07-29 11:40:00,14.34, , , , 
2020-07-29 11:41:00,14.35, , , , 
2020-07-29 11:42:00,14.35, , , , 
2020-07-29 11:43:00,14.35, , , , 
2020-07-29 11:44:00,14.35, , , , 
2020-07-29 11:45:00,14.36, , , , 
2020-07-29 11:46:00,14.33, , , , 
2020-07-29 11:47:00,14.36, , , , 
2020-07-29 11:48:00,14.36, , , , 
2020-07-29 11:49:00,14.35, , , , 
2020-07-29 11:50:00,14.36, , , , 
2020-07-29 11:51:00,14.35, , , , 
2020-07-29 11:52:00,14.36, , , , 
2020-07-29 11:53:00,14.35, , , , 
2020-07-29 11:54:00,14.36, , , , 
2020-07-29 11:55:00,14.36, , , , 
2020-07-29 11:56:00,14.37, , , , 
2020-07-29 11:57:00,14.36, , , , 
2020-07-29 11:58:00,14.37, , , , 
2020-07-29 11:59:00,14.38, , , , 
2020-07-29 12:00:00,14.37, , , , 
2020-07-29 12:01:00,14.35, , , , 
2020-07-29 12:02:00,14.38, , , , 
2020-07-29 12:03:00,14.38, , , , 
2020-07-29 12:04:00,14.38, , , , 
2020-07-29 12:05:00,14.38, , , , 
2020-07-29 12:06:00,14.38, , , , 
2020-07-29 12:07:00,14.37, , , , 
2020-07-29 12:08:00,14.41, , , , 
2020-07-29 12:09:00,14.38, , , , 
2020-07-29 12:10:00,14.39, , , , 
2020-07-29 12:11:00,14.37, , , , 
2020-07-29 12:12:00,14.39, , , , 
2020-07-29 12:13:00,14.38, , , , 
2020-07-29 12:14:00,14.38, , , , 
2020-07-29 12:15:00,14.39, , , , 
2020-07-29 12:16:00,14.38, , , , 
2020-07-29 12:17:00,14.40, , , , 
2020-07-29 12:18:00,14.38, , , , 
2020-07-29 12:19:00,14.41, , , , 
2020-07-29 12:20:00,14.40, , , , 
2020-07-29 12:21:00,14.38, , , , 
2020-07-29 12:22:00,14.40, , , , 
2020-07-29 12:23:00,14.40, , , , 
2020-07-29 12:24:00,14.39, , , , 
2020-07-29 12:25:00,14.40, , , , 
2020-07-29 12:26:00,14.40, , , , 
2020-07-29 12:27:00,14.40, , , , 
2020-07-29 12:28:00,14.40, , , , 
2020-07-29 12:29:00,14.43, , , , 
2020-07-29 12:30:00,14.41, , , , 
2020-07-29 12:31:00,14.40, , , , 
2020-07-29 12:32:00,14.40, , , , 
2020-07-29 12:33:00,14.41, , , , 
2020-07-29 12:34:00,14.40, , , , 
2020-07-29 12:35:00,14.43, , , , 
2020-07-29 12:36:00,14.42, , , , 
2020-07-29 12:37:00,14.42, , , , 
2020-07-29 12:38:00,14.43, , , , 
2020-07-29 12:39:00,14.43, , , , 
2020-07-29 12:40:00,14.41, , , , 
2020-07-29 12:41:00,14.41, , , , 
2020-07-29 12:42:00,14.42, , , , 
2020-07-29 12:43:00,14.43, , , , 
2020-07-29 12:44:00,14.44, , , , 
2020-07-29 12:45:00,14.44, , , , 
2020-07-29 12:46:00,14.44, , , , 
2020-07-29 12:47:00,14.44, , , , 
2020-07-29 12:48:00,14.42, , , , 
2020-07-29 12:49:00,14.43, , , , 
2020-07-29 12:50:00,14.43, , , , 
2020-07-29 12:51:00,14.44, , , , 
2020-07-29 12:52:00,14.42, , , , 
2020-07-29 12:53:00,14.44, , , , 
2020-07-29 12:54:00,14.47, , , , 
2020-07-29 12:55:00,14.45, , , , 
2020-07-29 12:56:00,14.44, , , , 
2020-07-29 12:57:00,14.45, , , , 
2020-07-29 12:58:00,14.45, , , , 
2020-07-29 12:59:00,14.45, , , , 
2020-07-29 13:00:00,14.48, , , , 
2020-07-29 13:01:00,14.45, , , , 
2020-07-29 13:02:00,14.48, , , , 
2020-07-29 13:03:00,14.47, , , , 
2020-07-29 13:04:00,14.48, , , , 
2020-07-29 13:05:00,14.49, , , , 
2020-07-29 13:06:00,14.45, , , , 
2020-07-29 13:07:00,14.47, , , , 
2020-07-29 13:08:00,14.48, , , , 
2020-07-29 13:09:00,14.48, , , , 
2020-07-29 13:10:00,14.49, , , , 
2020-07-29 13:11:00,14.50, , , , 
2020-07-29 13:12:00,14.51, , , , 
2020-07-29 13:13:00,14.49, , , , 
2020-07-29 13:14:00,14.49, , , , 
2020-07-29 13:15:00,14.50, , , , 
2020-07-29 13:16:00,14.51, , , , 
2020-07-29 13:17:00,14.52, , , , 
2020-07-29 13:18:00,14.49, , , , 
2020-07-29 13:19:00,14.50, , , , 
2020-07-29 13:20:00,14.51, , , , 
2020-07-29 13:21:00,14.50, , , , 
2020-07-29 13:22:00,14.51, , , , 
2020-07-29 13:23:00,14.51, , , , 
2020-07-29 13:24:00,14.50, , , , 
2020-07-29 13:25:00,14.52, , , , 
2020-07-29 13:26:00,14.51, , , , 
2020-07-29 13:27:00,14.50, , , , 
2020-07-29 13:28:00,14.49, , , , 
2020-07-29 13:29:00,14.52, , , , 
2020-07-29 13:30:00,14.50, , , , 
2020-07-29 13:31:00,14.53, , , , 
2020-07-29 13:32:00,14.53, , , , 
2020-07-29 13:33:00,14.52, , , , 
2020-07-29 13:34:00,14.52, , , , 
2020-07-29 13:35:00,14.53, , , , 
2020-07-29 13:36:00,14.51, , , , 
2020-07-29 13:37:00,14.52, , , , 
2020-07-29 13:38:00,14.52, , , , 
2020-07-29 13:39:00,14.52, , , , 
2020-07-29 13:40:00,14.53, , , , 
2020-07-29 13:41:00,14.54, , , , 
2020-07-29 13:42:00,14.54, , , , 
2020-07-29 13:43:00,14.55, , , , 
2020-07-29 13:44:00,14.54, , , , 
2020-07-29 13:45:00,14.55, , , , 
2020-07-29 13:46:00,14.56, , , , 
2020-07-29 13:47:00,14.54, , , , 
2020-07-29 13:48:00,14.54, , , , 
2020-07-29 13:49:00,14.53, , , , 
2020-07-29 13:50:00,14.56, , , , 
2020-07-29 13:51:00,14.54, , , , 
2020-07-29 13:52:00,14.55, , , , 
2020-07-29 13:53:00,14.57, , , , 
2020-07-29 13:54:00,14.56, , , , 
2020-07-29 13:55:00,14.56, , , , 
2020-07-29 13:56:00,14.56, , , , 
2020-07-29 13:57:00,14.56, , , , 
2020-07-29 13:58:00,14.56, , , , 
2020-07-29 13:59:00,14.57, , , , 
2020-07-29 14:00:00,14.57, , , , 
2020-07-29 14:01:00,14.57, , , , 
2020-07-29 14:02:00,14.56, , , , 
2020-07-29 14:03:00,14.58, , , , 
2020-07-29 14:04:00,14.59, , , , 
2020-07-29 14:05:00,14.59, , , , 
2020-07-29 14:06:00,14.60, , , , 
2020-07-29 14:07:00,14.58, , , , 
2020-07-29 14:08:00,14.60, , , , 
2020-07-29 14:09:00,14.59, , , , 
2020-07-29 14:10:00,14.59, , , , 
2020-07-29 14:11:00,14.59, , , , 
2020-07-29 14:12:00,14.59, , , , 
2020-07-29 14:13:00,14.59, , , , 
2020-07-29 14:14:00,14.60, , , , 
2020-07-29 14:15:00,14.59, , , , 
2020-07-29 14:16:00,14.62, , , , 
2020-07-29 14:17:00,14.62, , , , 
2020-07-29 14:18:00,14.59, , , , 
2020-07-29 14:19:00,14.65, , , , 
2020-07-29 14:20:00,14.63, , , , 
2020-07-29 14:21:00,14.60, , , , 
2020-07-29 14:22:00,14.63, , , , 
2020-07-29 14:23:00,14.62, , , , 
2020-07-29 14:24:00,14.64, , , , 
2020-07-29 14:25:00,14.64, , , , 
2020-07-29 14:26:00,14.63, , , , 
2020-07-29 14:27:00,14.64, , , , 
2020-07-29 14:28:00,14.65, , , , 
2020-07-29 14:29:00,14.66, , , , 
2020-07-29 14:30:00,14.65, , , , 
2020-07-29 14:31:00,14.63, , , , 
2020-07-29 14:32:00,14.65, , , , 
2020-07-29 14:33:00,14.65, , , , 
2020-07-29 14:34:00,14.65, , , , 
2020-07-29 14:35:00,14.65, , , , 
2020-07-29 14:36:00,14.65, , , , 
2020-07-29 14:37:00,14.67, , , , 
2020-07-29 14:37:01, ,Logged, , , 
2020-07-29 14:37:02, , ,Logged, , 
2020-07-29 14:38:00,14.69, , , , 
2020-07-29 14:39:00,14.69, , , , 
2020-07-29 14:40:00,14.69, , , , 
2020-07-29 14:41:00,14.72, , , , 
2020-07-29 14:42:00,14.73, , , , 
2020-07-29 14:43:00,14.77, , , , 
2020-07-29 14:44:00,14.80, , , , 
2020-07-29 14:45:00,14.84, , , , 
2020-07-29 14:46:00,14.88, , , , 
2020-07-29 14:47:00,14.89, , , , 
2020-07-29 14:48:00,14.95, , , , 
2020-07-29 14:49:00,14.96, , , , 
2020-07-29 14:50:00,14.98, , , , 
2020-07-29 14:51:00,14.99, , , , 
2020-07-29 14:52:00,14.99, , , , 
2020-07-29 14:53:00,15.01, , , , 
2020-07-29 14:54:00,15.02, , , , 
2020-07-29 14:55:00,15.02, , , , 
2020-07-29 14:56:00,15.04, , , , 
2020-07-29 14:57:00,15.07, , , , 
2020-07-29 14:58:00,15.04, , , , 
2020-07-29 14:59:00,15.07, , , , 
2020-07-29 15:00:00,15.06, , , , 
2020-07-29 15:01:00,15.08, , , , 
2020-07-29 15:02:00,15.07, , , , 
2020-07-29 15:03:00,15.09, , , , 
2020-07-29 15:04:00,15.09, , , , 
2020-07-29 15:05:00,15.10, , , , 
2020-07-29 15:06:00,15.09, , , , 
2020-07-29 15:07:00,15.10, , , , 
2020-07-29 15:08:00,15.09, , , , 
2020-07-29 15:09:00,15.09, , , , 
2020-07-29 15:10:00,15.08, , , , 
2020-07-29 15:11:00,15.10, , , , 
2020-07-29 15:12:00,15.10, , , , 
2020-07-29 15:13:00,15.08, , , , 
2020-07-29 15:14:00,15.09, , , , 
2020-07-29 15:15:00,15.10, , , , 
2020-07-29 15:16:00,15.09, , , , 
2020-07-29 15:17:00,15.09, , , , 
2020-07-29 15:18:00,15.10, , , , 
2020-07-29 15:19:00,15.10, , , , 
2020-07-29 15:20:00,15.11, , , , 
2020-07-29 15:21:00,15.11, , , , 
2020-07-29 15:22:00,15.09, , , , 
2020-07-29 15:23:00,15.10, , , , 
2020-07-29 15:24:00,15.11, , , , 
2020-07-29 15:25:00,15.11, , , , 
2020-07-29 15:26:00,15.11, , , , 
2020-07-29 15:27:00,15.09, , , , 
2020-07-29 15:28:00,15.09, , , , 
2020-07-29 15:29:00,15.11, , , , 
2020-07-29 15:30:00,15.11, , , , 
2020-07-29 15:31:00,15.12, , , , 
2020-07-29 15:32:00,15.12, , , , 
2020-07-29 15:33:00,15.10, , , , 
2020-07-29 15:34:00,15.10, , , , 
2020-07-29 15:35:00,15.09, , , , 
2020-07-29 15:36:00,15.11, , , , 
2020-07-29 15:37:00,15.11, , , , 
2020-07-29 15:38:00,15.11, , , , 
2020-07-29 15:39:00,15.11, , , , 
2020-07-29 15:40:00,15.12, , , , 
2020-07-29 15:41:00,15.11, , , , 
2020-07-29 15:42:00,15.10, , , , 
2020-07-29 15:43:00,15.13, , , , 
2020-07-29 15:44:00,15.11, , , , 
2020-07-29 15:45:00,15.11, , , , 
2020-07-29 15:46:00,15.13, , , , 
2020-07-29 15:47:00,15.11, , , , 
2020-07-29 15:48:00,15.13, , , , 
2020-07-29 15:49:00,15.15, , , , 
2020-07-29 15:50:00,15.15, , , , 
2020-07-29 15:51:00,15.19, , , , 
2020-07-29 15:52:00,15.19, , , , 
2020-07-29 15:53:00,15.26, , , , 
2020-07-29 15:54:00,15.28, , , , 
2020-07-29 15:55:00,15.32, , , , 
2020-07-29 15:56:00,15.36, , , , 
2020-07-29 15:57:00,15.40, , , , 
2020-07-29 15:58:00,15.44, , , , 
2020-07-29 15:59:00,15.48, , , , 
2020-07-29 16:00:00,15.54, , , , 
2020-07-29 16:01:00,15.57, , , , 
2020-07-29 16:02:00,15.61, , , , 
2020-07-29 16:03:00,15.67, , , , 
2020-07-29 16:04:00,15.71, , , , 
2020-07-29 16:05:00,15.75, , , , 
2020-07-29 16:06:00,15.80, , , , 
2020-07-29 16:07:00,15.83, , , , 
2020-07-29 16:08:00,15.87, , , , 
2020-07-29 16:09:00,15.95, , , , 
2020-07-29 16:10:00,15.95, , , , 
2020-07-29 16:11:00,16.03, , , , 
2020-07-29 16:12:00,16.05, , , , 
2020-07-29 16:13:00,16.10, , , , 
2020-07-29 16:14:00,16.15, , , , 
2020-07-29 16:15:00,16.20, , , , 
2020-07-29 16:16:00,16.24, , , , 
2020-07-29 16:17:00,16.29, , , , 
2020-07-29 16:18:00,16.34, , , , 
2020-07-29 16:19:00,16.37, , , , 
2020-07-29 16:20:00,16.43, , , , 
2020-07-29 16:21:00,16.45, , , , 
2020-07-29 16:22:00,16.48, , , , 
2020-07-29 16:23:00,16.55, , , , 
2020-07-29 16:24:00,16.59, , , , 
2020-07-29 16:25:00,16.64, , , , 
2020-07-29 16:26:00,16.69, , , , 
2020-07-29 16:27:00,16.73, , , , 
2020-07-29 16:28:00,16.77, , , , 
2020-07-29 16:29:00,16.81, , , , 
2020-07-29 16:30:00,16.86, , , , 
2020-07-29 16:31:00,16.90, , , , 
2020-07-29 16:32:00,16.95, , , , 
2020-07-29 16:33:00,16.98, , , , 
2020-07-29 16:34:00,17.02, , , , 
2020-07-29 16:35:00,17.06, , , , 
2020-07-29 16:36:00,17.14, , , , 
2020-07-29 16:37:00,17.16, , , , 
2020-07-29 16:38:00,17.19, , , , 
2020-07-29 16:39:00,17.22, , , , 
2020-07-29 16:40:00,17.29, , , , 
2020-07-29 16:41:00,17.31, , , , 
2020-07-29 16:42:00,17.37, , , , 
2020-07-29 16:43:00,17.43, , , , 
2020-07-29 16:44:00,17.43, , , , 
2020-07-29 16:45:00,17.49, , , , 
2020-07-29 16:46:00,17.52, , , , 
2020-07-29 16:47:00,17.56, , , , 
2020-07-29 16:48:00,17.61, , , , 
2020-07-29 16:49:00,17.66, , , , 
2020-07-29 16:50:00,17.70, , , , 
2020-07-29 16:51:00,17.74, , , , 
2020-07-29 16:52:00,17.76, , , , 
2020-07-29 16:53:00,17.78, , , , 
2020-07-29 16:54:00,17.81, , , , 
2020-07-29 16:55:00,17.82, , , , 
2020-07-29 16:56:00,17.81, , , , 
2020-07-29 16:57:00,17.83, , , , 
2020-07-29 16:58:00,17.84, , , , 
2020-07-29 16:59:00,17.81, , , , 
2020-07-29 17:00:00,17.83, , , , 
2020-07-29 17:01:00,17.81, , , , 
2020-07-29 17:02:00,17.81, , , , 
2020-07-29 17:03:00,17.83, , , , 
2020-07-29 17:04:00,17.83, , , , 
2020-07-29 17:05:00,17.84, , , , 
2020-07-29 17:06:00,17.88, , , , 
2020-07-29 17:07:00,17.85, , , , 
2020-07-29 17:08:00,17.85, , , , 
2020-07-29 17:09:00,17.87, , , , 
2020-07-29 17:10:00,17.85, , , , 
2020-07-29 17:11:00,17.85, , , , 
2020-07-29 17:12:00,17.87, , , , 
2020-07-29 17:13:00,17.84, , , , 
2020-07-29 17:14:00,17.84, , , , 
2020-07-29 17:15:00,17.84, , , , 
2020-07-29 17:16:00,17.85, , , , 
2020-07-29 17:17:00,17.89, , , , 
2020-07-29 17:18:00,17.88, , , , 
2020-07-29 17:19:00,17.87, , , , 
2020-07-29 17:20:00,17.89, , , , 
2020-07-29 17:21:00,17.85, , , , 
2020-07-29 17:22:00,17.84, , , , 
2020-07-29 17:23:00,17.85, , , , 
2020-07-29 17:24:00,17.84, , , , 
2020-07-29 17:25:00,17.83, , , , 
2020-07-29 17:26:00,17.85, , , , 
2020-07-29 17:27:00,17.85, , , , 
2020-07-29 17:28:00,17.84, , , , 
2020-07-29 17:29:00,17.90, , , , 
2020-07-29 17:30:00,17.91, , , , 
2020-07-29 17:31:00,17.91, , , , 
2020-07-29 17:32:00,17.92, , , , 
2020-07-29 17:33:00,17.92, , , , 
2020-07-29 17:34:00,17.91, , , , 
2020-07-29 17:35:00,17.91, , , , 
2020-07-29 17:36:00,17.92, , , , 
2020-07-29 17:37:00,17.89, , , , 
2020-07-29 17:38:00,17.90, , , , 
2020-07-29 17:39:00,17.89, , , , 
2020-07-29 17:40:00,17.92, , , , 
2020-07-29 17:41:00,17.92, , , , 
2020-07-29 17:42:00,17.92, , , , 
2020-07-29 17:43:00,17.92, , , , 
2020-07-29 17:44:00,17.92, , , , 
2020-07-29 17:45:00,17.93, , , , 
2020-07-29 17:46:00,17.94, , , , 
2020-07-29 17:47:00,17.91, , , , 
2020-07-29 17:48:00,17.91, , , , 
2020-07-29 17:49:00,17.90, , , , 
2020-07-29 17:50:00,17.91, , , , 
2020-07-29 17:51:00,17.91, , , , 
2020-07-29 17:52:00,17.91, , , , 
2020-07-29 17:53:00,17.93, , , , 
2020-07-29 17:54:00,17.94, , , , 
2020-07-29 17:55:00,17.94, , , , 
2020-07-29 17:56:00,17.93, , , , 
2020-07-29 17:57:00,17.93, , , , 
2020-07-29 17:58:00,17.92, , , , 
2020-07-29 17:59:00,17.93, , , , 
2020-07-29 18:00:00,17.91, , , , 
2020-07-29 18:01:00,17.91, , , , 
2020-07-29 18:02:00,17.91, , , , 
2020-07-29 18:03:00,17.93, , , , 
2020-07-29 18:04:00,17.94, , , , 
2020-07-29 18:05:00,17.93, , , , 
2020-07-29 18:06:00,17.93, , , , 
2020-07-29 18:07:00,17.93, , , , 
2020-07-29 18:08:00,17.94, , , , 
2020-07-29 18:09:00,17.92, , , , 
2020-07-29 18:10:00,17.93, , , , 
2020-07-29 18:11:00,17.90, , , , 
2020-07-29 18:12:00,17.92, , , , 
2020-07-29 18:13:00,17.91, , , , 
2020-07-29 18:14:00,17.90, , , , 
2020-07-29 18:15:00,17.93, , , , 
2020-07-29 18:16:00,17.93, , , , 
2020-07-29 18:17:00,17.94, , , , 
2020-07-29 18:18:00,17.93, , , , 
2020-07-29 18:19:00,17.92, , , , 
2020-07-29 18:20:00,17.94, , , , 
2020-07-29 18:21:00,17.91, , , , 
2020-07-29 18:22:00,17.90, , , , 
2020-07-29 18:23:00,17.92, , , , 
2020-07-29 18:24:00,17.90, , , , 
2020-07-29 18:25:00,17.92, , , , 
2020-07-29 18:26:00,17.93, , , , 
2020-07-29 18:27:00,17.93, , , , 
2020-07-29 18:28:00,17.94, , , , 
2020-07-29 18:29:00,17.92, , , , 
2020-07-29 18:30:00,17.92, , , , 
2020-07-29 18:31:00,17.91, , , , 
2020-07-29 18:32:00,17.90, , , , 
2020-07-29 18:33:00,17.89, , , , 
2020-07-29 18:34:00,17.92, , , , 
2020-07-29 18:35:00,17.92, , , , 
2020-07-29 18:36:00,17.92, , , , 
2020-07-29 18:37:00,17.94, , , , 
2020-07-29 18:38:00,17.93, , , , 
2020-07-29 18:39:00,17.93, , , , 
2020-07-29 18:40:00,17.94, , , , 
2020-07-29 18:41:00,17.92, , , , 
2020-07-29 18:42:00,17.91, , , , 
2020-07-29 18:43:00,17.90, , , , 
2020-07-29 18:44:00,17.90, , , , 
2020-07-29 18:45:00,17.91, , , , 
2020-07-29 18:46:00,17.92, , , , 
2020-07-29 18:47:00,17.92, , , , 
2020-07-29 18:48:00,17.92, , , , 
2020-07-29 18:49:00,17.94, , , , 
2020-07-29 18:50:00,17.90, , , , 
2020-07-29 18:51:00,17.92, , , , 
2020-07-29 18:52:00,17.91, , , , 
2020-07-29 18:53:00,17.92, , , , 
2020-07-29 18:54:00,17.90, , , , 
2020-07-29 18:55:00,17.90, , , , 
2020-07-29 18:56:00,17.92, , , , 
2020-07-29 18:57:00,17.93, , , , 
2020-07-29 18:58:00,17.94, , , , 
2020-07-29 18:59:00,17.95, , , , 
2020-07-29 19:00:00,17.93, , , , 
2020-07-29 19:01:00,17.93, , , , 
2020-07-29 19:02:00,17.93, , , , 
2020-07-29 19:03:00,17.92, , , , 
2020-07-29 19:04:00,17.92, , , , 
2020-07-29 19:05:00,17.90, , , , 
2020-07-29 19:06:00,17.90, , , , 
2020-07-29 19:07:00,17.88, , , , 
2020-07-29 19:08:00,17.88, , , , 
2020-07-29 19:09:00,17.84, , , , 
2020-07-29 19:10:00,17.84, , , , 
2020-07-29 19:11:00,17.83, , , , 
2020-07-29 19:12:00,17.82, , , , 
2020-07-29 19:13:00,17.82, , , , 
2020-07-29 19:14:00,17.80, , , , 
2020-07-29 19:15:00,17.78, , , , 
2020-07-29 19:16:00,17.76, , , , 
2020-07-29 19:17:00,17.75, , , , 
2020-07-29 19:18:00,17.75, , , , 
2020-07-29 19:19:00,17.72, , , , 
2020-07-29 19:20:00,17.74, , , , 
2020-07-29 19:21:00,17.72, , , , 
2020-07-29 19:22:00,17.68, , , , 
2020-07-29 19:23:00,17.67, , , , 
2020-07-29 19:24:00,17.66, , , , 
2020-07-29 19:25:00,17.63, , , , 
2020-07-29 19:26:00,17.64, , , , 
2020-07-29 19:27:00,17.63, , , , 
2020-07-29 19:28:00,17.62, , , , 
2020-07-29 19:29:00,17.58, , , , 
2020-07-29 19:30:00,17.60, , , , 
2020-07-29 19:31:00,17.58, , , , 
2020-07-29 19:32:00,17.56, , , , 
2020-07-29 19:33:00,17.53, , , , 
2020-07-29 19:34:00,17.54, , , , 
2020-07-29 19:35:00,17.51, , , , 
2020-07-29 19:36:00,17.52, , , , 
2020-07-29 19:37:00,17.51, , , , 
2020-07-29 19:38:00,17.48, , , , 
2020-07-29 19:39:00,17.47, , , , 
2020-07-29 19:40:00,17.46, , , , 
2020-07-29 19:41:00,17.45, , , , 
2020-07-29 19:42:00,17.44, , , , 
2020-07-29 19:43:00,17.44, , , , 
2020-07-29 19:44:00,17.40, , , , 
2020-07-29 19:45:00,17.40, , , , 
2020-07-29 19:46:00,17.38, , , , 
2020-07-29 19:47:00,17.38, , , , 
2020-07-29 19:48:00,17.37, , , , 
2020-07-29 19:49:00,17.36, , , , 
2020-07-29 19:50:00,17.34, , , , 
2020-07-29 19:51:00,17.33, , , , 
2020-07-29 19:52:00,17.32, , , , 
2020-07-29 19:53:00,17.33, , , , 
2020-07-29 19:54:00,17.30, , , , 
2020-07-29 19:55:00,17.26, , , , 
2020-07-29 19:56:00,17.26, , , , 
2020-07-29 19:57:00,17.24, , , , 
2020-07-29 19:58:00,17.22, , , , 
2020-07-29 19:59:00,17.23, , , , 
2020-07-29 20:00:00,17.21, , , , 
2020-07-29 20:01:00,17.21, , , , 
2020-07-29 20:02:00,17.21, , , , 
2020-07-29 20:03:00,17.18, , , , 
2020-07-29 20:04:00,17.18, , , , 
2020-07-29 20:05:00,17.19, , , , 
2020-07-29 20:06:00,17.16, , , , 
2020-07-29 20:07:00,17.15, , , , 
2020-07-29 20:08:00,17.15, , , , 
2020-07-29 20:09:00,17.11, , , , 
2020-07-29 20:10:00,17.14, , , , 
2020-07-29 20:11:00,17.10, , , , 
2020-07-29 20:12:00,17.10, , , , 
2020-07-29 20:13:00,17.07, , , , 
2020-07-29 20:14:00,17.07, , , , 
2020-07-29 20:15:00,17.06, , , , 
2020-07-29 20:16:00,17.04, , , , 
2020-07-29 20:17:00,17.04, , , , 
2020-07-29 20:18:00,17.03, , , , 
2020-07-29 20:19:00,17.02, , , , 
2020-07-29 20:20:00,17.02, , , , 
2020-07-29 20:21:00,17.01, , , , 
2020-07-29 20:22:00,16.99, , , , 
2020-07-29 20:23:00,16.99, , , , 
2020-07-29 20:24:00,16.98, , , , 
2020-07-29 20:25:00,16.95, , , , 
2020-07-29 20:26:00,16.93, , , , 
2020-07-29 20:27:00,16.92, , , , 
2020-07-29 20:28:00,16.93, , , , 
2020-07-29 20:29:00,16.92, , , , 
2020-07-29 20:30:00,16.91, , , , 
2020-07-29 20:31:00,16.93, , , , 
2020-07-29 20:32:00,16.88, , , , 
2020-07-29 20:33:00,16.87, , , , 
2020-07-29 20:34:00,16.88, , , , 
2020-07-29 20:35:00,16.87, , , , 
2020-07-29 20:36:00,16.86, , , , 
2020-07-29 20:37:00,16.86, , , , 
2020-07-29 20:38:00,16.82, , , , 
2020-07-29 20:39:00,16.82, , , , 
2020-07-29 20:40:00,16.80, , , , 
2020-07-29 20:41:00,16.80, , , , 
2020-07-29 20:42:00,16.79, , , , 
2020-07-29 20:43:00,16.79, , , , 
2020-07-29 20:44:00,16.78, , , , 
2020-07-29 20:45:00,16.75, , , , 
2020-07-29 20:46:00,16.77, , , , 
2020-07-29 20:47:00,16.76, , , , 
2020-07-29 20:48:00,16.75, , , , 
2020-07-29 20:49:00,16.75, , , , 
2020-07-29 20:50:00,16.75, , , , 
2020-07-29 20:51:00,16.72, , , , 
2020-07-29 20:52:00,16.71, , , , 
2020-07-29 20:53:00,16.71, , , , 
2020-07-29 20:54:00,16.69, , , , 
2020-07-29 20:55:00,16.67, , , , 
2020-07-29 20:56:00,16.69, , , , 
2020-07-29 20:57:00,16.65, , , , 
2020-07-29 20:58:00,16.65, , , , 
2020-07-29 20:59:00,16.64, , , , 
2020-07-29 21:00:00,16.64, , , , 
2020-07-29 21:01:00,16.63, , , , 
2020-07-29 21:02:00,16.60, , , , 
2020-07-29 21:03:00,16.61, , , , 
2020-07-29 21:04:00,16.62, , , , 
2020-07-29 21:05:00,16.59, , , , 
2020-07-29 21:06:00,16.59, , , , 
2020-07-29 21:07:00,16.58, , , , 
2020-07-29 21:08:00,16.58, , , , 
2020-07-29 21:09:00,16.55, , , , 
2020-07-29 21:10:00,16.56, , , , 
2020-07-29 21:11:00,16.54, , , , 
2020-07-29 21:12:00,16.55, , , , 
2020-07-29 21:13:00,16.54, , , , 
2020-07-29 21:14:00,16.51, , , , 
2020-07-29 21:15:00,16.52, , , , 
2020-07-29 21:16:00,16.50, , , , 
2020-07-29 21:17:00,16.50, , , , 
2020-07-29 21:18:00,16.49, , , , 
2020-07-29 21:19:00,16.48, , , , 
2020-07-29 21:20:00,16.47, , , , 
2020-07-29 21:21:00,16.45, , , , 
2020-07-29 21:22:00,16.44, , , , 
2020-07-29 21:23:00,16.45, , , , 
2020-07-29 21:24:00,16.42, , , , 
2020-07-29 21:25:00,16.42, , , , 
2020-07-29 21:26:00,16.43, , , , 
2020-07-29 21:27:00,16.41, , , , 
2020-07-29 21:28:00,16.41, , , , 
2020-07-29 21:29:00,16.40, , , , 
2020-07-29 21:30:00,16.39, , , , 
2020-07-29 21:31:00,16.40, , , , 
2020-07-29 21:32:00,16.39, , , , 
2020-07-29 21:33:00,16.37, , , , 
2020-07-29 21:34:00,16.37, , , , 
2020-07-29 21:35:00,16.34, , , , 
2020-07-29 21:36:00,16.34, , , , 
2020-07-29 21:37:00,16.32, , , , 
2020-07-29 21:38:00,16.33, , , , 
2020-07-29 21:39:00,16.33, , , , 
2020-07-29 21:40:00,16.33, , , , 
2020-07-29 21:41:00,16.29, , , , 
2020-07-29 21:42:00,16.32, , , , 
2020-07-29 21:43:00,16.28, , , , 
2020-07-29 21:44:00,16.29, , , , 
2020-07-29 21:45:00,16.28, , , , 
2020-07-29 21:46:00,16.28, , , , 
2020-07-29 21:47:00,16.28, , , , 
2020-07-29 21:48:00,16.24, , , , 
2020-07-29 21:49:00,16.25, , , , 
2020-07-29 21:50:00,16.24, , , , 
2020-07-29 21:51:00,16.25, , , , 
2020-07-29 21:52:00,16.21, , , , 
2020-07-29 21:53:00,16.24, , , , 
2020-07-29 21:54:00,16.21, , , , 
2020-07-29 21:55:00,16.20, , , , 
2020-07-29 21:56:00,16.19, , , , 
2020-07-29 21:57:00,16.19, , , , 
2020-07-29 21:58:00,16.19, , , , 
2020-07-29 21:59:00,16.17, , , , 
2020-07-29 22:00:00,16.18, , , , 
2020-07-29 22:01:00,16.16, , , , 
2020-07-29 22:02:00,16.15, , , , 
2020-07-29 22:03:00,16.15, , , , 
2020-07-29 22:04:00,16.15, , , , 
2020-07-29 22:05:00,16.13, , , , 
2020-07-29 22:06:00,16.14, , , , 
2020-07-29 22:07:00,16.13, , , , 
2020-07-29 22:08:00,16.12, , , , 
2020-07-29 22:09:00,16.11, , , , 
2020-07-29 22:10:00,16.12, , , , 
2020-07-29 22:11:00,16.08, , , , 
2020-07-29 22:12:00,16.08, , , , 
2020-07-29 22:13:00,16.07, , , , 
2020-07-29 22:14:00,16.08, , , , 
2020-07-29 22:15:00,16.07, , , , 
2020-07-29 22:16:00,16.04, , , , 
2020-07-29 22:17:00,16.05, , , , 
2020-07-29 22:18:00,16.07, , , , 
2020-07-29 22:19:00,16.04, , , , 
2020-07-29 22:20:00,16.03, , , , 
2020-07-29 22:21:00,16.01, , , , 
2020-07-29 22:22:00,16.01, , , , 
2020-07-29 22:23:00,16.00, , , , 
2020-07-29 22:24:00,16.01, , , , 
2020-07-29 22:25:00,16.01, , , , 
2020-07-29 22:26:00,15.99, , , , 
2020-07-29 22:27:00,16.00, , , , 
2020-07-29 22:28:00,15.99, , , , 
2020-07-29 22:29:00,15.98, , , , 
2020-07-29 22:30:00,15.98, , , , 
2020-07-29 22:31:00,15.95, , , , 
2020-07-29 22:32:00,15.95, , , , 
2020-07-29 22:33:00,15.95, , , , 
2020-07-29 22:34:00,15.93, , , , 
2020-07-29 22:35:00,15.92, , , , 
2020-07-29 22:36:00,15.93, , , , 
2020-07-29 22:37:00,15.92, , , , 
2020-07-29 22:38:00,15.93, , , , 
2020-07-29 22:39:00,15.91, , , , 
2020-07-29 22:40:00,15.90, , , , 
2020-07-29 22:41:00,15.89, , , , 
2020-07-29 22:42:00,15.89, , , , 
2020-07-29 22:43:00,15.90, , , , 
2020-07-29 22:44:00,15.87, , , , 
2020-07-29 22:45:00,15.86, , , , 
2020-07-29 22:46:00,15.89, , , , 
2020-07-29 22:47:00,15.85, , , , 
2020-07-29 22:48:00,15.86, , , , 
2020-07-29 22:49:00,15.86, , , , 
2020-07-29 22:50:00,15.85, , , , 
2020-07-29 22:51:00,15.84, , , , 
2020-07-29 22:52:00,15.84, , , , 
2020-07-29 22:53:00,15.84, , , , 
2020-07-29 22:54:00,15.82, , , , 
2020-07-29 22:55:00,15.82, , , , 
2020-07-29 22:56:00,15.82, , , , 
2020-07-29 22:57:00,15.80, , , , 
2020-07-29 22:58:00,15.78, , , , 
2020-07-29 22:59:00,15.82, , , , 
2020-07-29 23:00:00,15.77, , , , 
2020-07-29 23:01:00,15.77, , , , 
2020-07-29 23:02:00,15.77, , , , 
2020-07-29 23:03:00,15.77, , , , 
2020-07-29 23:04:00,15.77, , , , 
2020-07-29 23:05:00,15.75, , , , 
2020-07-29 23:06:00,15.76, , , , 
2020-07-29 23:07:00,15.74, , , , 
2020-07-29 23:08:00,15.74, , , , 
2020-07-29 23:09:00,15.72, , , , 
2020-07-29 23:10:00,15.73, , , , 
2020-07-29 23:11:00,15.74, , , , 
2020-07-29 23:12:00,15.73, , , , 
2020-07-29 23:13:00,15.72, , , , 
2020-07-29 23:14:00,15.71, , , , 
2020-07-29 23:15:00,15.71, , , , 
2020-07-29 23:16:00,15.71, , , , 
2020-07-29 23:17:00,15.69, , , , 
2020-07-29 23:18:00,15.70, , , , 
2020-07-29 23:19:00,15.68, , , , 
2020-07-29 23:20:00,15.68, , , , 
2020-07-29 23:21:00,15.67, , , , 
2020-07-29 23:22:00,15.67, , , , 
2020-07-29 23:23:00,15.68, , , , 
2020-07-29 23:24:00,15.66, , , , 
2020-07-29 23:25:00,15.65, , , , 
2020-07-29 23:26:00,15.63, , , , 
2020-07-29 23:27:00,15.63, , , , 
2020-07-29 23:28:00,15.65, , , , 
2020-07-29 23:29:00,15.63, , , , 
2020-07-29 23:30:00,15.63, , , , 
2020-07-29 23:31:00,15.63, , , , 
2020-07-29 23:32:00,15.61, , , , 
2020-07-29 23:33:00,15.60, , , , 
2020-07-29 23:34:00,15.60, , , , 
2020-07-29 23:35:00,15.61, , , , 
2020-07-29 23:36:00,15.61, , , , 
2020-07-29 23:37:00,15.66, , , , 
2020-07-29 23:38:00,15.62, , , , 
2020-07-29 23:39:00,15.63, , , , 
2020-07-29 23:40:00,15.66, , , , 
2020-07-29 23:41:00,15.62, , , , 
2020-07-29 23:42:00,15.63, , , , 
2020-07-29 23:43:00,15.63, , , , 
2020-07-29 23:44:00,15.63, , , , 
2020-07-29 23:45:00,15.61, , , , 
2020-07-29 23:46:00,15.63, , , , 
2020-07-29 23:47:00,15.62, , , , 
2020-07-29 23:48:00,15.61, , , , 
2020-07-29 23:49:00,15.61, , , , 
2020-07-29 23:50:00,15.61, , , , 
2020-07-29 23:51:00,15.61, , , , 
2020-07-29 23:52:00,15.59, , , , 
2020-07-29 23:53:00,15.60, , , , 
2020-07-29 23:54:00,15.62, , , , 
2020-07-29 23:55:00,15.65, , , , 
2020-07-29 23:56:00,15.62, , , , 
2020-07-29 23:57:00,15.65, , , , 
2020-07-29 23:58:00,15.65, , , , 
2020-07-29 23:59:00,15.63, , , , 
2020-07-30 00:00:00,15.66, , , , 
2020-07-30 00:01:00,15.63, , , , 
2020-07-30 00:02:00,15.62, , , , 
2020-07-30 00:03:00,15.62, , , , 
2020-07-30 00:04:00,15.62, , , , 
2020-07-30 00:05:00,15.62, , , , 
2020-07-30 00:06:00,15.61, , , , 
2020-07-30 00:07:00,15.63, , , , 
2020-07-30 00:08:00,15.62, , , , 
2020-07-30 00:09:00,15.61, , , , 
2020-07-30 00:10:00,15.62, , , , 
2020-07-30 00:11:00,15.61, , , , 
2020-07-30 00:12:00,15.62, , , , 
2020-07-30 00:13:00,15.59, , , , 
2020-07-30 00:14:00,15.57, , , , 
2020-07-30 00:15:00,15.59, , , , 
2020-07-30 00:16:00,15.58, , , , 
2020-07-30 00:17:00,15.57, , , , 
2020-07-30 00:18:00,15.57, , , , 
2020-07-30 00:19:00,15.56, , , , 
2020-07-30 00:20:00,15.55, , , , 
2020-07-30 00:21:00,15.57, , , , 
2020-07-30 00:22:00,15.56, , , , 
2020-07-30 00:23:00,15.54, , , , 
2020-07-30 00:24:00,15.54, , , , 
2020-07-30 00:25:00,15.54, , , , 
2020-07-30 00:26:00,15.56, , , , 
2020-07-30 00:27:00,15.57, , , , 
2020-07-30 00:28:00,15.55, , , , 
2020-07-30 00:29:00,15.57, , , , 
2020-07-30 00:30:00,15.56, , , , 
2020-07-30 00:31:00,15.58, , , , 
2020-07-30 00:32:00,15.57, , , , 
2020-07-30 00:33:00,15.57, , , , 
2020-07-30 00:34:00,15.57, , , , 
2020-07-30 00:35:00,15.58, , , , 
2020-07-30 00:36:00,15.57, , , , 
2020-07-30 00:37:00,15.57, , , , 
2020-07-30 00:38:00,15.56, , , , 
2020-07-30 00:39:00,15.55, , , , 
2020-07-30 00:40:00,15.56, , , , 
2020-07-30 00:41:00,15.54, , , , 
2020-07-30 00:42:00,15.55, , , , 
2020-07-30 00:43:00,15.56, , , , 
2020-07-30 00:44:00,15.52, , , , 
2020-07-30 00:45:00,15.54, , , , 
2020-07-30 00:46:00,15.54, , , , 
2020-07-30 00:47:00,15.56, , , , 
2020-07-30 00:48:00,15.56, , , , 
2020-07-30 00:49:00,15.58, , , , 
2020-07-30 00:50:00,15.57, , , , 
2020-07-30 00:51:00,15.57, , , , 
2020-07-30 00:52:00,15.58, , , , 
2020-07-30 00:53:00,15.57, , , , 
2020-07-30 00:54:00,15.57, , , , 
2020-07-30 00:55:00,15.55, , , , 
2020-07-30 00:56:00,15.57, , , , 
2020-07-30 00:57:00,15.56, , , , 
2020-07-30 00:58:00,15.55, , , , 
2020-07-30 00:59:00,15.55, , , , 
2020-07-30 01:00:00,15.56, , , , 
2020-07-30 01:01:00,15.56, , , , 
2020-07-30 01:02:00,15.56, , , , 
2020-07-30 01:03:00,15.55, , , , 
2020-07-30 01:04:00,15.55, , , , 
2020-07-30 01:05:00,15.54, , , , 
2020-07-30 01:06:00,15.54, , , , 
2020-07-30 01:07:00,15.53, , , , 
2020-07-30 01:08:00,15.57, , , , 
2020-07-30 01:09:00,15.59, , , , 
2020-07-30 01:10:00,15.60, , , , 
2020-07-30 01:11:00,15.60, , , , 
2020-07-30 01:12:00,15.63, , , , 
2020-07-30 01:13:00,15.63, , , , 
2020-07-30 01:14:00,15.63, , , , 
2020-07-30 01:15:00,15.63, , , , 
2020-07-30 01:16:00,15.65, , , , 
2020-07-30 01:17:00,15.65, , , , 
2020-07-30 01:18:00,15.65, , , , 
2020-07-30 01:19:00,15.63, , , , 
2020-07-30 01:20:00,15.62, , , , 
2020-07-30 01:21:00,15.65, , , , 
2020-07-30 01:22:00,15.63, , , , 
2020-07-30 01:23:00,15.63, , , , 
2020-07-30 01:24:00,15.65, , , , 
2020-07-30 01:25:00,15.63, , , , 
2020-07-30 01:26:00,15.62, , , , 
2020-07-30 01:27:00,15.63, , , , 
2020-07-30 01:28:00,15.63, , , , 
2020-07-30 01:29:00,15.63, , , , 
2020-07-30 01:30:00,15.59, , , , 
2020-07-30 01:31:00,15.56, , , , 
2020-07-30 01:32:00,15.59, , , , 
2020-07-30 01:33:00,15.59, , , , 
2020-07-30 01:34:00,15.58, , , , 
2020-07-30 01:35:00,15.57, , , , 
2020-07-30 01:36:00,15.57, , , , 
2020-07-30 01:37:00,15.57, , , , 
2020-07-30 01:38:00,15.56, , , , 
2020-07-30 01:39:00,15.57, , , , 
2020-07-30 01:40:00,15.55, , , , 
2020-07-30 01:41:00,15.56, , , , 
2020-07-30 01:42:00,15.55, , , , 
2020-07-30 01:43:00,15.54, , , , 
2020-07-30 01:44:00,15.54, , , , 
2020-07-30 01:45:00,15.57, , , , 
2020-07-30 01:46:00,15.56, , , , 
2020-07-30 01:47:00,15.57, , , , 
2020-07-30 01:48:00,15.56, , , , 
2020-07-30 01:49:00,15.57, , , , 
2020-07-30 01:50:00,15.57, , , , 
2020-07-30 01:51:00,15.57, , , , 
2020-07-30 01:52:00,15.58, , , , 
2020-07-30 01:53:00,15.57, , , , 
2020-07-30 01:54:00,15.55, , , , 
2020-07-30 01:55:00,15.55, , , , 
2020-07-30 01:56:00,15.55, , , , 
2020-07-30 01:57:00,15.55, , , , 
2020-07-30 01:58:00,15.54, , , , 
2020-07-30 01:59:00,15.56, , , , 
2020-07-30 02:00:00,15.56, , , , 
2020-07-30 02:01:00,15.53, , , , 
2020-07-30 02:02:00,15.53, , , , 
2020-07-30 02:03:00,15.57, , , , 
2020-07-30 02:04:00,15.54, , , , 
2020-07-30 02:05:00,15.58, , , , 
2020-07-30 02:06:00,15.58, , , , 
2020-07-30 02:07:00,15.56, , , , 
2020-07-30 02:08:00,15.56, , , , 
2020-07-30 02:09:00,15.57, , , , 
2020-07-30 02:10:00,15.56, , , , 
2020-07-30 02:11:00,15.57, , , , 
2020-07-30 02:12:00,15.57, , , , 
2020-07-30 02:13:00,15.57, , , , 
2020-07-30 02:14:00,15.56, , , , 
2020-07-30 02:15:00,15.56, , , , 
2020-07-30 02:16:00,15.54, , , , 
2020-07-30 02:17:00,15.54, , , , 
2020-07-30 02:18:00,15.53, , , , 
2020-07-30 02:19:00,15.55, , , , 
2020-07-30 02:20:00,15.55, , , , 
2020-07-30 02:21:00,15.56, , , , 
2020-07-30 02:22:00,15.56, , , , 
2020-07-30 02:23:00,15.56, , , , 
2020-07-30 02:24:00,15.57, , , , 
2020-07-30 02:25:00,15.56, , , , 
2020-07-30 02:26:00,15.56, , , , 
2020-07-30 02:27:00,15.55, , , , 
2020-07-30 02:28:00,15.57, , , , 
2020-07-30 02:29:00,15.57, , , , 
2020-07-30 02:30:00,15.55, , , , 
2020-07-30 02:31:00,15.55, , , , 
2020-07-30 02:32:00,15.54, , , , 
2020-07-30 02:33:00,15.56, , , , 
2020-07-30 02:34:00,15.57, , , , 
2020-07-30 02:35:00,15.55, , , , 
2020-07-30 02:36:00,15.53, , , , 
2020-07-30 02:37:00,15.54, , , , 
2020-07-30 02:38:00,15.55, , , , 
2020-07-30 02:39:00,15.55, , , , 
2020-07-30 02:40:00,15.55, , , , 
2020-07-30 02:41:00,15.57, , , , 
2020-07-30 02:42:00,15.57, , , , 
2020-07-30 02:43:00,15.58, , , , 
2020-07-30 02:44:00,15.57, , , , 
2020-07-30 02:45:00,15.57, , , , 
2020-07-30 02:46:00,15.56, , , , 
2020-07-30 02:47:00,15.54, , , , 
2020-07-30 02:48:00,15.54, , , , 
2020-07-30 02:49:00,15.57, , , , 
2020-07-30 02:50:00,15.56, , , , 
2020-07-30 02:51:00,15.56, , , , 
2020-07-30 02:52:00,15.53, , , , 
2020-07-30 02:53:00,15.54, , , , 
2020-07-30 02:54:00,15.53, , , , 
2020-07-30 02:55:00,15.54, , , , 
2020-07-30 02:56:00,15.54, , , , 
2020-07-30 02:57:00,15.55, , , , 
2020-07-30 02:58:00,15.57, , , , 
2020-07-30 02:59:00,15.57, , , , 
2020-07-30 03:00:00,15.57, , , , 
2020-07-30 03:01:00,15.56, , , , 
2020-07-30 03:02:00,15.56, , , , 
2020-07-30 03:03:00,15.57, , , , 
2020-07-30 03:04:00,15.58, , , , 
2020-07-30 03:05:00,15.57, , , , 
2020-07-30 03:06:00,15.56, , , , 
2020-07-30 03:07:00,15.57, , , , 
2020-07-30 03:08:00,15.57, , , , 
2020-07-30 03:09:00,15.55, , , , 
2020-07-30 03:10:00,15.56, , , , 
2020-07-30 03:11:00,15.53, , , , 
2020-07-30 03:12:00,15.52, , , , 
2020-07-30 03:13:00,15.55, , , , 
2020-07-30 03:14:00,15.56, , , , 
2020-07-30 03:15:00,15.56, , , , 
2020-07-30 03:16:00,15.57, , , , 
2020-07-30 03:17:00,15.57, , , , 
2020-07-30 03:18:00,15.57, , , , 
2020-07-30 03:19:00,15.58, , , , 
2020-07-30 03:20:00,15.58, , , , 
2020-07-30 03:21:00,15.59, , , , 
2020-07-30 03:22:00,15.56, , , , 
2020-07-30 03:23:00,15.58, , , , 
2020-07-30 03:24:00,15.57, , , , 
2020-07-30 03:25:00,15.57, , , , 
2020-07-30 03:26:00,15.56, , , , 
2020-07-30 03:27:00,15.56, , , , 
2020-07-30 03:28:00,15.55, , , , 
2020-07-30 03:29:00,15.56, , , , 
2020-07-30 03:30:00,15.56, , , , 
2020-07-30 03:31:00,15.54, , , , 
2020-07-30 03:32:00,15.54, , , , 
2020-07-30 03:33:00,15.53, , , , 
2020-07-30 03:34:00,15.55, , , , 
2020-07-30 03:35:00,15.56, , , , 
2020-07-30 03:36:00,15.57, , , , 
2020-07-30 03:37:00,15.56, , , , 
2020-07-30 03:38:00,15.56, , , , 
2020-07-30 03:39:00,15.58, , , , 
2020-07-30 03:40:00,15.57, , , , 
2020-07-30 03:41:00,15.56, , , , 
2020-07-30 03:42:00,15.57, , , , 
2020-07-30 03:43:00,15.57, , , , 
2020-07-30 03:44:00,15.55, , , , 
2020-07-30 03:45:00,15.56, , , , 
2020-07-30 03:46:00,15.56, , , , 
2020-07-30 03:47:00,15.54, , , , 
2020-07-30 03:48:00,15.53, , , , 
2020-07-30 03:49:00,15.54, , , , 
2020-07-30 03:50:00,15.53, , , , 
2020-07-30 03:51:00,15.55, , , , 
2020-07-30 03:52:00,15.53, , , , 
2020-07-30 03:53:00,15.56, , , , 
2020-07-30 03:54:00,15.56, , , , 
2020-07-30 03:55:00,15.57, , , , 
2020-07-30 03:56:00,15.57, , , , 
2020-07-30 03:57:00,15.57, , , , 
2020-07-30 03:58:00,15.56, , , , 
2020-07-30 03:59:00,15.56, , , , 
2020-07-30 04:00:00,15.57, , , , 
2020-07-30 04:01:00,15.56, , , , 
2020-07-30 04:02:00,15.56, , , , 
2020-07-30 04:03:00,15.58, , , , 
2020-07-30 04:04:00,15.54, , , , 
2020-07-30 04:05:00,15.56, , , , 
2020-07-30 04:06:00,15.54, , , , 
2020-07-30 04:07:00,15.54, , , , 
2020-07-30 04:08:00,15.53, , , , 
2020-07-30 04:09:00,15.53, , , , 
2020-07-30 04:10:00,15.54, , , , 
2020-07-30 04:11:00,15.56, , , , 
2020-07-30 04:12:00,15.55, , , , 
2020-07-30 04:13:00,15.56, , , , 
2020-07-30 04:14:00,15.54, , , , 
2020-07-30 04:15:00,15.57, , , , 
2020-07-30 04:16:00,15.56, , , , 
2020-07-30 04:17:00,15.56, , , , 
2020-07-30 04:18:00,15.56, , , , 
2020-07-30 04:19:00,15.56, , , , 
2020-07-30 04:20:00,15.56, , , , 
2020-07-30 04:21:00,15.56, , , , 
2020-07-30 04:22:00,15.56, , , , 
2020-07-30 04:23:00,15.57, , , , 
2020-07-30 04:24:00,15.56, , , , 
2020-07-30 04:25:00,15.56, , , , 
2020-07-30 04:26:00,15.57, , , , 
2020-07-30 04:27:00,15.55, , , , 
2020-07-30 04:28:00,15.54, , , , 
2020-07-30 04:29:00,15.54, , , , 
2020-07-30 04:30:00,15.54, , , , 
2020-07-30 04:31:00,15.53, , , , 
2020-07-30 04:32:00,15.55, , , , 
2020-07-30 04:33:00,15.57, , , , 
2020-07-30 04:34:00,15.57, , , , 
2020-07-30 04:35:00,15.58, , , , 
2020-07-30 04:36:00,15.57, , , , 
2020-07-30 04:37:00,15.57, , , , 
2020-07-30 04:38:00,15.58, , , , 
2020-07-30 04:39:00,15.57, , , , 
2020-07-30 04:40:00,15.57, , , , 
2020-07-30 04:41:00,15.57, , , , 
2020-07-30 04:42:00,15.57, , , , 
2020-07-30 04:43:00,15.55, , , , 
2020-07-30 04:44:00,15.55, , , , 
2020-07-30 04:45:00,15.55, , , , 
2020-07-30 04:46:00,15.55, , , , 
2020-07-30 04:47:00,15.54, , , , 
2020-07-30 04:48:00,15.55, , , , 
2020-07-30 04:49:00,15.53, , , , 
2020-07-30 04:50:00,15.54, , , , 
2020-07-30 04:51:00,15.54, , , , 
2020-07-30 04:52:00,15.56, , , , 
2020-07-30 04:53:00,15.54, , , , 
2020-07-30 04:54:00,15.57, , , , 
2020-07-30 04:55:00,15.57, , , , 
2020-07-30 04:56:00,15.55, , , , 
2020-07-30 04:57:00,15.58, , , , 
2020-07-30 04:58:00,15.57, , , , 
2020-07-30 04:59:00,15.55, , , , 
2020-07-30 05:00:00,15.58, , , , 
2020-07-30 05:01:00,15.55, , , , 
2020-07-30 05:02:00,15.57, , , , 
2020-07-30 05:03:00,15.55, , , , 
2020-07-30 05:04:00,15.55, , , , 
2020-07-30 05:05:00,15.54, , , , 
2020-07-30 05:06:00,15.53, , , , 
2020-07-30 05:07:00,15.53, , , , 
2020-07-30 05:08:00,15.53, , , , 
2020-07-30 05:09:00,15.54, , , , 
2020-07-30 05:10:00,15.55, , , , 
2020-07-30 05:11:00,15.55, , , , 
2020-07-30 05:12:00,15.57, , , , 
2020-07-30 05:13:00,15.57, , , , 
2020-07-30 05:14:00,15.59, , , , 
2020-07-30 05:15:00,15.58, , , , 
2020-07-30 05:16:00,15.57, , , , 
2020-07-30 05:17:00,15.58, , , , 
2020-07-30 05:18:00,15.57, , , , 
2020-07-30 05:19:00,15.56, , , , 
2020-07-30 05:20:00,15.56, , , , 
2020-07-30 05:21:00,15.55, , , , 
2020-07-30 05:22:00,15.55, , , , 
2020-07-30 05:23:00,15.55, , , , 
2020-07-30 05:24:00,15.55, , , , 
2020-07-30 05:25:00,15.53, , , , 
2020-07-30 05:26:00,15.54, , , , 
2020-07-30 05:27:00,15.55, , , , 
2020-07-30 05:28:00,15.53, , , , 
2020-07-30 05:29:00,15.54, , , , 
2020-07-30 05:30:00,15.58, , , , 
2020-07-30 05:31:00,15.56, , , , 
2020-07-30 05:32:00,15.57, , , , 
2020-07-30 05:33:00,15.57, , , , 
2020-07-30 05:34:00,15.57, , , , 
2020-07-30 05:35:00,15.57, , , , 
2020-07-30 05:36:00,15.56, , , , 
2020-07-30 05:37:00,15.57, , , , 
2020-07-30 05:38:00,15.55, , , , 
2020-07-30 05:39:00,15.57, , , , 
2020-07-30 05:40:00,15.55, , , , 
2020-07-30 05:41:00,15.55, , , , 
2020-07-30 05:42:00,15.54, , , , 
2020-07-30 05:43:00,15.54, , , , 
2020-07-30 05:44:00,15.53, , , , 
2020-07-30 05:45:00,15.54, , , , 
2020-07-30 05:46:00,15.56, , , , 
2020-07-30 05:47:00,15.55, , , , 
2020-07-30 05:48:00,15.56, , , , 
2020-07-30 05:49:00,15.55, , , , 
2020-07-30 05:50:00,15.55, , , , 
2020-07-30 05:51:00,15.57, , , , 
2020-07-30 05:52:00,15.57, , , , 
2020-07-30 05:53:00,15.54, , , , 
2020-07-30 05:54:00,15.55, , , , 
2020-07-30 05:55:00,15.55, , , , 
2020-07-30 05:56:00,15.56, , , , 
2020-07-30 05:57:00,15.53, , , , 
2020-07-30 05:58:00,15.53, , , , 
2020-07-30 05:59:00,15.53, , , , 
2020-07-30 06:00:00,15.54, , , , 
2020-07-30 06:01:00,15.53, , , , 
2020-07-30 06:02:00,15.55, , , , 
2020-07-30 06:03:00,15.57, , , , 
2020-07-30 06:04:00,15.56, , , , 
2020-07-30 06:05:00,15.54, , , , 
2020-07-30 06:06:00,15.53, , , , 
2020-07-30 06:07:00,15.54, , , , 
2020-07-30 06:08:00,15.55, , , , 
2020-07-30 06:09:00,15.55, , , , 
2020-07-30 06:10:00,15.54, , , , 
2020-07-30 06:11:00,15.54, , , , 
2020-07-30 06:12:00,15.54, , , , 
2020-07-30 06:13:00,15.54, , , , 
2020-07-30 06:14:00,15.54, , , , 
2020-07-30 06:15:00,15.55, , , , 
2020-07-30 06:16:00,15.55, , , , 
2020-07-30 06:17:00,15.57, , , , 
2020-07-30 06:18:00,15.56, , , , 
2020-07-30 06:19:00,15.57, , , , 
2020-07-30 06:20:00,15.57, , , , 
2020-07-30 06:21:00,15.57, , , , 
2020-07-30 06:22:00,15.55, , , , 
2020-07-30 06:23:00,15.56, , , , 
2020-07-30 06:24:00,15.57, , , , 
2020-07-30 06:25:00,15.55, , , , 
2020-07-30 06:26:00,15.57, , , , 
2020-07-30 06:27:00,15.55, , , , 
2020-07-30 06:28:00,15.53, , , , 
2020-07-30 06:29:00,15.54, , , , 
2020-07-30 06:30:00,15.54, , , , 
2020-07-30 06:31:00,15.54, , , , 
2020-07-30 06:32:00,15.55, , , , 
2020-07-30 06:33:00,15.56, , , , 
2020-07-30 06:34:00,15.56, , , , 
2020-07-30 06:35:00,15.57, , , , 
2020-07-30 06:36:00,15.57, , , , 
2020-07-30 06:37:00,15.58, , , , 
2020-07-30 06:38:00,15.57, , , , 
2020-07-30 06:39:00,15.57, , , , 
2020-07-30 06:40:00,15.59, , , , 
2020-07-30 06:41:00,15.57, , , , 
2020-07-30 06:42:00,15.56, , , , 
2020-07-30 06:43:00,15.57, , , , 
2020-07-30 06:44:00,15.55, , , , 
2020-07-30 06:45:00,15.55, , , , 
2020-07-30 06:46:00,15.55, , , , 
2020-07-30 06:47:00,15.54, , , , 
2020-07-30 06:48:00,15.53, , , , 
2020-07-30 06:49:00,15.54, , , , 
2020-07-30 06:50:00,15.54, , , , 
2020-07-30 06:51:00,15.55, , , , 
2020-07-30 06:52:00,15.56, , , , 
2020-07-30 06:53:00,15.56, , , , 
2020-07-30 06:54:00,15.55, , , , 
2020-07-30 06:55:00,15.58, , , , 
2020-07-30 06:56:00,15.57, , , , 
2020-07-30 06:57:00,15.57, , , , 
2020-07-30 06:58:00,15.57, , , , 
2020-07-30 06:59:00,15.56, , , , 
2020-07-30 07:00:00,15.57, , , , 
2020-07-30 07:01:00,15.55, , , , 
2020-07-30 07:02:00,15.56, , , , 
2020-07-30 07:03:00,15.55, , , , 
2020-07-30 07:04:00,15.59, , , , 
2020-07-30 07:05:00,15.60, , , , 
2020-07-30 07:06:00,15.63, , , , 
2020-07-30 07:07:00,15.65, , , , 
2020-07-30 07:08:00,15.71, , , , 
2020-07-30 07:09:00,15.73, , , , 
2020-07-30 07:10:00,15.75, , , , 
2020-07-30 07:11:00,15.78, , , , 
2020-07-30 07:12:00,15.82, , , , 
2020-07-30 07:13:00,15.86, , , , 
2020-07-30 07:14:00,15.90, , , , 
2020-07-30 07:15:00,15.93, , , , 
2020-07-30 07:16:00,15.98, , , , 
2020-07-30 07:17:00,16.02, , , , 
2020-07-30 07:18:00,16.06, , , , 
2020-07-30 07:19:00,16.11, , , , 
2020-07-30 07:20:00,16.13, , , , 
2020-07-30 07:21:00,16.17, , , , 
2020-07-30 07:22:00,16.21, , , , 
2020-07-30 07:23:00,16.26, , , , 
2020-07-30 07:24:00,16.30, , , , 
2020-07-30 07:25:00,16.34, , , , 
2020-07-30 07:26:00,16.40, , , , 
2020-07-30 07:27:00,16.44, , , , 
2020-07-30 07:28:00,16.45, , , , 
2020-07-30 07:29:00,16.52, , , , 
2020-07-30 07:30:00,16.55, , , , 
2020-07-30 07:31:00,16.59, , , , 
2020-07-30 07:32:00,16.64, , , , 
2020-07-30 07:33:00,16.66, , , , 
2020-07-30 07:34:00,16.69, , , , 
2020-07-30 07:35:00,16.74, , , , 
2020-07-30 07:36:00,16.79, , , , 
2020-07-30 07:37:00,16.84, , , , 
2020-07-30 07:38:00,16.88, , , , 
2020-07-30 07:39:00,16.91, , , , 
2020-07-30 07:40:00,16.94, , , , 
2020-07-30 07:41:00,17.00, , , , 
2020-07-30 07:42:00,17.03, , , , 
2020-07-30 07:43:00,17.07, , , , 
2020-07-30 07:44:00,17.11, , , , 
2020-07-30 07:45:00,17.14, , , , 
2020-07-30 07:46:00,17.18, , , , 
2020-07-30 07:47:00,17.23, , , , 
2020-07-30 07:48:00,17.28, , , , 
2020-07-30 07:49:00,17.31, , , , 
2020-07-30 07:50:00,17.34, , , , 
2020-07-30 07:51:00,17.35, , , , 
2020-07-30 07:52:00,17.41, , , , 
2020-07-30 07:53:00,17.46, , , , 
2020-07-30 07:54:00,17.50, , , , 
2020-07-30 07:55:00,17.52, , , , 
2020-07-30 07:56:00,17.55, , , , 
2020-07-30 07:57:00,17.59, , , , 
2020-07-30 07:58:00,17.64, , , , 
2020-07-30 07:59:00,17.66, , , , 
2020-07-30 08:00:00,17.70, , , , 
2020-07-30 08:01:00,17.74, , , , 
2020-07-30 08:02:00,17.76, , , , 
2020-07-30 08:03:00,17.79, , , , 
2020-07-30 08:04:00,17.79, , , , 
2020-07-30 08:05:00,17.80, , , , 
2020-07-30 08:06:00,17.81, , , , 
2020-07-30 08:07:00,17.80, , , , 
2020-07-30 08:08:00,17.80, , , , 
2020-07-30 08:09:00,17.81, , , , 
2020-07-30 08:10:00,17.81, , , , 
2020-07-30 08:11:00,17.81, , , , 
2020-07-30 08:12:00,17.81, , , , 
2020-07-30 08:13:00,17.83, , , , 
2020-07-30 08:14:00,17.83, , , , 
2020-07-30 08:15:00,17.88, , , , 
2020-07-30 08:16:00,17.84, , , , 
2020-07-30 08:17:00,17.87, , , , 
2020-07-30 08:18:00,17.84, , , , 
2020-07-30 08:19:00,17.82, , , , 
2020-07-30 08:20:00,17.81, , , , 
2020-07-30 08:21:00,17.84, , , , 
2020-07-30 08:22:00,17.83, , , , 
2020-07-30 08:23:00,17.85, , , , 
2020-07-30 08:24:00,17.85, , , , 
2020-07-30 08:25:00,17.83, , , , 
2020-07-30 08:26:00,17.84, , , , 
2020-07-30 08:27:00,17.83, , , , 
2020-07-30 08:28:00,17.83, , , , 
2020-07-30 08:29:00,17.82, , , , 
2020-07-30 08:30:00,17.84, , , , 
2020-07-30 08:31:00,17.82, , , , 
2020-07-30 08:32:00,17.84, , , , 
2020-07-30 08:33:00,17.84, , , , 
2020-07-30 08:34:00,17.87, , , , 
2020-07-30 08:35:00,17.87, , , , 
2020-07-30 08:36:00,17.85, , , , 
2020-07-30 08:37:00,17.85, , , , 
2020-07-30 08:38:00,17.85, , , , 
2020-07-30 08:39:00,17.83, , , , 
2020-07-30 08:40:00,17.83, , , , 
2020-07-30 08:41:00,17.81, , , , 
2020-07-30 08:42:00,17.83, , , , 
2020-07-30 08:43:00,17.84, , , , 
2020-07-30 08:44:00,17.85, , , , 
2020-07-30 08:45:00,17.87, , , , 
2020-07-30 08:46:00,17.84, , , , 
2020-07-30 08:47:00,17.85, , , , 
2020-07-30 08:48:00,17.87, , , , 
2020-07-30 08:49:00,17.84, , , , 
2020-07-30 08:50:00,17.83, , , , 
2020-07-30 08:51:00,17.83, , , , 
2020-07-30 08:52:00,17.82, , , , 
2020-07-30 08:53:00,17.84, , , , 
2020-07-30 08:54:00,17.84, , , , 
2020-07-30 08:55:00,17.85, , , , 
2020-07-30 08:56:00,17.84, , , , 
2020-07-30 08:57:00,17.85, , , , 
2020-07-30 08:58:00,17.84, , , , 
2020-07-30 08:59:00,17.85, , , , 
2020-07-30 09:00:00,17.82, , , , 
2020-07-30 09:01:00,17.83, , , , 
2020-07-30 09:02:00,17.81, , , , 
2020-07-30 09:03:00,17.84, , , , 
2020-07-30 09:04:00,17.83, , , , 
2020-07-30 09:05:00,17.87, , , , 
2020-07-30 09:06:00,17.87, , , , 
2020-07-30 09:07:00,17.85, , , , 
2020-07-30 09:08:00,17.84, , , , 
2020-07-30 09:09:00,17.85, , , , 
2020-07-30 09:10:00,17.83, , , , 
2020-07-30 09:11:00,17.82, , , , 
2020-07-30 09:12:00,17.82, , , , 
2020-07-30 09:13:00,17.83, , , , 
2020-07-30 09:14:00,17.85, , , , 
2020-07-30 09:15:00,17.87, , , , 
2020-07-30 09:16:00,17.87, , , , 
2020-07-30 09:17:00,17.87, , , , 
2020-07-30 09:18:00,17.84, , , , 
2020-07-30 09:19:00,17.85, , , , 
2020-07-30 09:20:00,17.84, , , , 
2020-07-30 09:21:00,17.83, , , , 
2020-07-30 09:22:00,17.84, , , , 
2020-07-30 09:23:00,17.82, , , , 
2020-07-30 09:24:00,17.80, , , , 
2020-07-30 09:25:00,17.81, , , , 
2020-07-30 09:26:00,17.79, , , , 
2020-07-30 09:27:00,17.78, , , , 
2020-07-30 09:28:00,17.76, , , , 
2020-07-30 09:29:00,17.75, , , , 
2020-07-30 09:30:00,17.76, , , , 
2020-07-30 09:31:00,17.72, , , , 
2020-07-30 09:32:00,17.72, , , , 
2020-07-30 09:33:00,17.70, , , , 
2020-07-30 09:34:00,17.69, , , , 
2020-07-30 09:35:00,17.66, , , , 
2020-07-30 09:36:00,17.65, , , , 
2020-07-30 09:37:00,17.65, , , , 
2020-07-30 09:38:00,17.65, , , , 
2020-07-30 09:39:00,17.63, , , , 
2020-07-30 09:40:00,17.60, , , , 
2020-07-30 09:41:00,17.61, , , , 
2020-07-30 09:42:00,17.60, , , , 
2020-07-30 09:43:00,17.58, , , , 
2020-07-30 09:44:00,17.55, , , , 
2020-07-30 09:45:00,17.55, , , , 
2020-07-30 09:46:00,17.52, , , , 
2020-07-30 09:47:00,17.53, , , , 
2020-07-30 09:48:00,17.52, , , , 
2020-07-30 09:49:00,17.50, , , , 
2020-07-30 09:50:00,17.49, , , , 
2020-07-30 09:51:00,17.49, , , , 
2020-07-30 09:52:00,17.46, , , , 
2020-07-30 09:53:00,17.44, , , , 
2020-07-30 09:54:00,17.45, , , , 
2020-07-30 09:55:00,17.43, , , , 
2020-07-30 09:56:00,17.43, , , , 
2020-07-30 09:57:00,17.44, , , , 
2020-07-30 09:58:00,17.43, , , , 
2020-07-30 09:59:00,17.43, , , , 
2020-07-30 10:00:00,17.46, , , , 
2020-07-30 10:01:00,17.43, , , , 
2020-07-30 10:02:00,17.45, , , , 
2020-07-30 10:03:00,17.41, , , , 
2020-07-30 10:04:00,17.46, , , , 
2020-07-30 10:05:00,17.46, , , , 
2020-07-30 10:06:00,17.49, , , , 
2020-07-30 10:07:00,17.52, , , , 
2020-07-30 10:08:00,17.54, , , , 
2020-07-30 10:09:00,17.56, , , , 
2020-07-30 10:10:00,17.61, , , , 
2020-07-30 10:11:00,17.64, , , , 
2020-07-30 10:12:00,17.66, , , , 
2020-07-30 10:13:00,17.69, , , , 
2020-07-30 10:14:00,17.72, , , , 
2020-07-30 10:15:00,17.76, , , , 
2020-07-30 10:16:00,17.80, , , , 
2020-07-30 10:17:00,17.84, , , , 
2020-07-30 10:18:00,17.87, , , , 
2020-07-30 10:19:00,17.91, , , , 
2020-07-30 10:20:00,17.94, , , , 
2020-07-30 10:21:00,17.96, , , , 
2020-07-30 10:22:00,18.02, , , , 
2020-07-30 10:23:00,18.05, , , , 
2020-07-30 10:24:00,18.08, , , , 
2020-07-30 10:25:00,18.12, , , , 
2020-07-30 10:26:00,18.15, , , , 
2020-07-30 10:27:00,18.18, , , , 
2020-07-30 10:28:00,18.22, , , , 
2020-07-30 10:29:00,18.25, , , , 
2020-07-30 10:30:00,18.30, , , , 
2020-07-30 10:31:00,18.34, , , , 
2020-07-30 10:32:00,18.37, , , , 
2020-07-30 10:33:00,18.38, , , , 
2020-07-30 10:34:00,18.42, , , , 
2020-07-30 10:35:00,18.47, , , , 
2020-07-30 10:36:00,18.52, , , , 
2020-07-30 10:37:00,18.52, , , , 
2020-07-30 10:38:00,18.56, , , , 
2020-07-30 10:39:00,18.62, , , , 
2020-07-30 10:40:00,18.63, , , , 
2020-07-30 10:41:00,18.68, , , , 
2020-07-30 10:42:00,18.70, , , , 
2020-07-30 10:43:00,18.74, , , , 
2020-07-30 10:44:00,18.78, , , , 
2020-07-30 10:45:00,18.83, , , , 
2020-07-30 10:46:00,18.85, , , , 
2020-07-30 10:47:00,18.87, , , , 
2020-07-30 10:48:00,18.91, , , , 
2020-07-30 10:49:00,18.94, , , , 
2020-07-30 10:50:00,18.97, , , , 
2020-07-30 10:51:00,19.01, , , , 
2020-07-30 10:52:00,19.02, , , , 
2020-07-30 10:53:00,19.07, , , , 
2020-07-30 10:54:00,19.11, , , , 
2020-07-30 10:55:00,19.14, , , , 
2020-07-30 10:56:00,19.16, , , , 
2020-07-30 10:57:00,19.20, , , , 
2020-07-30 10:58:00,19.24, , , , 
2020-07-30 10:59:00,19.25, , , , 
2020-07-30 11:00:00,19.27, , , , 
2020-07-30 11:01:00,19.32, , , , 
2020-07-30 11:02:00,19.37, , , , 
2020-07-30 11:03:00,19.39, , , , 
2020-07-30 11:04:00,19.42, , , , 
2020-07-30 11:05:00,19.44, , , , 
2020-07-30 11:06:00,19.46, , , , 
2020-07-30 11:07:00,19.50, , , , 
2020-07-30 11:08:00,19.52, , , , 
2020-07-30 11:09:00,19.56, , , , 
2020-07-30 11:10:00,19.57, , , , 
2020-07-30 11:11:00,19.56, , , , 
2020-07-30 11:12:00,19.57, , , , 
2020-07-30 11:13:00,19.56, , , , 
2020-07-30 11:14:00,19.57, , , , 
2020-07-30 11:15:00,19.57, , , , 
2020-07-30 11:16:00,19.57, , , , 
2020-07-30 11:17:00,19.59, , , , 
2020-07-30 11:18:00,19.62, , , , 
2020-07-30 11:19:00,19.60, , , , 
2020-07-30 11:20:00,19.62, , , , 
2020-07-30 11:21:00,19.60, , , , 
2020-07-30 11:22:00,19.58, , , , 
2020-07-30 11:23:00,19.59, , , , 
2020-07-30 11:24:00,19.59, , , , 
2020-07-30 11:25:00,19.61, , , , 
2020-07-30 11:26:00,19.62, , , , 
2020-07-30 11:27:00,19.59, , , , 
2020-07-30 11:28:00,19.60, , , , 
2020-07-30 11:29:00,19.63, , , , 
2020-07-30 11:30:00,19.61, , , , 
2020-07-30 11:31:00,19.61, , , , 
2020-07-30 11:32:00,19.60, , , , 
2020-07-30 11:33:00,19.60, , , , 
2020-07-30 11:34:00,19.60, , , , 
2020-07-30 11:35:00,19.59, , , , 
2020-07-30 11:36:00,19.58, , , , 
2020-07-30 11:37:00,19.61, , , , 
2020-07-30 11:38:00,19.62, , , , 
2020-07-30 11:39:00,19.63, , , , 
2020-07-30 11:40:00,19.61, , , , 
2020-07-30 11:41:00,19.59, , , , 
2020-07-30 11:42:00,19.59, , , , 
2020-07-30 11:43:00,19.60, , , , 
2020-07-30 11:44:00,19.61, , , , 
2020-07-30 11:45:00,19.61, , , , 
2020-07-30 11:46:00,19.62, , , , 
2020-07-30 11:47:00,19.65, , , , 
2020-07-30 11:48:00,19.60, , , , 
2020-07-30 11:49:00,19.62, , , , 
2020-07-30 11:50:00,19.63, , , , 
2020-07-30 11:51:00,19.61, , , , 
2020-07-30 11:52:00,19.60, , , , 
2020-07-30 11:53:00,19.60, , , , 
2020-07-30 11:54:00,19.60, , , , 
2020-07-30 11:55:00,19.61, , , , 
2020-07-30 11:56:00,19.62, , , , 
2020-07-30 11:57:00,19.61, , , , 
2020-07-30 11:58:00,19.65, , , , 
2020-07-30 11:59:00,19.61, , , , 
2020-07-30 12:00:00,19.62, , , , 
2020-07-30 12:01:00,19.58, , , , 
2020-07-30 12:02:00,19.57, , , , 
2020-07-30 12:03:00,19.59, , , , 
2020-07-30 12:04:00,19.60, , , , 
2020-07-30 12:05:00,19.61, , , , 
2020-07-30 12:06:00,19.61, , , , 
2020-07-30 12:07:00,19.63, , , , 
2020-07-30 12:08:00,19.61, , , , 
2020-07-30 12:09:00,19.60, , , , 
2020-07-30 12:10:00,19.60, , , , 
2020-07-30 12:11:00,19.59, , , , 
2020-07-30 12:12:00,19.60, , , , 
2020-07-30 12:13:00,19.60, , , , 
2020-07-30 12:14:00,19.61, , , , 
2020-07-30 12:15:00,19.61, , , , 
2020-07-30 12:16:00,19.65, , , , 
2020-07-30 12:17:00,19.63, , , , 
2020-07-30 12:18:00,19.62, , , , 
2020-07-30 12:19:00,19.59, , , , 
2020-07-30 12:20:00,19.59, , , , 
2020-07-30 12:21:00,19.60, , , , 
2020-07-30 12:22:00,19.60, , , , 
2020-07-30 12:23:00,19.60, , , , 
2020-07-30 12:24:00,19.62, , , , 
2020-07-30 12:25:00,19.65, , , , 
2020-07-30 12:26:00,19.61, , , , 
2020-07-30 12:27:00,19.62, , , , 
2020-07-30 12:28:00,19.62, , , , 
2020-07-30 12:29:00,19.61, , , , 
2020-07-30 12:30:00,19.57, , , , 
2020-07-30 12:31:00,19.60, , , , 
2020-07-30 12:32:00,19.60, , , , 
2020-07-30 12:33:00,19.61, , , , 
2020-07-30 12:34:00,19.62, , , , 
2020-07-30 12:35:00,19.62, , , , 
2020-07-30 12:36:00,19.65, , , , 
2020-07-30 12:37:00,19.67, , , , 
2020-07-30 12:38:00,19.66, , , , 
2020-07-30 12:39:00,19.66, , , , 
2020-07-30 12:40:00,19.66, , , , 
2020-07-30 12:41:00,19.68, , , , 
2020-07-30 12:42:00,19.65, , , , 
2020-07-30 12:43:00,19.66, , , , 
2020-07-30 12:44:00,19.67, , , , 
2020-07-30 12:45:00,19.66, , , , 
2020-07-30 12:46:00,19.70, , , , 
2020-07-30 12:47:00,19.67, , , , 
2020-07-30 12:48:00,19.66, , , , 
2020-07-30 12:49:00,19.66, , , , 
2020-07-30 12:50:00,19.67, , , , 
2020-07-30 12:51:00,19.66, , , , 
2020-07-30 12:52:00,19.65, , , , 
2020-07-30 12:53:00,19.66, , , , 
2020-07-30 12:54:00,19.66, , , , 
2020-07-30 12:55:00,19.69, , , , 
2020-07-30 12:56:00,19.69, , , , 
2020-07-30 12:57:00,19.69, , , , 
2020-07-30 12:58:00,19.68, , , , 
2020-07-30 12:59:00,19.66, , , , 
2020-07-30 13:00:00,19.67, , , , 
2020-07-30 13:01:00,19.66, , , , 
2020-07-30 13:02:00,19.66, , , , 
2020-07-30 13:03:00,19.68, , , , 
2020-07-30 13:04:00,19.69, , , , 
2020-07-30 13:05:00,19.66, , , , 
2020-07-30 13:06:00,19.69, , , , 
2020-07-30 13:07:00,19.67, , , , 
2020-07-30 13:08:00,19.67, , , , 
2020-07-30 13:09:00,19.66, , , , 
2020-07-30 13:10:00,19.66, , , , 
2020-07-30 13:11:00,19.63, , , , 
2020-07-30 13:12:00,19.67, , , , 
2020-07-30 13:13:00,19.68, , , , 
2020-07-30 13:14:00,19.69, , , , 
2020-07-30 13:15:00,19.69, , , , 
2020-07-30 13:16:00,19.68, , , , 
2020-07-30 13:17:00,19.68, , , , 
2020-07-30 13:18:00,19.67, , , , 
2020-07-30 13:19:00,19.67, , , , 
2020-07-30 13:20:00,19.66, , , , 
2020-07-30 13:21:00,19.66, , , , 
2020-07-30 13:22:00,19.69, , , , 
2020-07-30 13:23:00,19.68, , , , 
2020-07-30 13:24:00,19.69, , , , 
2020-07-30 13:25:00,19.68, , , , 
2020-07-30 13:26:00,19.68, , , , 
2020-07-30 13:27:00,19.67, , , , 
2020-07-30 13:28:00,19.66, , , , 
2020-07-30 13:29:00,19.66, , , , 
2020-07-30 13:30:00,19.67, , , , 
2020-07-30 13:31:00,19.67, , , , 
2020-07-30 13:32:00,19.69, , , , 
2020-07-30 13:33:00,19.69, , , , 
2020-07-30 13:34:00,19.66, , , , 
2020-07-30 13:35:00,19.69, , , , 
2020-07-30 13:36:00,19.68, , , , 
2020-07-30 13:37:00,19.65, , , , 
2020-07-30 13:38:00,19.66, , , , 
2020-07-30 13:39:00,19.65, , , , 
2020-07-30 13:40:00,19.68, , , , 
2020-07-30 13:41:00,19.69, , , , 
2020-07-30 13:42:00,19.69, , , , 
2020-07-30 13:43:00,19.68, , , , 
2020-07-30 13:44:00,19.68, , , , 
2020-07-30 13:45:00,19.67, , , , 
2020-07-30 13:46:00,19.68, , , , 
2020-07-30 13:47:00,19.66, , , , 
2020-07-30 13:48:00,19.66, , , , 
2020-07-30 13:49:00,19.67, , , , 
2020-07-30 13:50:00,19.68, , , , 
2020-07-30 13:51:00,19.70, , , , 
2020-07-30 13:52:00,19.71, , , , 
2020-07-30 13:53:00,19.68, , , , 
2020-07-30 13:54:00,19.66, , , , 
2020-07-30 13:55:00,19.68, , , , 
2020-07-30 13:56:00,19.68, , , , 
2020-07-30 13:57:00,19.65, , , , 
2020-07-30 13:58:00,19.63, , , , 
2020-07-30 13:59:00,19.62, , , , 
2020-07-30 14:00:00,19.60, , , , 
2020-07-30 14:01:00,19.60, , , , 
2020-07-30 14:02:00,19.61, , , , 
2020-07-30 14:03:00,19.62, , , , 
2020-07-30 14:04:00,19.66, , , , 
2020-07-30 14:05:00,19.67, , , , 
2020-07-30 14:06:00,19.67, , , , 
2020-07-30 14:07:00,19.69, , , , 
2020-07-30 14:08:00,19.68, , , , 
2020-07-30 14:09:00,19.68, , , , 
2020-07-30 14:10:00,19.67, , , , 
2020-07-30 14:11:00,19.65, , , , 
2020-07-30 14:12:00,19.63, , , , 
2020-07-30 14:13:00,19.63, , , , 
2020-07-30 14:14:00,19.66, , , , 
2020-07-30 14:15:00,19.66, , , , 
2020-07-30 14:16:00,19.65, , , , 
2020-07-30 14:17:00,19.70, , , , 
2020-07-30 14:18:00,19.69, , , , 
2020-07-30 14:19:00,19.69, , , , 
2020-07-30 14:20:00,19.67, , , , 
2020-07-30 14:21:00,19.67, , , , 
2020-07-30 14:22:00,19.66, , , , 
2020-07-30 14:23:00,19.65, , , , 
2020-07-30 14:24:00,19.63, , , , 
2020-07-30 14:25:00,19.61, , , , 
2020-07-30 14:26:00,19.60, , , , 
2020-07-30 14:27:00,19.61, , , , 
2020-07-30 14:28:00,19.63, , , , 
2020-07-30 14:29:00,19.61, , , , 
2020-07-30 14:30:00,19.63, , , , 
2020-07-30 14:31:00,19.65, , , , 
2020-07-30 14:32:00,19.63, , , , 
2020-07-30 14:33:00,19.63, , , , 
2020-07-30 14:34:00,19.61, , , , 
2020-07-30 14:35:00,19.61, , , , 
2020-07-30 14:36:00,19.59, , , , 
2020-07-30 14:37:00,19.61, , , , 
2020-07-30 14:38:00,19.61, , , , 
2020-07-30 14:39:00,19.61, , , , 
2020-07-30 14:40:00,19.61, , , , 
2020-07-30 14:41:00,19.65, , , , 
2020-07-30 14:42:00,19.61, , , , 
2020-07-30 14:43:00,19.59, , , , 
2020-07-30 14:44:00,19.60, , , , 
2020-07-30 14:45:00,19.61, , , , 
2020-07-30 14:46:00,19.60, , , , 
2020-07-30 14:47:00,19.60, , , , 
2020-07-30 14:48:00,19.61, , , , 
2020-07-30 14:49:00,19.63, , , , 
2020-07-30 14:50:00,19.63, , , , 
2020-07-30 14:51:00,19.62, , , , 
2020-07-30 14:52:00,19.62, , , , 
2020-07-30 14:53:00,19.59, , , , 
2020-07-30 14:54:00,19.60, , , , 
2020-07-30 14:55:00,19.60, , , , 
2020-07-30 14:56:00,19.61, , , , 
2020-07-30 14:57:00,19.61, , , , 
2020-07-30 14:58:00,19.60, , , , 
2020-07-30 14:59:00,19.61, , , , 
2020-07-30 15:00:00,19.63, , , , 
2020-07-30 15:01:00,19.61, , , , 
2020-07-30 15:02:00,19.62, , , , 
2020-07-30 15:03:00,19.61, , , , 
2020-07-30 15:04:00,19.60, , , , 
2020-07-30 15:05:00,19.60, , , , 
2020-07-30 15:06:00,19.59, , , , 
2020-07-30 15:07:00,19.57, , , , 
2020-07-30 15:08:00,19.56, , , , 
2020-07-30 15:09:00,19.53, , , , 
2020-07-30 15:10:00,19.50, , , , 
2020-07-30 15:11:00,19.52, , , , 
2020-07-30 15:12:00,19.51, , , , 
2020-07-30 15:13:00,19.46, , , , 
2020-07-30 15:14:00,19.45, , , , 
2020-07-30 15:15:00,19.43, , , , 
2020-07-30 15:16:00,19.42, , , , 
2020-07-30 15:17:00,19.39, , , , 
2020-07-30 15:18:00,19.38, , , , 
2020-07-30 15:19:00,19.36, , , , 
2020-07-30 15:20:00,19.35, , , , 
2020-07-30 15:21:00,19.32, , , , 
2020-07-30 15:22:00,19.31, , , , 
2020-07-30 15:23:00,19.29, , , , 
2020-07-30 15:24:00,19.27, , , , 
2020-07-30 15:25:00,19.24, , , , 
2020-07-30 15:26:00,19.24, , , , 
2020-07-30 15:27:00,19.21, , , , 
2020-07-30 15:28:00,19.22, , , , 
2020-07-30 15:29:00,19.16, , , , 
2020-07-30 15:30:00,19.15, , , , 
2020-07-30 15:31:00,19.15, , , , 
2020-07-30 15:32:00,19.12, , , , 
2020-07-30 15:33:00,19.12, , , , 
2020-07-30 15:34:00,19.09, , , , 
2020-07-30 15:35:00,19.09, , , , 
2020-07-30 15:36:00,19.07, , , , 
2020-07-30 15:37:00,19.04, , , , 
2020-07-30 15:38:00,19.04, , , , 
2020-07-30 15:39:00,19.01, , , , 
2020-07-30 15:40:00,18.99, , , , 
2020-07-30 15:41:00,18.95, , , , 
2020-07-30 15:42:00,18.97, , , , 
2020-07-30 15:43:00,18.94, , , , 
2020-07-30 15:44:00,18.93, , , , 
2020-07-30 15:45:00,18.89, , , , 
2020-07-30 15:46:00,18.91, , , , 
2020-07-30 15:47:00,18.86, , , , 
2020-07-30 15:48:00,18.86, , , , 
2020-07-30 15:49:00,18.83, , , , 
2020-07-30 15:50:00,18.82, , , , 
2020-07-30 15:51:00,18.80, , , , 
2020-07-30 15:52:00,18.79, , , , 
2020-07-30 15:53:00,18.77, , , , 
2020-07-30 15:54:00,18.77, , , , 
2020-07-30 15:55:00,18.76, , , , 
2020-07-30 15:56:00,18.73, , , , 
2020-07-30 15:57:00,18.72, , , , 
2020-07-30 15:58:00,18.70, , , , 
2020-07-30 15:59:00,18.67, , , , 
2020-07-30 16:00:00,18.67, , , , 
2020-07-30 16:01:00,18.66, , , , 
2020-07-30 16:02:00,18.63, , , , 
2020-07-30 16:03:00,18.62, , , , 
2020-07-30 16:04:00,18.59, , , , 
2020-07-30 16:05:00,18.59, , , , 
2020-07-30 16:06:00,18.57, , , , 
2020-07-30 16:07:00,18.53, , , , 
2020-07-30 16:08:00,18.55, , , , 
2020-07-30 16:09:00,18.52, , , , 
2020-07-30 16:10:00,18.53, , , , 
2020-07-30 16:11:00,18.48, , , , 
2020-07-30 16:12:00,18.48, , , , 
2020-07-30 16:13:00,18.46, , , , 
2020-07-30 16:14:00,18.44, , , , 
2020-07-30 16:15:00,18.42, , , , 
2020-07-30 16:16:00,18.42, , , , 
2020-07-30 16:17:00,18.41, , , , 
2020-07-30 16:18:00,18.40, , , , 
2020-07-30 16:19:00,18.38, , , , 
2020-07-30 16:20:00,18.36, , , , 
2020-07-30 16:21:00,18.34, , , , 
2020-07-30 16:22:00,18.33, , , , 
2020-07-30 16:23:00,18.34, , , , 
2020-07-30 16:24:00,18.30, , , , 
2020-07-30 16:25:00,18.29, , , , 
2020-07-30 16:26:00,18.27, , , , 
2020-07-30 16:27:00,18.25, , , , 
2020-07-30 16:28:00,18.24, , , , 
2020-07-30 16:29:00,18.22, , , , 
2020-07-30 16:30:00,18.20, , , , 
2020-07-30 16:31:00,18.22, , , , 
2020-07-30 16:32:00,18.20, , , , 
2020-07-30 16:33:00,18.19, , , , 
2020-07-30 16:34:00,18.15, , , , 
2020-07-30 16:35:00,18.17, , , , 
2020-07-30 16:36:00,18.13, , , , 
2020-07-30 16:37:00,18.12, , , , 
2020-07-30 16:38:00,18.10, , , , 
2020-07-30 16:39:00,18.09, , , , 
2020-07-30 16:40:00,18.09, , , , 
2020-07-30 16:41:00,18.08, , , , 
2020-07-30 16:42:00,18.07, , , , 
2020-07-30 16:43:00,18.05, , , , 
2020-07-30 16:44:00,18.03, , , , 
2020-07-30 16:45:00,18.03, , , , 
2020-07-30 16:46:00,17.99, , , , 
2020-07-30 16:47:00,17.99, , , , 
2020-07-30 16:48:00,17.98, , , , 
2020-07-30 16:49:00,17.96, , , , 
2020-07-30 16:50:00,17.94, , , , 
2020-07-30 16:51:00,17.93, , , , 
2020-07-30 16:52:00,17.94, , , , 
2020-07-30 16:53:00,17.92, , , , 
2020-07-30 16:54:00,17.90, , , , 
2020-07-30 16:55:00,17.88, , , , 
2020-07-30 16:56:00,17.88, , , , 
2020-07-30 16:57:00,17.89, , , , 
2020-07-30 16:58:00,17.85, , , , 
2020-07-30 16:59:00,17.84, , , , 
2020-07-30 17:00:00,17.84, , , , 
2020-07-30 17:01:00,17.83, , , , 
2020-07-30 17:02:00,17.80, , , , 
2020-07-30 17:03:00,17.79, , , , 
2020-07-30 17:04:00,17.78, , , , 
2020-07-30 17:05:00,17.77, , , , 
2020-07-30 17:06:00,17.77, , , , 
2020-07-30 17:07:00,17.75, , , , 
2020-07-30 17:08:00,17.74, , , , 
2020-07-30 17:09:00,17.73, , , , 
2020-07-30 17:10:00,17.72, , , , 
2020-07-30 17:11:00,17.69, , , , 
2020-07-30 17:12:00,17.69, , , , 
2020-07-30 17:13:00,17.66, , , , 
2020-07-30 17:14:00,17.67, , , , 
2020-07-30 17:15:00,17.65, , , , 
2020-07-30 17:16:00,17.63, , , , 
2020-07-30 17:17:00,17.63, , , , 
2020-07-30 17:18:00,17.61, , , , 
2020-07-30 17:19:00,17.62, , , , 
2020-07-30 17:20:00,17.60, , , , 
2020-07-30 17:21:00,17.56, , , , 
2020-07-30 17:22:00,17.58, , , , 
2020-07-30 17:23:00,17.58, , , , 
2020-07-30 17:24:00,17.54, , , , 
2020-07-30 17:25:00,17.54, , , , 
2020-07-30 17:26:00,17.53, , , , 
2020-07-30 17:27:00,17.53, , , , 
2020-07-30 17:28:00,17.50, , , , 
2020-07-30 17:29:00,17.50, , , , 
2020-07-30 17:30:00,17.49, , , , 
2020-07-30 17:31:00,17.50, , , , 
2020-07-30 17:32:00,17.50, , , , 
2020-07-30 17:33:00,17.51, , , , 
2020-07-30 17:34:00,17.52, , , , 
2020-07-30 17:35:00,17.48, , , , 
2020-07-30 17:36:00,17.50, , , , 
2020-07-30 17:37:00,17.50, , , , 
2020-07-30 17:38:00,17.48, , , , 
2020-07-30 17:39:00,17.48, , , , 
2020-07-30 17:40:00,17.48, , , , 
2020-07-30 17:41:00,17.47, , , , 
2020-07-30 17:42:00,17.49, , , , 
2020-07-30 17:43:00,17.49, , , , 
2020-07-30 17:44:00,17.48, , , , 
2020-07-30 17:45:00,17.48, , , , 
2020-07-30 17:46:00,17.50, , , , 
2020-07-30 17:47:00,17.48, , , , 
2020-07-30 17:48:00,17.48, , , , 
2020-07-30 17:49:00,17.47, , , , 
2020-07-30 17:50:00,17.47, , , , 
2020-07-30 17:51:00,17.46, , , , 
2020-07-30 17:52:00,17.48, , , , 
2020-07-30 17:53:00,17.48, , , , 
2020-07-30 17:54:00,17.49, , , , 
2020-07-30 17:55:00,17.49, , , , 
2020-07-30 17:56:00,17.48, , , , 
2020-07-30 17:57:00,17.50, , , , 
2020-07-30 17:58:00,17.48, , , , 
2020-07-30 17:59:00,17.50, , , , 
2020-07-30 18:00:00,17.47, , , , 
2020-07-30 18:01:00,17.47, , , , 
2020-07-30 18:02:00,17.46, , , , 
2020-07-30 18:03:00,17.47, , , , 
2020-07-30 18:04:00,17.47, , , , 
2020-07-30 18:05:00,17.50, , , , 
2020-07-30 18:06:00,17.50, , , , 
2020-07-30 18:07:00,17.48, , , , 
2020-07-30 18:08:00,17.49, , , , 
2020-07-30 18:09:00,17.49, , , , 
2020-07-30 18:10:00,17.49, , , , 
2020-07-30 18:11:00,17.46, , , , 
2020-07-30 18:12:00,17.48, , , , 
2020-07-30 18:13:00,17.46, , , , 
2020-07-30 18:14:00,17.46, , , , 
2020-07-30 18:15:00,17.48, , , , 
2020-07-30 18:16:00,17.49, , , , 
2020-07-30 18:17:00,17.50, , , , 
2020-07-30 18:18:00,17.50, , , , 
2020-07-30 18:19:00,17.49, , , , 
2020-07-30 18:20:00,17.49, , , , 
2020-07-30 18:21:00,17.48, , , , 
2020-07-30 18:22:00,17.48, , , , 
2020-07-30 18:23:00,17.48, , , , 
2020-07-30 18:24:00,17.47, , , , 
2020-07-30 18:25:00,17.47, , , , 
2020-07-30 18:26:00,17.47, , , , 
2020-07-30 18:27:00,17.49, , , , 
2020-07-30 18:28:00,17.51, , , , 
2020-07-30 18:29:00,17.51, , , , 
2020-07-30 18:30:00,17.50, , , , 
2020-07-30 18:31:00,17.48, , , , 
2020-07-30 18:32:00,17.51, , , , 
2020-07-30 18:33:00,17.48, , , , 
2020-07-30 18:34:00,17.49, , , , 
2020-07-30 18:35:00,17.49, , , , 
2020-07-30 18:36:00,17.48, , , , 
2020-07-30 18:37:00,17.49, , , , 
2020-07-30 18:38:00,17.48, , , , 
2020-07-30 18:39:00,17.47, , , , 
2020-07-30 18:40:00,17.50, , , , 
2020-07-30 18:41:00,17.50, , , , 
2020-07-30 18:42:00,17.49, , , , 
2020-07-30 18:43:00,17.50, , , , 
2020-07-30 18:44:00,17.48, , , , 
2020-07-30 18:45:00,17.49, , , , 
2020-07-30 18:46:00,17.47, , , , 
2020-07-30 18:47:00,17.46, , , , 
2020-07-30 18:48:00,17.46, , , , 
2020-07-30 18:49:00,17.46, , , , 
2020-07-30 18:50:00,17.46, , , , 
2020-07-30 18:51:00,17.45, , , , 
2020-07-30 18:52:00,17.44, , , , 
2020-07-30 18:53:00,17.41, , , , 
2020-07-30 18:54:00,17.41, , , , 
2020-07-30 18:55:00,17.41, , , , 
2020-07-30 18:56:00,17.46, , , , 
2020-07-30 18:57:00,17.45, , , , 
2020-07-30 18:58:00,17.45, , , , 
2020-07-30 18:59:00,17.46, , , , 
2020-07-30 19:00:00,17.45, , , , 
2020-07-30 19:01:00,17.45, , , , 
2020-07-30 19:02:00,17.43, , , , 
2020-07-30 19:03:00,17.43, , , , 
2020-07-30 19:04:00,17.41, , , , 
2020-07-30 19:05:00,17.43, , , , 
2020-07-30 19:06:00,17.41, , , , 
2020-07-30 19:07:00,17.43, , , , 
2020-07-30 19:08:00,17.43, , , , 
2020-07-30 19:09:00,17.43, , , , 
2020-07-30 19:10:00,17.43, , , , 
2020-07-30 19:11:00,17.44, , , , 
2020-07-30 19:12:00,17.41, , , , 
2020-07-30 19:13:00,17.43, , , , 
2020-07-30 19:14:00,17.40, , , , 
2020-07-30 19:15:00,17.40, , , , 
2020-07-30 19:16:00,17.39, , , , 
2020-07-30 19:17:00,17.40, , , , 
2020-07-30 19:18:00,17.44, , , , 
2020-07-30 19:19:00,17.43, , , , 
2020-07-30 19:20:00,17.40, , , , 
2020-07-30 19:21:00,17.43, , , , 
2020-07-30 19:22:00,17.43, , , , 
2020-07-30 19:23:00,17.40, , , , 
2020-07-30 19:24:00,17.41, , , , 
2020-07-30 19:25:00,17.40, , , , 
2020-07-30 19:26:00,17.43, , , , 
2020-07-30 19:27:00,17.43, , , , 
2020-07-30 19:28:00,17.43, , , , 
2020-07-30 19:29:00,17.43, , , , 
2020-07-30 19:30:00,17.40, , , , 
2020-07-30 19:31:00,17.43, , , , 
2020-07-30 19:32:00,17.40, , , , 
2020-07-30 19:33:00,17.39, , , , 
2020-07-30 19:34:00,17.40, , , , 
2020-07-30 19:35:00,17.40, , , , 
2020-07-30 19:36:00,17.41, , , , 
2020-07-30 19:37:00,17.41, , , , 
2020-07-30 19:38:00,17.43, , , , 
2020-07-30 19:39:00,17.43, , , , 
2020-07-30 19:40:00,17.39, , , , 
2020-07-30 19:41:00,17.40, , , , 
2020-07-30 19:42:00,17.43, , , , 
2020-07-30 19:43:00,17.41, , , , 
2020-07-30 19:44:00,17.43, , , , 
2020-07-30 19:45:00,17.40, , , , 
2020-07-30 19:46:00,17.40, , , , 
2020-07-30 19:47:00,17.39, , , , 
2020-07-30 19:48:00,17.41, , , , 
2020-07-30 19:49:00,17.43, , , , 
2020-07-30 19:50:00,17.43, , , , 
2020-07-30 19:51:00,17.45, , , , 
2020-07-30 19:52:00,17.40, , , , 
2020-07-30 19:53:00,17.43, , , , 
2020-07-30 19:54:00,17.43, , , , 
2020-07-30 19:55:00,17.43, , , , 
2020-07-30 19:56:00,17.43, , , , 
2020-07-30 19:57:00,17.39, , , , 
2020-07-30 19:58:00,17.41, , , , 
2020-07-30 19:59:00,17.39, , , , 
2020-07-30 20:00:00,17.40, , , , 
2020-07-30 20:01:00,17.43, , , , 
2020-07-30 20:02:00,17.43, , , , 
2020-07-30 20:03:00,17.44, , , , 
2020-07-30 20:04:00,17.43, , , , 
2020-07-30 20:05:00,17.43, , , , 
2020-07-30 20:06:00,17.43, , , , 
2020-07-30 20:07:00,17.43, , , , 
2020-07-30 20:08:00,17.43, , , , 
2020-07-30 20:09:00,17.41, , , , 
2020-07-30 20:10:00,17.38, , , , 
2020-07-30 20:11:00,17.38, , , , 
2020-07-30 20:12:00,17.37, , , , 
2020-07-30 20:13:00,17.39, , , , 
2020-07-30 20:14:00,17.34, , , , 
2020-07-30 20:15:00,17.35, , , , 
2020-07-30 20:16:00,17.35, , , , 
2020-07-30 20:17:00,17.33, , , , 
2020-07-30 20:18:00,17.33, , , , 
2020-07-30 20:19:00,17.33, , , , 
2020-07-30 20:20:00,17.31, , , , 
2020-07-30 20:21:00,17.30, , , , 
2020-07-30 20:22:00,17.26, , , , 
2020-07-30 20:23:00,17.28, , , , 
2020-07-30 20:24:00,17.25, , , , 
2020-07-30 20:25:00,17.25, , , , 
2020-07-30 20:26:00,17.23, , , , 
2020-07-30 20:27:00,17.21, , , , 
2020-07-30 20:28:00,17.20, , , , 
2020-07-30 20:29:00,17.20, , , , 
2020-07-30 20:30:00,17.19, , , , 
2020-07-30 20:31:00,17.20, , , , 
2020-07-30 20:32:00,17.17, , , , 
2020-07-30 20:33:00,17.17, , , , 
2020-07-30 20:34:00,17.15, , , , 
2020-07-30 20:35:00,17.15, , , , 
2020-07-30 20:36:00,17.14, , , , 
2020-07-30 20:37:00,17.11, , , , 
2020-07-30 20:38:00,17.11, , , , 
2020-07-30 20:39:00,17.09, , , , 
2020-07-30 20:40:00,17.10, , , , 
2020-07-30 20:41:00,17.07, , , , 
2020-07-30 20:42:00,17.06, , , , 
2020-07-30 20:43:00,17.07, , , , 
2020-07-30 20:44:00,17.04, , , , 
2020-07-30 20:45:00,17.03, , , , 
2020-07-30 20:46:00,17.02, , , , 
2020-07-30 20:47:00,17.03, , , , 
2020-07-30 20:48:00,17.01, , , , 
2020-07-30 20:49:00,17.02, , , , 
2020-07-30 20:50:00,17.00, , , , 
2020-07-30 20:51:00,16.99, , , , 
2020-07-30 20:52:00,16.96, , , , 
2020-07-30 20:53:00,16.95, , , , 
2020-07-30 20:54:00,16.94, , , , 
2020-07-30 20:55:00,16.95, , , , 
2020-07-30 20:56:00,16.94, , , , 
2020-07-30 20:57:00,16.93, , , , 
2020-07-30 20:58:00,16.90, , , , 
2020-07-30 20:59:00,16.90, , , , 
2020-07-30 21:00:00,16.90, , , , 
2020-07-30 21:01:00,16.89, , , , 
2020-07-30 21:02:00,16.87, , , , 
2020-07-30 21:03:00,16.86, , , , 
2020-07-30 21:04:00,16.86, , , , 
2020-07-30 21:05:00,16.85, , , , 
2020-07-30 21:06:00,16.84, , , , 
2020-07-30 21:07:00,16.82, , , , 
2020-07-30 21:08:00,16.81, , , , 
2020-07-30 21:09:00,16.80, , , , 
2020-07-30 21:10:00,16.80, , , , 
2020-07-30 21:11:00,16.78, , , , 
2020-07-30 21:12:00,16.78, , , , 
2020-07-30 21:13:00,16.78, , , , 
2020-07-30 21:14:00,16.77, , , , 
2020-07-30 21:15:00,16.75, , , , 
2020-07-30 21:16:00,16.76, , , , 
2020-07-30 21:17:00,16.74, , , , 
2020-07-30 21:18:00,16.73, , , , 
2020-07-30 21:19:00,16.71, , , , 
2020-07-30 21:20:00,16.72, , , , 
2020-07-30 21:21:00,16.70, , , , 
2020-07-30 21:22:00,16.70, , , , 
2020-07-30 21:23:00,16.67, , , , 
2020-07-30 21:24:00,16.69, , , , 
2020-07-30 21:25:00,16.66, , , , 
2020-07-30 21:26:00,16.66, , , , 
2020-07-30 21:27:00,16.64, , , , 
2020-07-30 21:28:00,16.63, , , , 
2020-07-30 21:29:00,16.64, , , , 
2020-07-30 21:30:00,16.62, , , , 
2020-07-30 21:31:00,16.62, , , , 
2020-07-30 21:32:00,16.62, , , , 
2020-07-30 21:33:00,16.59, , , , 
2020-07-30 21:34:00,16.58, , , , 
2020-07-30 21:35:00,16.58, , , , 
2020-07-30 21:36:00,16.58, , , , 
2020-07-30 21:37:00,16.57, , , , 
2020-07-30 21:38:00,16.57, , , , 
2020-07-30 21:39:00,16.55, , , , 
2020-07-30 21:40:00,16.55, , , , 
2020-07-30 21:41:00,16.54, , , , 
2020-07-30 21:42:00,16.52, , , , 
2020-07-30 21:43:00,16.52, , , , 
2020-07-30 21:44:00,16.50, , , , 
2020-07-30 21:45:00,16.49, , , , 
2020-07-30 21:46:00,16.48, , , , 
2020-07-30 21:47:00,16.49, , , , 
2020-07-30 21:48:00,16.46, , , , 
2020-07-30 21:49:00,16.47, , , , 
2020-07-30 21:50:00,16.46, , , , 
2020-07-30 21:51:00,16.45, , , , 
2020-07-30 21:52:00,16.45, , , , 
2020-07-30 21:53:00,16.43, , , , 
2020-07-30 21:54:00,16.43, , , , 
2020-07-30 21:55:00,16.42, , , , 
2020-07-30 21:56:00,16.41, , , , 
2020-07-30 21:57:00,16.41, , , , 
2020-07-30 21:58:00,16.40, , , , 
2020-07-30 21:59:00,16.40, , , , 
2020-07-30 22:00:00,16.37, , , , 
2020-07-30 22:01:00,16.36, , , , 
2020-07-30 22:02:00,16.37, , , , 
2020-07-30 22:03:00,16.35, , , , 
2020-07-30 22:04:00,16.35, , , , 
2020-07-30 22:05:00,16.34, , , , 
2020-07-30 22:06:00,16.32, , , , 
2020-07-30 22:07:00,16.32, , , , 
2020-07-30 22:08:00,16.32, , , , 
2020-07-30 22:09:00,16.32, , , , 
2020-07-30 22:10:00,16.32, , , , 
2020-07-30 22:11:00,16.29, , , , 
2020-07-30 22:12:00,16.30, , , , 
2020-07-30 22:13:00,16.29, , , , 
2020-07-30 22:14:00,16.28, , , , 
2020-07-30 22:15:00,16.28, , , , 
2020-07-30 22:16:00,16.26, , , , 
2020-07-30 22:17:00,16.25, , , , 
2020-07-30 22:18:00,16.25, , , , 
2020-07-30 22:19:00,16.25, , , , 
2020-07-30 22:20:00,16.22, , , , 
2020-07-30 22:21:00,16.21, , , , 
2020-07-30 22:22:00,16.21, , , , 
2020-07-30 22:23:00,16.21, , , , 
2020-07-30 22:24:00,16.21, , , , 
2020-07-30 22:25:00,16.19, , , , 
2020-07-30 22:26:00,16.17, , , , 
2020-07-30 22:27:00,16.17, , , , 
2020-07-30 22:28:00,16.17, , , , 
2020-07-30 22:29:00,16.17, , , , 
2020-07-30 22:30:00,16.15, , , , 
2020-07-30 22:31:00,16.15, , , , 
2020-07-30 22:32:00,16.14, , , , 
2020-07-30 22:33:00,16.13, , , , 
2020-07-30 22:34:00,16.13, , , , 
2020-07-30 22:35:00,16.13, , , , 
2020-07-30 22:36:00,16.12, , , , 
2020-07-30 22:37:00,16.13, , , , 
2020-07-30 22:38:00,16.10, , , , 
2020-07-30 22:39:00,16.08, , , , 
2020-07-30 22:40:00,16.08, , , , 
2020-07-30 22:41:00,16.11, , , , 
2020-07-30 22:42:00,16.08, , , , 
2020-07-30 22:43:00,16.08, , , , 
2020-07-30 22:44:00,16.07, , , , 
2020-07-30 22:45:00,16.05, , , , 
2020-07-30 22:46:00,16.07, , , , 
2020-07-30 22:47:00,16.07, , , , 
2020-07-30 22:48:00,16.04, , , , 
2020-07-30 22:49:00,16.05, , , , 
2020-07-30 22:50:00,16.03, , , , 
2020-07-30 22:51:00,16.01, , , , 
2020-07-30 22:52:00,16.01, , , , 
2020-07-30 22:53:00,16.02, , , , 
2020-07-30 22:54:00,15.99, , , , 
2020-07-30 22:55:00,15.98, , , , 
2020-07-30 22:56:00,15.98, , , , 
2020-07-30 22:57:00,15.99, , , , 
2020-07-30 22:58:00,15.97, , , , 
2020-07-30 22:59:00,15.98, , , , 
2020-07-30 23:00:00,15.96, , , , 
2020-07-30 23:01:00,15.97, , , , 
2020-07-30 23:02:00,15.96, , , , 
2020-07-30 23:03:00,15.95, , , , 
2020-07-30 23:04:00,15.93, , , , 
2020-07-30 23:05:00,15.95, , , , 
2020-07-30 23:06:00,15.93, , , , 
2020-07-30 23:07:00,15.90, , , , 
2020-07-30 23:08:00,15.93, , , , 
2020-07-30 23:09:00,15.91, , , , 
2020-07-30 23:10:00,15.91, , , , 
2020-07-30 23:11:00,15.90, , , , 
2020-07-30 23:12:00,15.89, , , , 
2020-07-30 23:13:00,15.88, , , , 
2020-07-30 23:14:00,15.87, , , , 
2020-07-30 23:15:00,15.87, , , , 
2020-07-30 23:16:00,15.87, , , , 
2020-07-30 23:17:00,15.87, , , , 
2020-07-30 23:18:00,15.88, , , , 
2020-07-30 23:19:00,15.86, , , , 
2020-07-30 23:20:00,15.86, , , , 
2020-07-30 23:21:00,15.85, , , , 
2020-07-30 23:22:00,15.86, , , , 
2020-07-30 23:23:00,15.85, , , , 
2020-07-30 23:24:00,15.84, , , , 
2020-07-30 23:25:00,15.83, , , , 
2020-07-30 23:26:00,15.82, , , , 
2020-07-30 23:27:00,15.83, , , , 
2020-07-30 23:28:00,15.82, , , , 
2020-07-30 23:29:00,15.80, , , , 
2020-07-30 23:30:00,15.78, , , , 
2020-07-30 23:31:00,15.78, , , , 
2020-07-30 23:32:00,15.80, , , , 
2020-07-30 23:33:00,15.77, , , , 
2020-07-30 23:34:00,15.77, , , , 
2020-07-30 23:35:00,15.77, , , , 
2020-07-30 23:36:00,15.77, , , , 
2020-07-30 23:37:00,15.77, , , , 
2020-07-30 23:38:00,15.73, , , , 
2020-07-30 23:39:00,15.76, , , , 
2020-07-30 23:40:00,15.74, , , , 
2020-07-30 23:41:00,15.73, , , , 
2020-07-30 23:42:00,15.74, , , , 
2020-07-30 23:43:00,15.73, , , , 
2020-07-30 23:44:00,15.73, , , , 
2020-07-30 23:45:00,15.71, , , , 
2020-07-30 23:46:00,15.71, , , , 
2020-07-30 23:47:00,15.69, , , , 
2020-07-30 23:48:00,15.70, , , , 
2020-07-30 23:49:00,15.69, , , , 
2020-07-30 23:50:00,15.69, , , , 
2020-07-30 23:51:00,15.69, , , , 
2020-07-30 23:52:00,15.69, , , , 
2020-07-30 23:53:00,15.67, , , , 
2020-07-30 23:54:00,15.68, , , , 
2020-07-30 23:55:00,15.67, , , , 
2020-07-30 23:56:00,15.66, , , , 
2020-07-30 23:57:00,15.67, , , , 
2020-07-30 23:58:00,15.63, , , , 
2020-07-30 23:59:00,15.66, , , , 
2020-07-31 00:00:00,15.63, , , , 
2020-07-31 00:01:00,15.61, , , , 
2020-07-31 00:02:00,15.63, , , , 
2020-07-31 00:03:00,15.62, , , , 
2020-07-31 00:04:00,15.62, , , , 
2020-07-31 00:05:00,15.60, , , , 
2020-07-31 00:06:00,15.61, , , , 
2020-07-31 00:07:00,15.59, , , , 
2020-07-31 00:08:00,15.60, , , , 
2020-07-31 00:09:00,15.58, , , , 
2020-07-31 00:10:00,15.59, , , , 
2020-07-31 00:11:00,15.57, , , , 
2020-07-31 00:12:00,15.58, , , , 
2020-07-31 00:13:00,15.55, , , , 
2020-07-31 00:14:00,15.56, , , , 
2020-07-31 00:15:00,15.56, , , , 
2020-07-31 00:16:00,15.54, , , , 
2020-07-31 00:17:00,15.55, , , , 
2020-07-31 00:18:00,15.54, , , , 
2020-07-31 00:19:00,15.56, , , , 
2020-07-31 00:20:00,15.54, , , , 
2020-07-31 00:21:00,15.54, , , , 
2020-07-31 00:22:00,15.53, , , , 
2020-07-31 00:23:00,15.51, , , , 
2020-07-31 00:24:00,15.54, , , , 
2020-07-31 00:25:00,15.51, , , , 
2020-07-31 00:26:00,15.53, , , , 
2020-07-31 00:27:00,15.52, , , , 
2020-07-31 00:28:00,15.48, , , , 
2020-07-31 00:29:00,15.51, , , , 
2020-07-31 00:30:00,15.51, , , , 
2020-07-31 00:31:00,15.49, , , , 
2020-07-31 00:32:00,15.47, , , , 
2020-07-31 00:33:00,15.47, , , , 
2020-07-31 00:34:00,15.47, , , , 
2020-07-31 00:35:00,15.47, , , , 
2020-07-31 00:36:00,15.48, , , , 
2020-07-31 00:37:00,15.46, , , , 
2020-07-31 00:38:00,15.48, , , , 
2020-07-31 00:39:00,15.46, , , , 
2020-07-31 00:40:00,15.43, , , , 
2020-07-31 00:41:00,15.44, , , , 
2020-07-31 00:42:00,15.45, , , , 
2020-07-31 00:43:00,15.43, , , , 
2020-07-31 00:44:00,15.42, , , , 
2020-07-31 00:45:00,15.44, , , , 
2020-07-31 00:46:00,15.44, , , , 
2020-07-31 00:47:00,15.43, , , , 
2020-07-31 00:48:00,15.43, , , , 
2020-07-31 00:49:00,15.42, , , , 
2020-07-31 00:50:00,15.40, , , , 
2020-07-31 00:51:00,15.42, , , , 
2020-07-31 00:52:00,15.41, , , , 
2020-07-31 00:53:00,15.40, , , , 
2020-07-31 00:54:00,15.38, , , , 
2020-07-31 00:55:00,15.40, , , , 
2020-07-31 00:56:00,15.39, , , , 
2020-07-31 00:57:00,15.40, , , , 
2020-07-31 00:58:00,15.37, , , , 
2020-07-31 00:59:00,15.37, , , , 
2020-07-31 01:00:00,15.38, , , , 
2020-07-31 01:01:00,15.36, , , , 
2020-07-31 01:02:00,15.37, , , , 
2020-07-31 01:03:00,15.38, , , , 
2020-07-31 01:04:00,15.34, , , , 
2020-07-31 01:05:00,15.33, , , , 
2020-07-31 01:06:00,15.34, , , , 
2020-07-31 01:07:00,15.33, , , , 
2020-07-31 01:08:00,15.34, , , , 
2020-07-31 01:09:00,15.32, , , , 
2020-07-31 01:10:00,15.33, , , , 
2020-07-31 01:11:00,15.34, , , , 
2020-07-31 01:12:00,15.33, , , , 
2020-07-31 01:13:00,15.32, , , , 
2020-07-31 01:14:00,15.31, , , , 
2020-07-31 01:15:00,15.31, , , , 
2020-07-31 01:16:00,15.32, , , , 
2020-07-31 01:17:00,15.30, , , , 
2020-07-31 01:18:00,15.28, , , , 
2020-07-31 01:19:00,15.31, , , , 
2020-07-31 01:20:00,15.28, , , , 
2020-07-31 01:21:00,15.28, , , , 
2020-07-31 01:22:00,15.29, , , , 
2020-07-31 01:23:00,15.29, , , , 
2020-07-31 01:24:00,15.26, , , , 
2020-07-31 01:25:00,15.27, , , , 
2020-07-31 01:26:00,15.28, , , , 
2020-07-31 01:27:00,15.26, , , , 
2020-07-31 01:28:00,15.28, , , , 
2020-07-31 01:29:00,15.26, , , , 
2020-07-31 01:30:00,15.25, , , , 
2020-07-31 01:31:00,15.26, , , , 
2020-07-31 01:32:00,15.24, , , , 
2020-07-31 01:33:00,15.24, , , , 
2020-07-31 01:34:00,15.26, , , , 
2020-07-31 01:35:00,15.24, , , , 
2020-07-31 01:36:00,15.26, , , , 
2020-07-31 01:37:00,15.24, , , , 
2020-07-31 01:38:00,15.24, , , , 
2020-07-31 01:39:00,15.23, , , , 
2020-07-31 01:40:00,15.19, , , , 
2020-07-31 01:41:00,15.23, , , , 
2020-07-31 01:42:00,15.22, , , , 
2020-07-31 01:43:00,15.19, , , , 
2020-07-31 01:44:00,15.22, , , , 
2020-07-31 01:45:00,15.22, , , , 
2020-07-31 01:46:00,15.21, , , , 
2020-07-31 01:47:00,15.19, , , , 
2020-07-31 01:48:00,15.21, , , , 
2020-07-31 01:49:00,15.18, , , , 
2020-07-31 01:50:00,15.21, , , , 
2020-07-31 01:51:00,15.21, , , , 
2020-07-31 01:52:00,15.21, , , , 
2020-07-31 01:53:00,15.19, , , , 
2020-07-31 01:54:00,15.19, , , , 
2020-07-31 01:55:00,15.18, , , , 
2020-07-31 01:56:00,15.17, , , , 
2020-07-31 01:57:00,15.16, , , , 
2020-07-31 01:58:00,15.16, , , , 
2020-07-31 01:59:00,15.16, , , , 
2020-07-31 02:00:00,15.15, , , , 
2020-07-31 02:01:00,15.16, , , , 
2020-07-31 02:02:00,15.17, , , , 
2020-07-31 02:03:00,15.14, , , , 
2020-07-31 02:04:00,15.14, , , , 
2020-07-31 02:05:00,15.13, , , , 
2020-07-31 02:06:00,15.14, , , , 
2020-07-31 02:07:00,15.15, , , , 
2020-07-31 02:08:00,15.18, , , , 
2020-07-31 02:09:00,15.17, , , , 
2020-07-31 02:10:00,15.19, , , , 
2020-07-31 02:11:00,15.19, , , , 
2020-07-31 02:12:00,15.19, , , , 
2020-07-31 02:13:00,15.21, , , , 
2020-07-31 02:14:00,15.22, , , , 
2020-07-31 02:15:00,15.21, , , , 
2020-07-31 02:16:00,15.19, , , , 
2020-07-31 02:17:00,15.21, , , , 
2020-07-31 02:18:00,15.18, , , , 
2020-07-31 02:19:00,15.21, , , , 
2020-07-31 02:20:00,15.19, , , , 
2020-07-31 02:21:00,15.19, , , , 
2020-07-31 02:22:00,15.17, , , , 
2020-07-31 02:23:00,15.19, , , , 
2020-07-31 02:24:00,15.17, , , , 
2020-07-31 02:25:00,15.18, , , , 
2020-07-31 02:26:00,15.16, , , , 
2020-07-31 02:27:00,15.19, , , , 
2020-07-31 02:28:00,15.16, , , , 
2020-07-31 02:29:00,15.17, , , , 
2020-07-31 02:30:00,15.15, , , , 
2020-07-31 02:31:00,15.17, , , , 
2020-07-31 02:32:00,15.15, , , , 
2020-07-31 02:33:00,15.15, , , , 
2020-07-31 02:34:00,15.15, , , , 
2020-07-31 02:35:00,15.13, , , , 
2020-07-31 02:36:00,15.13, , , , 
2020-07-31 02:37:00,15.17, , , , 
2020-07-31 02:38:00,15.16, , , , 
2020-07-31 02:39:00,15.17, , , , 
2020-07-31 02:40:00,15.18, , , , 
2020-07-31 02:41:00,15.18, , , , 
2020-07-31 02:42:00,15.19, , , , 
2020-07-31 02:43:00,15.18, , , , 
2020-07-31 02:44:00,15.19, , , , 
2020-07-31 02:45:00,15.16, , , , 
2020-07-31 02:46:00,15.19, , , , 
2020-07-31 02:47:00,15.17, , , , 
2020-07-31 02:48:00,15.18, , , , 
2020-07-31 02:49:00,15.17, , , , 
2020-07-31 02:50:00,15.18, , , , 
2020-07-31 02:51:00,15.17, , , , 
2020-07-31 02:52:00,15.17, , , , 
2020-07-31 02:53:00,15.15, , , , 
2020-07-31 02:54:00,15.15, , , , 
2020-07-31 02:55:00,15.17, , , , 
2020-07-31 02:56:00,15.15, , , , 
2020-07-31 02:57:00,15.17, , , , 
2020-07-31 02:58:00,15.14, , , , 
2020-07-31 02:59:00,15.15, , , , 
2020-07-31 03:00:00,15.15, , , , 
2020-07-31 03:01:00,15.15, , , , 
2020-07-31 03:02:00,15.14, , , , 
2020-07-31 03:03:00,15.15, , , , 
2020-07-31 03:04:00,15.15, , , , 
2020-07-31 03:05:00,15.15, , , , 
2020-07-31 03:06:00,15.19, , , , 
2020-07-31 03:07:00,15.19, , , , 
2020-07-31 03:08:00,15.18, , , , 
2020-07-31 03:09:00,15.19, , , , 
2020-07-31 03:10:00,15.18, , , , 
2020-07-31 03:11:00,15.18, , , , 
2020-07-31 03:12:00,15.17, , , , 
2020-07-31 03:13:00,15.17, , , , 
2020-07-31 03:14:00,15.17, , , , 
2020-07-31 03:15:00,15.16, , , , 
2020-07-31 03:16:00,15.18, , , , 
2020-07-31 03:17:00,15.19, , , , 
2020-07-31 03:18:00,15.19, , , , 
2020-07-31 03:19:00,15.19, , , , 
2020-07-31 03:20:00,15.17, , , , 
2020-07-31 03:21:00,15.18, , , , 
2020-07-31 03:22:00,15.16, , , , 
2020-07-31 03:23:00,15.16, , , , 
2020-07-31 03:24:00,15.18, , , , 
2020-07-31 03:25:00,15.16, , , , 
2020-07-31 03:26:00,15.15, , , , 
2020-07-31 03:27:00,15.15, , , , 
2020-07-31 03:28:00,15.15, , , , 
2020-07-31 03:29:00,15.15, , , , 
2020-07-31 03:30:00,15.15, , , , 
2020-07-31 03:31:00,15.14, , , , 
2020-07-31 03:32:00,15.13, , , , 
2020-07-31 03:33:00,15.15, , , , 
2020-07-31 03:34:00,15.13, , , , 
2020-07-31 03:35:00,15.12, , , , 
2020-07-31 03:36:00,15.12, , , , 
2020-07-31 03:37:00,15.13, , , , 
2020-07-31 03:38:00,15.13, , , , 
2020-07-31 03:39:00,15.13, , , , 
2020-07-31 03:40:00,15.12, , , , 
2020-07-31 03:41:00,15.12, , , , 
2020-07-31 03:42:00,15.10, , , , 
2020-07-31 03:43:00,15.10, , , , 
2020-07-31 03:44:00,15.10, , , , 
2020-07-31 03:45:00,15.09, , , , 
2020-07-31 03:46:00,15.09, , , , 
2020-07-31 03:47:00,15.09, , , , 
2020-07-31 03:48:00,15.09, , , , 
2020-07-31 03:49:00,15.09, , , , 
2020-07-31 03:50:00,15.07, , , , 
2020-07-31 03:51:00,15.08, , , , 
2020-07-31 03:52:00,15.09, , , , 
2020-07-31 03:53:00,15.07, , , , 
2020-07-31 03:54:00,15.07, , , , 
2020-07-31 03:55:00,15.10, , , , 
2020-07-31 03:56:00,15.10, , , , 
2020-07-31 03:57:00,15.12, , , , 
2020-07-31 03:58:00,15.10, , , , 
2020-07-31 03:59:00,15.11, , , , 
2020-07-31 04:00:00,15.13, , , , 
2020-07-31 04:01:00,15.12, , , , 
2020-07-31 04:02:00,15.12, , , , 
2020-07-31 04:03:00,15.11, , , , 
2020-07-31 04:04:00,15.12, , , , 
2020-07-31 04:05:00,15.11, , , , 
2020-07-31 04:06:00,15.13, , , , 
2020-07-31 04:07:00,15.12, , , , 
2020-07-31 04:08:00,15.11, , , , 
2020-07-31 04:09:00,15.13, , , , 
2020-07-31 04:10:00,15.12, , , , 
2020-07-31 04:11:00,15.12, , , , 
2020-07-31 04:12:00,15.10, , , , 
2020-07-31 04:13:00,15.09, , , , 
2020-07-31 04:14:00,15.09, , , , 
2020-07-31 04:15:00,15.09, , , , 
2020-07-31 04:16:00,15.10, , , , 
2020-07-31 04:17:00,15.09, , , , 
2020-07-31 04:18:00,15.08, , , , 
2020-07-31 04:19:00,15.08, , , , 
2020-07-31 04:20:00,15.08, , , , 
2020-07-31 04:21:00,15.08, , , , 
2020-07-31 04:22:00,15.07, , , , 
2020-07-31 04:23:00,15.09, , , , 
2020-07-31 04:24:00,15.08, , , , 
2020-07-31 04:25:00,15.10, , , , 
2020-07-31 04:26:00,15.11, , , , 
2020-07-31 04:27:00,15.12, , , , 
2020-07-31 04:28:00,15.15, , , , 
2020-07-31 04:29:00,15.12, , , , 
2020-07-31 04:30:00,15.11, , , , 
2020-07-31 04:31:00,15.11, , , , 
2020-07-31 04:32:00,15.11, , , , 
2020-07-31 04:33:00,15.12, , , , 
2020-07-31 04:34:00,15.12, , , , 
2020-07-31 04:35:00,15.12, , , , 
2020-07-31 04:36:00,15.11, , , , 
2020-07-31 04:37:00,15.13, , , , 
2020-07-31 04:38:00,15.10, , , , 
2020-07-31 04:39:00,15.11, , , , 
2020-07-31 04:40:00,15.12, , , , 
2020-07-31 04:41:00,15.10, , , , 
2020-07-31 04:42:00,15.11, , , , 
2020-07-31 04:43:00,15.09, , , , 
2020-07-31 04:44:00,15.11, , , , 
2020-07-31 04:45:00,15.11, , , , 
2020-07-31 04:46:00,15.09, , , , 
2020-07-31 04:47:00,15.09, , , , 
2020-07-31 04:48:00,15.09, , , , 
2020-07-31 04:49:00,15.09, , , , 
2020-07-31 04:50:00,15.09, , , , 
2020-07-31 04:51:00,15.07, , , , 
2020-07-31 04:52:00,15.06, , , , 
2020-07-31 04:53:00,15.11, , , , 
2020-07-31 04:54:00,15.10, , , , 
2020-07-31 04:55:00,15.11, , , , 
2020-07-31 04:56:00,15.12, , , , 
2020-07-31 04:57:00,15.14, , , , 
2020-07-31 04:58:00,15.12, , , , 
2020-07-31 04:59:00,15.14, , , , 
2020-07-31 05:00:00,15.12, , , , 
2020-07-31 05:01:00,15.13, , , , 
2020-07-31 05:02:00,15.15, , , , 
2020-07-31 05:03:00,15.12, , , , 
2020-07-31 05:04:00,15.13, , , , 
2020-07-31 05:05:00,15.12, , , , 
2020-07-31 05:06:00,15.15, , , , 
2020-07-31 05:07:00,15.10, , , , 
2020-07-31 05:08:00,15.10, , , , 
2020-07-31 05:09:00,15.12, , , , 
2020-07-31 05:10:00,15.11, , , , 
2020-07-31 05:11:00,15.09, , , , 
2020-07-31 05:12:00,15.10, , , , 
2020-07-31 05:13:00,15.09, , , , 
2020-07-31 05:14:00,15.09, , , , 
2020-07-31 05:15:00,15.08, , , , 
2020-07-31 05:16:00,15.09, , , , 
2020-07-31 05:17:00,15.08, , , , 
2020-07-31 05:18:00,15.09, , , , 
2020-07-31 05:19:00,15.09, , , , 
2020-07-31 05:20:00,15.08, , , , 
2020-07-31 05:21:00,15.08, , , , 
2020-07-31 05:22:00,15.09, , , , 
2020-07-31 05:23:00,15.11, , , , 
2020-07-31 05:24:00,15.09, , , , 
2020-07-31 05:25:00,15.12, , , , 
2020-07-31 05:26:00,15.12, , , , 
2020-07-31 05:27:00,15.11, , , , 
2020-07-31 05:28:00,15.12, , , , 
2020-07-31 05:29:00,15.13, , , , 
2020-07-31 05:30:00,15.13, , , , 
2020-07-31 05:31:00,15.12, , , , 
2020-07-31 05:32:00,15.11, , , , 
2020-07-31 05:33:00,15.12, , , , 
2020-07-31 05:34:00,15.13, , , , 
2020-07-31 05:35:00,15.13, , , , 
2020-07-31 05:36:00,15.10, , , , 
2020-07-31 05:37:00,15.11, , , , 
2020-07-31 05:38:00,15.11, , , , 
2020-07-31 05:39:00,15.11, , , , 
2020-07-31 05:40:00,15.12, , , , 
2020-07-31 05:41:00,15.10, , , , 
2020-07-31 05:42:00,15.11, , , , 
2020-07-31 05:43:00,15.09, , , , 
2020-07-31 05:44:00,15.10, , , , 
2020-07-31 05:45:00,15.12, , , , 
2020-07-31 05:46:00,15.09, , , , 
2020-07-31 05:47:00,15.07, , , , 
2020-07-31 05:48:00,15.09, , , , 
2020-07-31 05:49:00,15.08, , , , 
2020-07-31 05:50:00,15.09, , , , 
2020-07-31 05:51:00,15.10, , , , 
2020-07-31 05:52:00,15.13, , , , 
2020-07-31 05:53:00,15.12, , , , 
2020-07-31 05:54:00,15.11, , , , 
2020-07-31 05:55:00,15.11, , , , 
2020-07-31 05:56:00,15.13, , , , 
2020-07-31 05:57:00,15.15, , , , 
2020-07-31 05:58:00,15.15, , , , 
2020-07-31 05:59:00,15.13, , , , 
2020-07-31 06:00:00,15.13, , , , 
2020-07-31 06:01:00,15.13, , , , 
2020-07-31 06:02:00,15.13, , , , 
2020-07-31 06:03:00,15.12, , , , 
2020-07-31 06:04:00,15.10, , , , 
2020-07-31 06:05:00,15.12, , , , 
2020-07-31 06:06:00,15.10, , , , 
2020-07-31 06:07:00,15.12, , , , 
2020-07-31 06:08:00,15.09, , , , 
2020-07-31 06:09:00,15.10, , , , 
2020-07-31 06:10:00,15.10, , , , 
2020-07-31 06:11:00,15.11, , , , 
2020-07-31 06:12:00,15.09, , , , 
2020-07-31 06:13:00,15.10, , , , 
2020-07-31 06:14:00,15.10, , , , 
2020-07-31 06:15:00,15.09, , , , 
2020-07-31 06:16:00,15.09, , , , 
2020-07-31 06:17:00,15.09, , , , 
2020-07-31 06:18:00,15.09, , , , 
2020-07-31 06:19:00,15.07, , , , 
2020-07-31 06:20:00,15.10, , , , 
2020-07-31 06:21:00,15.10, , , , 
2020-07-31 06:22:00,15.12, , , , 
2020-07-31 06:23:00,15.12, , , , 
2020-07-31 06:24:00,15.10, , , , 
2020-07-31 06:25:00,15.11, , , , 
2020-07-31 06:26:00,15.13, , , , 
2020-07-31 06:27:00,15.11, , , , 
2020-07-31 06:28:00,15.11, , , , 
2020-07-31 06:29:00,15.12, , , , 
2020-07-31 06:30:00,15.10, , , , 
2020-07-31 06:31:00,15.10, , , , 
2020-07-31 06:32:00,15.10, , , , 
2020-07-31 06:33:00,15.11, , , , 
2020-07-31 06:34:00,15.10, , , , 
2020-07-31 06:35:00,15.09, , , , 
2020-07-31 06:36:00,15.09, , , , 
2020-07-31 06:37:00,15.08, , , , 
2020-07-31 06:38:00,15.09, , , , 
2020-07-31 06:39:00,15.09, , , , 
2020-07-31 06:40:00,15.10, , , , 
2020-07-31 06:41:00,15.09, , , , 
2020-07-31 06:42:00,15.10, , , , 
2020-07-31 06:43:00,15.12, , , , 
2020-07-31 06:44:00,15.11, , , , 
2020-07-31 06:45:00,15.09, , , , 
2020-07-31 06:46:00,15.10, , , , 
2020-07-31 06:47:00,15.12, , , , 
2020-07-31 06:48:00,15.10, , , , 
2020-07-31 06:49:00,15.09, , , , 
2020-07-31 06:50:00,15.10, , , , 
2020-07-31 06:51:00,15.09, , , , 
2020-07-31 06:52:00,15.12, , , , 
2020-07-31 06:53:00,15.09, , , , 
2020-07-31 06:54:00,15.09, , , , 
2020-07-31 06:55:00,15.10, , , , 
2020-07-31 06:56:00,15.08, , , , 
2020-07-31 06:57:00,15.09, , , , 
2020-07-31 06:58:00,15.09, , , , 
2020-07-31 06:59:00,15.08, , , , 
2020-07-31 07:00:00,15.09, , , , 
2020-07-31 07:01:00,15.09, , , , 
2020-07-31 07:02:00,15.11, , , , 
2020-07-31 07:03:00,15.13, , , , 
2020-07-31 07:04:00,15.15, , , , 
2020-07-31 07:05:00,15.16, , , , 
2020-07-31 07:06:00,15.19, , , , 
2020-07-31 07:07:00,15.21, , , , 
2020-07-31 07:08:00,15.28, , , , 
2020-07-31 07:09:00,15.30, , , , 
2020-07-31 07:10:00,15.34, , , , 
2020-07-31 07:11:00,15.39, , , , 
2020-07-31 07:12:00,15.42, , , , 
2020-07-31 07:13:00,15.44, , , , 
2020-07-31 07:14:00,15.49, , , , 
2020-07-31 07:15:00,15.55, , , , 
2020-07-31 07:16:00,15.57, , , , 
2020-07-31 07:17:00,15.63, , , , 
2020-07-31 07:18:00,15.67, , , , 
2020-07-31 07:19:00,15.70, , , , 
2020-07-31 07:20:00,15.75, , , , 
2020-07-31 07:21:00,15.77, , , , 
2020-07-31 07:22:00,15.83, , , , 
2020-07-31 07:23:00,15.87, , , , 
2020-07-31 07:24:00,15.93, , , , 
2020-07-31 07:25:00,15.96, , , , 
2020-07-31 07:26:00,15.99, , , , 
2020-07-31 07:27:00,16.04, , , , 
2020-07-31 07:28:00,16.08, , , , 
2020-07-31 07:29:00,16.13, , , , 
2020-07-31 07:30:00,16.17, , , , 
2020-07-31 07:31:00,16.22, , , , 
2020-07-31 07:32:00,16.28, , , , 
2020-07-31 07:33:00,16.32, , , , 
2020-07-31 07:34:00,16.36, , , , 
2020-07-31 07:35:00,16.41, , , , 
2020-07-31 07:36:00,16.43, , , , 
2020-07-31 07:37:00,16.47, , , , 
2020-07-31 07:38:00,16.50, , , , 
2020-07-31 07:39:00,16.58, , , , 
2020-07-31 07:40:00,16.61, , , , 
2020-07-31 07:41:00,16.64, , , , 
2020-07-31 07:42:00,16.69, , , , 
2020-07-31 07:43:00,16.74, , , , 
2020-07-31 07:44:00,16.78, , , , 
2020-07-31 07:45:00,16.80, , , , 
2020-07-31 07:46:00,16.86, , , , 
2020-07-31 07:47:00,16.88, , , , 
2020-07-31 07:48:00,16.91, , , , 
2020-07-31 07:49:00,16.98, , , , 
2020-07-31 07:50:00,17.02, , , , 
2020-07-31 07:51:00,17.03, , , , 
2020-07-31 07:52:00,17.09, , , , 
2020-07-31 07:53:00,17.14, , , , 
2020-07-31 07:54:00,17.18, , , , 
2020-07-31 07:55:00,17.21, , , , 
2020-07-31 07:56:00,17.25, , , , 
2020-07-31 07:57:00,17.29, , , , 
2020-07-31 07:58:00,17.31, , , , 
2020-07-31 07:59:00,17.33, , , , 
2020-07-31 08:00:00,17.36, , , , 
2020-07-31 08:01:00,17.39, , , , 
2020-07-31 08:02:00,17.38, , , , 
2020-07-31 08:03:00,17.38, , , , 
2020-07-31 08:04:00,17.38, , , , 
2020-07-31 08:05:00,17.38, , , , 
2020-07-31 08:06:00,17.37, , , , 
2020-07-31 08:07:00,17.39, , , , 
2020-07-31 08:08:00,17.38, , , , 
2020-07-31 08:09:00,17.39, , , , 
2020-07-31 08:10:00,17.43, , , , 
2020-07-31 08:11:00,17.41, , , , 
2020-07-31 08:12:00,17.43, , , , 
2020-07-31 08:13:00,17.40, , , , 
2020-07-31 08:14:00,17.40, , , , 
2020-07-31 08:15:00,17.39, , , , 
2020-07-31 08:16:00,17.38, , , , 
2020-07-31 08:17:00,17.41, , , , 
2020-07-31 08:18:00,17.38, , , , 
2020-07-31 08:19:00,17.40, , , , 
2020-07-31 08:20:00,17.41, , , , 
2020-07-31 08:21:00,17.43, , , , 
2020-07-31 08:22:00,17.41, , , , 
2020-07-31 08:23:00,17.43, , , , 
2020-07-31 08:24:00,17.43, , , , 
2020-07-31 08:25:00,17.41, , , , 
2020-07-31 08:26:00,17.41, , , , 
2020-07-31 08:27:00,17.40, , , , 
2020-07-31 08:28:00,17.40, , , , 
2020-07-31 08:29:00,17.43, , , , 
2020-07-31 08:30:00,17.41, , , , 
2020-07-31 08:31:00,17.43, , , , 
2020-07-31 08:32:00,17.40, , , , 
2020-07-31 08:33:00,17.41, , , , 
2020-07-31 08:34:00,17.40, , , , 
2020-07-31 08:35:00,17.37, , , , 
2020-07-31 08:36:00,17.39, , , , 
2020-07-31 08:37:00,17.37, , , , 
2020-07-31 08:38:00,17.39, , , , 
2020-07-31 08:39:00,17.41, , , , 
2020-07-31 08:40:00,17.44, , , , 
2020-07-31 08:41:00,17.43, , , , 
2020-07-31 08:42:00,17.43, , , , 
2020-07-31 08:43:00,17.41, , , , 
2020-07-31 08:44:00,17.43, , , , 
2020-07-31 08:45:00,17.39, , , , 
2020-07-31 08:46:00,17.40, , , , 
2020-07-31 08:47:00,17.39, , , , 
2020-07-31 08:48:00,17.41, , , , 
2020-07-31 08:49:00,17.41, , , , 
2020-07-31 08:50:00,17.43, , , , 
2020-07-31 08:51:00,17.41, , , , 
2020-07-31 08:52:00,17.41, , , , 
2020-07-31 08:53:00,17.40, , , , 
2020-07-31 08:54:00,17.43, , , , 
2020-07-31 08:55:00,17.41, , , , 
2020-07-31 08:56:00,17.40, , , , 
2020-07-31 08:57:00,17.40, , , , 
2020-07-31 08:58:00,17.40, , , , 
2020-07-31 08:59:00,17.40, , , , 
2020-07-31 09:00:00,17.39, , , , 
2020-07-31 09:01:00,17.40, , , , 
2020-07-31 09:02:00,17.43, , , , 
2020-07-31 09:03:00,17.43, , , , 
2020-07-31 09:04:00,17.43, , , , 
2020-07-31 09:05:00,17.41, , , , 
2020-07-31 09:06:00,17.41, , , , 
2020-07-31 09:07:00,17.43, , , , 
2020-07-31 09:08:00,17.41, , , , 
2020-07-31 09:09:00,17.38, , , , 
2020-07-31 09:10:00,17.38, , , , 
2020-07-31 09:11:00,17.38, , , , 
2020-07-31 09:12:00,17.39, , , , 
2020-07-31 09:13:00,17.43, , , , 
2020-07-31 09:14:00,17.43, , , , 
2020-07-31 09:15:00,17.44, , , , 
2020-07-31 09:16:00,17.41, , , , 
2020-07-31 09:17:00,17.44, , , , 
2020-07-31 09:18:00,17.43, , , , 
2020-07-31 09:19:00,17.40, , , , 
2020-07-31 09:20:00,17.39, , , , 
2020-07-31 09:21:00,17.39, , , , 
2020-07-31 09:22:00,17.40, , , , 
2020-07-31 09:23:00,17.41, , , , 
2020-07-31 09:24:00,17.39, , , , 
2020-07-31 09:25:00,17.41, , , , 
2020-07-31 09:26:00,17.43, , , , 
2020-07-31 09:27:00,17.43, , , , 
2020-07-31 09:28:00,17.44, , , , 
2020-07-31 09:29:00,17.41, , , , 
2020-07-31 09:30:00,17.43, , , , 
2020-07-31 09:31:00,17.41, , , , 
2020-07-31 09:32:00,17.40, , , , 
2020-07-31 09:33:00,17.43, , , , 
2020-07-31 09:34:00,17.40, , , , 
2020-07-31 09:35:00,17.40, , , , 
2020-07-31 09:36:00,17.39, , , , 
2020-07-31 09:37:00,17.44, , , , 
2020-07-31 09:38:00,17.45, , , , 
2020-07-31 09:39:00,17.43, , , , 
2020-07-31 09:40:00,17.44, , , , 
2020-07-31 09:41:00,17.46, , , , 
2020-07-31 09:42:00,17.44, , , , 
2020-07-31 09:43:00,17.40, , , , 
2020-07-31 09:44:00,17.43, , , , 
2020-07-31 09:45:00,17.40, , , , 
2020-07-31 09:46:00,17.39, , , , 
2020-07-31 09:47:00,17.40, , , , 
2020-07-31 09:48:00,17.39, , , , 
2020-07-31 09:49:00,17.44, , , , 
2020-07-31 09:50:00,17.43, , , , 
2020-07-31 09:51:00,17.43, , , , 
2020-07-31 09:52:00,17.43, , , , 
2020-07-31 09:53:00,17.45, , , , 
2020-07-31 09:54:00,17.43, , , , 
2020-07-31 09:55:00,17.43, , , , 
2020-07-31 09:56:00,17.43, , , , 
2020-07-31 09:57:00,17.41, , , , 
2020-07-31 09:58:00,17.43, , , , 
2020-07-31 09:59:00,17.40, , , , 
2020-07-31 10:00:00,17.39, , , , 
2020-07-31 10:01:00,17.40, , , , 
2020-07-31 10:02:00,17.41, , , , 
2020-07-31 10:03:00,17.44, , , , 
2020-07-31 10:04:00,17.45, , , , 
2020-07-31 10:05:00,17.48, , , , 
2020-07-31 10:06:00,17.50, , , , 
2020-07-31 10:07:00,17.52, , , , 
2020-07-31 10:08:00,17.55, , , , 
2020-07-31 10:09:00,17.59, , , , 
2020-07-31 10:10:00,17.62, , , , 
2020-07-31 10:11:00,17.65, , , , 
2020-07-31 10:12:00,17.69, , , , 
2020-07-31 10:13:00,17.72, , , , 
2020-07-31 10:14:00,17.75, , , , 
2020-07-31 10:15:00,17.78, , , , 
2020-07-31 10:16:00,17.82, , , , 
2020-07-31 10:17:00,17.84, , , , 
2020-07-31 10:18:00,17.90, , , , 
2020-07-31 10:19:00,17.93, , , , 
2020-07-31 10:20:00,17.98, , , , 
2020-07-31 10:21:00,17.97, , , , 
2020-07-31 10:22:00,18.00, , , , 
2020-07-31 10:23:00,18.06, , , , 
2020-07-31 10:24:00,18.11, , , , 
2020-07-31 10:25:00,18.14, , , , 
2020-07-31 10:26:00,18.17, , , , 
2020-07-31 10:27:00,18.20, , , , 
2020-07-31 10:28:00,18.21, , , , 
2020-07-31 10:29:00,18.28, , , , 
2020-07-31 10:30:00,18.30, , , , 
2020-07-31 10:31:00,18.34, , , , 
2020-07-31 10:32:00,18.37, , , , 
2020-07-31 10:33:00,18.42, , , , 
2020-07-31 10:34:00,18.46, , , , 
2020-07-31 10:35:00,18.49, , , , 
2020-07-31 10:36:00,18.52, , , , 
2020-07-31 10:37:00,18.56, , , , 
2020-07-31 10:38:00,18.61, , , , 
2020-07-31 10:39:00,18.61, , , , 
2020-07-31 10:40:00,18.66, , , , 
2020-07-31 10:41:00,18.67, , , , 
2020-07-31 10:42:00,18.70, , , , 
2020-07-31 10:43:00,18.77, , , , 
2020-07-31 10:44:00,18.79, , , , 
2020-07-31 10:45:00,18.82, , , , 
2020-07-31 10:46:00,18.84, , , , 
2020-07-31 10:47:00,18.88, , , , 
2020-07-31 10:48:00,18.94, , , , 
2020-07-31 10:49:00,18.93, , , , 
2020-07-31 10:50:00,18.97, , , , 
2020-07-31 10:51:00,19.00, , , , 
2020-07-31 10:52:00,19.04, , , , 
2020-07-31 10:53:00,19.06, , , , 
2020-07-31 10:54:00,19.10, , , , 
2020-07-31 10:55:00,19.14, , , , 
2020-07-31 10:56:00,19.15, , , , 
2020-07-31 10:57:00,19.20, , , , 
2020-07-31 10:58:00,19.24, , , , 
2020-07-31 10:59:00,19.27, , , , 
2020-07-31 11:00:00,19.30, , , , 
2020-07-31 11:01:00,19.33, , , , 
2020-07-31 11:02:00,19.38, , , , 
2020-07-31 11:03:00,19.38, , , , 
2020-07-31 11:04:00,19.42, , , , 
2020-07-31 11:05:00,19.45, , , , 
2020-07-31 11:06:00,19.48, , , , 
2020-07-31 11:07:00,19.52, , , , 
2020-07-31 11:08:00,19.53, , , , 
2020-07-31 11:09:00,19.57, , , , 
2020-07-31 11:10:00,19.53, , , , 
2020-07-31 11:11:00,19.55, , , , 
2020-07-31 11:12:00,19.58, , , , 
2020-07-31 11:13:00,19.57, , , , 
2020-07-31 11:14:00,19.57, , , , 
2020-07-31 11:15:00,19.54, , , , 
2020-07-31 11:16:00,19.56, , , , 
2020-07-31 11:17:00,19.58, , , , 
2020-07-31 11:18:00,19.59, , , , 
2020-07-31 11:19:00,19.60, , , , 
2020-07-31 11:20:00,19.62, , , , 
2020-07-31 11:21:00,19.60, , , , 
2020-07-31 11:22:00,19.61, , , , 
2020-07-31 11:23:00,19.58, , , , 
2020-07-31 11:24:00,19.58, , , , 
2020-07-31 11:25:00,19.60, , , , 
2020-07-31 11:26:00,19.60, , , , 
2020-07-31 11:27:00,19.60, , , , 
2020-07-31 11:28:00,19.63, , , , 
2020-07-31 11:29:00,19.62, , , , 
2020-07-31 11:30:00,19.66, , , , 
2020-07-31 11:31:00,19.67, , , , 
2020-07-31 11:32:00,19.67, , , , 
2020-07-31 11:33:00,19.69, , , , 
2020-07-31 11:34:00,19.66, , , , 
2020-07-31 11:35:00,19.67, , , , 
2020-07-31 11:36:00,19.65, , , , 
2020-07-31 11:37:00,19.65, , , , 
2020-07-31 11:38:00,19.66, , , , 
2020-07-31 11:39:00,19.66, , , , 
2020-07-31 11:40:00,19.69, , , , 
2020-07-31 11:41:00,19.69, , , , 
2020-07-31 11:42:00,19.69, , , , 
2020-07-31 11:43:00,19.68, , , , 
2020-07-31 11:44:00,19.68, , , , 
2020-07-31 11:45:00,19.68, , , , 
2020-07-31 11:46:00,19.65, , , , 
2020-07-31 11:47:00,19.66, , , , 
2020-07-31 11:48:00,19.67, , , , 
2020-07-31 11:49:00,19.68, , , , 
2020-07-31 11:50:00,19.69, , , , 
2020-07-31 11:51:00,19.68, , , , 
2020-07-31 11:52:00,19.71, , , , 
2020-07-31 11:53:00,19.69, , , , 
2020-07-31 11:54:00,19.69, , , , 
2020-07-31 11:55:00,19.66, , , , 
2020-07-31 11:56:00,19.65, , , , 
2020-07-31 11:57:00,19.68, , , , 
2020-07-31 11:58:00,19.66, , , , 
2020-07-31 11:59:00,19.66, , , , 
2020-07-31 12:00:00,19.69, , , , 
2020-07-31 12:01:00,19.69, , , , 
2020-07-31 12:02:00,19.70, , , , 
2020-07-31 12:03:00,19.66, , , , 
2020-07-31 12:04:00,19.67, , , , 
2020-07-31 12:05:00,19.66, , , , 
2020-07-31 12:06:00,19.66, , , , 
2020-07-31 12:07:00,19.66, , , , 
2020-07-31 12:08:00,19.67, , , , 
2020-07-31 12:09:00,19.68, , , , 
2020-07-31 12:10:00,19.69, , , , 
2020-07-31 12:11:00,19.70, , , , 
2020-07-31 12:12:00,19.69, , , , 
2020-07-31 12:13:00,19.68, , , , 
2020-07-31 12:14:00,19.67, , , , 
2020-07-31 12:15:00,19.63, , , , 
2020-07-31 12:16:00,19.66, , , , 
2020-07-31 12:17:00,19.63, , , , 
2020-07-31 12:18:00,19.62, , , , 
2020-07-31 12:19:00,19.61, , , , 
2020-07-31 12:20:00,19.61, , , , 
2020-07-31 12:21:00,19.61, , , , 
2020-07-31 12:22:00,19.63, , , , 
2020-07-31 12:23:00,19.63, , , , 
2020-07-31 12:24:00,19.63, , , , 
2020-07-31 12:25:00,19.62, , , , 
2020-07-31 12:26:00,19.61, , , , 
2020-07-31 12:27:00,19.61, , , , 
2020-07-31 12:28:00,19.60, , , , 
2020-07-31 12:29:00,19.62, , , , 
2020-07-31 12:30:00,19.60, , , , 
2020-07-31 12:31:00,19.62, , , , 
2020-07-31 12:32:00,19.61, , , , 
2020-07-31 12:33:00,19.63, , , , 
2020-07-31 12:34:00,19.66, , , , 
2020-07-31 12:35:00,19.67, , , , 
2020-07-31 12:36:00,19.66, , , , 
2020-07-31 12:37:00,19.67, , , , 
2020-07-31 12:38:00,19.66, , , , 
2020-07-31 12:39:00,19.67, , , , 
2020-07-31 12:40:00,19.66, , , , 
2020-07-31 12:41:00,19.66, , , , 
2020-07-31 12:42:00,19.67, , , , 
2020-07-31 12:43:00,19.67, , , , 
2020-07-31 12:44:00,19.69, , , , 
2020-07-31 12:45:00,19.68, , , , 
2020-07-31 12:46:00,19.70, , , , 
2020-07-31 12:47:00,19.66, , , , 
2020-07-31 12:48:00,19.69, , , , 
2020-07-31 12:49:00,19.68, , , , 
2020-07-31 12:50:00,19.66, , , , 
2020-07-31 12:51:00,19.66, , , , 
2020-07-31 12:52:00,19.67, , , , 
2020-07-31 12:53:00,19.68, , , , 
2020-07-31 12:54:00,19.69, , , , 
2020-07-31 12:55:00,19.71, , , , 
2020-07-31 12:56:00,19.70, , , , 
2020-07-31 12:57:00,19.68, , , , 
2020-07-31 12:58:00,19.67, , , , 
2020-07-31 12:59:00,19.66, , , , 
2020-07-31 13:00:00,19.66, , , , 
2020-07-31 13:01:00,19.66, , , , 
2020-07-31 13:02:00,19.66, , , , 
2020-07-31 13:03:00,19.68, , , , 
2020-07-31 13:04:00,19.69, , , , 
2020-07-31 13:05:00,19.68, , , , 
2020-07-31 13:06:00,19.70, , , , 
2020-07-31 13:07:00,19.67, , , , 
2020-07-31 13:08:00,19.66, , , , 
2020-07-31 13:09:00,19.66, , , , 
2020-07-31 13:10:00,19.66, , , , 
2020-07-31 13:11:00,19.67, , , , 
2020-07-31 13:12:00,19.67, , , , 
2020-07-31 13:13:00,19.69, , , , 
2020-07-31 13:14:00,19.70, , , , 
2020-07-31 13:15:00,19.69, , , , 
2020-07-31 13:16:00,19.69, , , , 
2020-07-31 13:17:00,19.67, , , , 
2020-07-31 13:18:00,19.67, , , , 
2020-07-31 13:19:00,19.66, , , , 
2020-07-31 13:20:00,19.67, , , , 
2020-07-31 13:21:00,19.66, , , , 
2020-07-31 13:22:00,19.68, , , , 
2020-07-31 13:23:00,19.69, , , , 
2020-07-31 13:24:00,19.68, , , , 
2020-07-31 13:25:00,19.69, , , , 
2020-07-31 13:26:00,19.68, , , , 
2020-07-31 13:27:00,19.68, , , , 
2020-07-31 13:28:00,19.65, , , , 
2020-07-31 13:29:00,19.66, , , , 
2020-07-31 13:30:00,19.66, , , , 
2020-07-31 13:31:00,19.66, , , , 
2020-07-31 13:32:00,19.68, , , , 
2020-07-31 13:33:00,19.67, , , , 
2020-07-31 13:34:00,19.68, , , , 
2020-07-31 13:35:00,19.70, , , , 
2020-07-31 13:36:00,19.70, , , , 
2020-07-31 13:37:00,19.69, , , , 
2020-07-31 13:38:00,19.69, , , , 
2020-07-31 13:39:00,19.67, , , , 
2020-07-31 13:40:00,19.69, , , , 
2020-07-31 13:41:00,19.66, , , , 
2020-07-31 13:42:00,19.67, , , , 
2020-07-31 13:43:00,19.67, , , , 
2020-07-31 13:44:00,19.69, , , , 
2020-07-31 13:45:00,19.70, , , , 
2020-07-31 13:46:00,19.69, , , , 
2020-07-31 13:47:00,19.69, , , , 
2020-07-31 13:48:00,19.69, , , , 
2020-07-31 13:49:00,19.67, , , , 
2020-07-31 13:50:00,19.68, , , , 
2020-07-31 13:51:00,19.67, , , , 
2020-07-31 13:52:00,19.69, , , , 
2020-07-31 13:53:00,19.67, , , , 
2020-07-31 13:54:00,19.69, , , , 
2020-07-31 13:55:00,19.69, , , , 
2020-07-31 13:56:00,19.71, , , , 
2020-07-31 13:57:00,19.72, , , , 
2020-07-31 13:58:00,19.68, , , , 
2020-07-31 13:59:00,19.69, , , , 
2020-07-31 14:00:00,19.67, , , , 
2020-07-31 14:01:00,19.66, , , , 
2020-07-31 14:02:00,19.67, , , , 
2020-07-31 14:03:00,19.67, , , , 
2020-07-31 14:04:00,19.69, , , , 
2020-07-31 14:05:00,19.69, , , , 
2020-07-31 14:06:00,19.70, , , , 
2020-07-31 14:07:00,19.69, , , , 
2020-07-31 14:08:00,19.69, , , , 
2020-07-31 14:09:00,19.68, , , , 
2020-07-31 14:10:00,19.69, , , , 
2020-07-31 14:11:00,19.68, , , , 
2020-07-31 14:12:00,19.66, , , , 
2020-07-31 14:13:00,19.68, , , , 
2020-07-31 14:14:00,19.68, , , , 
2020-07-31 14:15:00,19.70, , , , 
2020-07-31 14:16:00,19.69, , , , 
2020-07-31 14:17:00,19.71, , , , 
2020-07-31 14:18:00,19.69, , , , 
2020-07-31 14:19:00,19.71, , , , 
2020-07-31 14:20:00,19.69, , , , 
2020-07-31 14:21:00,19.67, , , , 
2020-07-31 14:22:00,19.67, , , , 
2020-07-31 14:23:00,19.68, , , , 
2020-07-31 14:24:00,19.67, , , , 
2020-07-31 14:25:00,19.69, , , , 
2020-07-31 14:26:00,19.69, , , , 
2020-07-31 14:27:00,19.68, , , , 
2020-07-31 14:28:00,19.68, , , , 
2020-07-31 14:29:00,19.68, , , , 
2020-07-31 14:30:00,19.65, , , , 
2020-07-31 14:31:00,19.67, , , , 
2020-07-31 14:32:00,19.68, , , , 
2020-07-31 14:33:00,19.68, , , , 
2020-07-31 14:34:00,19.68, , , , 
2020-07-31 14:35:00,19.69, , , , 
2020-07-31 14:36:00,19.69, , , , 
2020-07-31 14:37:00,19.69, , , , 
2020-07-31 14:38:00,19.69, , , , 
2020-07-31 14:39:00,19.69, , , , 
2020-07-31 14:40:00,19.65, , , , 
2020-07-31 14:41:00,19.65, , , , 
2020-07-31 14:42:00,19.66, , , , 
2020-07-31 14:43:00,19.68, , , , 
2020-07-31 14:44:00,19.68, , , , 
2020-07-31 14:45:00,19.68, , , , 
2020-07-31 14:46:00,19.69, , , , 
2020-07-31 14:47:00,19.70, , , , 
2020-07-31 14:48:00,19.69, , , , 
2020-07-31 14:49:00,19.67, , , , 
2020-07-31 14:50:00,19.68, , , , 
2020-07-31 14:51:00,19.67, , , , 
2020-07-31 14:52:00,19.66, , , , 
2020-07-31 14:53:00,19.67, , , , 
2020-07-31 14:54:00,19.68, , , , 
2020-07-31 14:55:00,19.69, , , , 
2020-07-31 14:56:00,19.70, , , , 
2020-07-31 14:57:00,19.70, , , , 
2020-07-31 14:58:00,19.69, , , , 
2020-07-31 14:59:00,19.69, , , , 
2020-07-31 15:00:00,19.69, , , , 
2020-07-31 15:01:00,19.68, , , , 
2020-07-31 15:02:00,19.66, , , , 
2020-07-31 15:03:00,19.67, , , , 
2020-07-31 15:04:00,19.66, , , , 
2020-07-31 15:04:36, ,Logged,Logged, , 
2020-07-31 15:04:37, , , ,Logged, 
2020-07-31 15:05:00,19.63, , , , 
2020-07-31 15:06:00,19.66, , , , 
2020-07-31 15:07:00,19.66, , , , 
2020-07-31 15:07:13, , , ,Logged, 
2020-07-31 15:08:00,19.62, , , , 
2020-07-31 15:09:00,19.61, , , , 
2020-07-31 15:10:00,19.58, , , , 
2020-07-31 15:11:00,19.58, , , , 
2020-07-31 15:12:00,19.56, , , , 
2020-07-31 15:13:00,19.56, , , , 
2020-07-31 15:14:00,19.54, , , , 
2020-07-31 15:15:00,19.52, , , , 
2020-07-31 15:16:00,19.51, , , , 
2020-07-31 15:17:00,19.46, , , , 
2020-07-31 15:18:00,19.44, , , , 
2020-07-31 15:19:00,19.45, , , , 
2020-07-31 15:20:00,19.43, , , , 
2020-07-31 15:21:00,19.42, , , , 
2020-07-31 15:22:00,19.39, , , , 
2020-07-31 15:23:00,19.38, , , , 
2020-07-31 15:24:00,19.38, , , , 
2020-07-31 15:25:00,19.35, , , , 
2020-07-31 15:26:00,19.33, , , , 
2020-07-31 15:27:00,19.30, , , , 
2020-07-31 15:28:00,19.29, , , , 
2020-07-31 15:29:00,19.29, , , , 
2020-07-31 15:30:00,19.27, , , , 
2020-07-31 15:31:00,19.25, , , , 
2020-07-31 15:32:00,19.24, , , , 
2020-07-31 15:33:00,19.23, , , , 
2020-07-31 15:34:00,19.20, , , , 
2020-07-31 15:35:00,19.18, , , , 
2020-07-31 15:36:00,19.16, , , , 
2020-07-31 15:37:00,19.15, , , , 
2020-07-31 15:38:00,19.15, , , , 
2020-07-31 15:39:00,19.13, , , , 
2020-07-31 15:40:00,19.11, , , , 
2020-07-31 15:41:00,19.10, , , , 
2020-07-31 15:42:00,19.08, , , , 
2020-07-31 15:43:00,19.07, , , , 
2020-07-31 15:44:00,19.04, , , , 
2020-07-31 15:45:00,19.02, , , , 
2020-07-31 15:46:00,19.01, , , , 
2020-07-31 15:47:00,18.99, , , , 
2020-07-31 15:48:00,19.01, , , , 
2020-07-31 15:49:00,18.98, , , , 
2020-07-31 15:50:00,18.96, , , , 
2020-07-31 15:51:00,18.96, , , , 
2020-07-31 15:52:00,18.93, , , , 
2020-07-31 15:53:00,18.93, , , , 
2020-07-31 15:54:00,18.89, , , , 
2020-07-31 15:55:00,18.89, , , , 
2020-07-31 15:56:00,18.86, , , , 
2020-07-31 15:57:00,18.85, , , , 
2020-07-31 15:58:00,18.85, , , , 
2020-07-31 15:59:00,18.84, , , , 
2020-07-31 16:00:00,18.81, , , , 
2020-07-31 16:01:00,18.80, , , , 
2020-07-31 16:02:00,18.77, , , , 
2020-07-31 16:03:00,18.78, , , , 
2020-07-31 16:04:00,18.76, , , , 
2020-07-31 16:05:00,18.76, , , , 
2020-07-31 16:06:00,18.74, , , , 
2020-07-31 16:07:00,18.72, , , , 
2020-07-31 16:08:00,18.70, , , , 
2020-07-31 16:09:00,18.67, , , , 
2020-07-31 16:10:00,18.69, , , , 
2020-07-31 16:11:00,18.67, , , , 
2020-07-31 16:12:00,18.64, , , , 
2020-07-31 16:13:00,18.63, , , , 
2020-07-31 16:14:00,18.62, , , , 
2020-07-31 16:15:00,18.61, , , , 
2020-07-31 16:16:00,18.56, , , , 
2020-07-31 16:17:00,18.55, , , , 
2020-07-31 16:18:00,18.53, , , , 
2020-07-31 16:19:00,18.54, , , , 
2020-07-31 16:20:00,18.51, , , , 
2020-07-31 16:21:00,18.50, , , , 
2020-07-31 16:22:00,18.48, , , , 
2020-07-31 16:23:00,18.47, , , , 
2020-07-31 16:24:00,18.46, , , , 
2020-07-31 16:25:00,18.44, , , , 
2020-07-31 16:26:00,18.43, , , , 
2020-07-31 16:27:00,18.43, , , , 
2020-07-31 16:28:00,18.42, , , , 
2020-07-31 16:29:00,18.39, , , , 
2020-07-31 16:30:00,18.38, , , , 
2020-07-31 16:31:00,18.38, , , , 
2020-07-31 16:32:00,18.34, , , , 
2020-07-31 16:33:00,18.35, , , , 
2020-07-31 16:34:00,18.32, , , , 
2020-07-31 16:35:00,18.32, , , , 
2020-07-31 16:36:00,18.29, , , , 
2020-07-31 16:37:00,18.28, , , , 
2020-07-31 16:38:00,18.27, , , , 
2020-07-31 16:39:00,18.23, , , , 
2020-07-31 16:40:00,18.25, , , , 
2020-07-31 16:41:00,18.23, , , , 
2020-07-31 16:42:00,18.22, , , , 
2020-07-31 16:43:00,18.20, , , , 
2020-07-31 16:44:00,18.18, , , , 
2020-07-31 16:45:00,18.19, , , , 
2020-07-31 16:46:00,18.14, , , , 
2020-07-31 16:47:00,18.14, , , , 
2020-07-31 16:48:00,18.12, , , , 
2020-07-31 16:49:00,18.13, , , , 
2020-07-31 16:50:00,18.12, , , , 
2020-07-31 16:51:00,18.10, , , , 
2020-07-31 16:52:00,18.09, , , , 
2020-07-31 16:53:00,18.08, , , , 
2020-07-31 16:54:00,18.06, , , , 
2020-07-31 16:55:00,18.04, , , , 
2020-07-31 16:56:00,18.04, , , , 
2020-07-31 16:57:00,18.02, , , , 
2020-07-31 16:58:00,18.02, , , , 
2020-07-31 16:59:00,17.98, , , , 
2020-07-31 17:00:00,17.98, , , , 
2020-07-31 17:01:00,17.97, , , , 
2020-07-31 17:02:00,17.96, , , , 
2020-07-31 17:03:00,17.95, , , , 
2020-07-31 17:04:00,17.94, , , , 
2020-07-31 17:05:00,17.93, , , , 
2020-07-31 17:06:00,17.92, , , , 
2020-07-31 17:07:00,17.92, , , , 
2020-07-31 17:08:00,17.87, , , , 
2020-07-31 17:09:00,17.90, , , , 
2020-07-31 17:10:00,17.88, , , , 
2020-07-31 17:11:00,17.85, , , , 
2020-07-31 17:12:00,17.84, , , , 
2020-07-31 17:13:00,17.80, , , , 
2020-07-31 17:14:00,17.81, , , , 
2020-07-31 17:15:00,17.82, , , , 
2020-07-31 17:16:00,17.80, , , , 
2020-07-31 17:17:00,17.79, , , , 
2020-07-31 17:18:00,17.77, , , , 
2020-07-31 17:19:00,17.77, , , , 
2020-07-31 17:20:00,17.74, , , , 
2020-07-31 17:21:00,17.74, , , , 
2020-07-31 17:22:00,17.75, , , , 
2020-07-31 17:23:00,17.72, , , , 
2020-07-31 17:24:00,17.72, , , , 
2020-07-31 17:25:00,17.70, , , , 
2020-07-31 17:26:00,17.68, , , , 
2020-07-31 17:27:00,17.67, , , , 
2020-07-31 17:28:00,17.65, , , , 
2020-07-31 17:29:00,17.64, , , , 
2020-07-31 17:30:00,17.63, , , , 
2020-07-31 17:31:00,17.63, , , , 
2020-07-31 17:32:00,17.62, , , , 
2020-07-31 17:33:00,17.60, , , , 
2020-07-31 17:34:00,17.60, , , , 
2020-07-31 17:35:00,17.58, , , , 
2020-07-31 17:36:00,17.58, , , , 
2020-07-31 17:37:00,17.54, , , , 
2020-07-31 17:38:00,17.54, , , , 
2020-07-31 17:39:00,17.53, , , , 
2020-07-31 17:40:00,17.52, , , , 
2020-07-31 17:41:00,17.51, , , , 
2020-07-31 17:42:00,17.50, , , , 
2020-07-31 17:43:00,17.50, , , , 
2020-07-31 17:44:00,17.49, , , , 
2020-07-31 17:45:00,17.49, , , , 
2020-07-31 17:46:00,17.48, , , , 
2020-07-31 17:47:00,17.50, , , , 
2020-07-31 17:48:00,17.50, , , , 
2020-07-31 17:49:00,17.51, , , , 
2020-07-31 17:50:00,17.50, , , , 
2020-07-31 17:51:00,17.48, , , , 
2020-07-31 17:52:00,17.50, , , , 
2020-07-31 17:53:00,17.51, , , , 
2020-07-31 17:54:00,17.48, , , , 
2020-07-31 17:55:00,17.46, , , , 
2020-07-31 17:56:00,17.49, , , , 
2020-07-31 17:57:00,17.48, , , , 
2020-07-31 17:58:00,17.47, , , , 
2020-07-31 17:59:00,17.49, , , , 
2020-07-31 18:00:00,17.50, , , , 
2020-07-31 18:01:00,17.48, , , , 
2020-07-31 18:02:00,17.50, , , , 
2020-07-31 18:03:00,17.50, , , , 
2020-07-31 18:04:00,17.51, , , , 
2020-07-31 18:05:00,17.49, , , , 
2020-07-31 18:06:00,17.49, , , , 
2020-07-31 18:07:00,17.48, , , , 
2020-07-31 18:08:00,17.48, , , , 
2020-07-31 18:09:00,17.46, , , , 
2020-07-31 18:10:00,17.46, , , , 
2020-07-31 18:11:00,17.46, , , , 
2020-07-31 18:12:00,17.48, , , , 
2020-07-31 18:13:00,17.50, , , , 
2020-07-31 18:14:00,17.50, , , , 
2020-07-31 18:15:00,17.48, , , , 
2020-07-31 18:16:00,17.49, , , , 
2020-07-31 18:17:00,17.50, , , , 
2020-07-31 18:18:00,17.50, , , , 
2020-07-31 18:19:00,17.47, , , , 
2020-07-31 18:20:00,17.47, , , , 
2020-07-31 18:21:00,17.48, , , , 
2020-07-31 18:22:00,17.47, , , , 
2020-07-31 18:23:00,17.48, , , , 
2020-07-31 18:24:00,17.46, , , , 
2020-07-31 18:25:00,17.45, , , , 
2020-07-31 18:26:00,17.41, , , , 
2020-07-31 18:27:00,17.43, , , , 
2020-07-31 18:28:00,17.41, , , , 
2020-07-31 18:29:00,17.43, , , , 
2020-07-31 18:30:00,17.43, , , , 
2020-07-31 18:31:00,17.44, , , , 
2020-07-31 18:32:00,17.43, , , , 
2020-07-31 18:33:00,17.43, , , , 
2020-07-31 18:34:00,17.44, , , , 
2020-07-31 18:35:00,17.44, , , , 
2020-07-31 18:36:00,17.41, , , , 
2020-07-31 18:37:00,17.43, , , , 
2020-07-31 18:38:00,17.43, , , , 
2020-07-31 18:39:00,17.43, , , , 
2020-07-31 18:40:00,17.40, , , , 
2020-07-31 18:41:00,17.40, , , , 
2020-07-31 18:42:00,17.39, , , , 
2020-07-31 18:43:00,17.41, , , , 
2020-07-31 18:44:00,17.43, , , , 
2020-07-31 18:45:00,17.43, , , , 
2020-07-31 18:46:00,17.44, , , , 
2020-07-31 18:47:00,17.44, , , , 
2020-07-31 18:48:00,17.43, , , , 
2020-07-31 18:49:00,17.45, , , , 
2020-07-31 18:50:00,17.41, , , , 
2020-07-31 18:51:00,17.41, , , , 
2020-07-31 18:52:00,17.40, , , , 
2020-07-31 18:53:00,17.40, , , , 
2020-07-31 18:54:00,17.43, , , , 
2020-07-31 18:55:00,17.40, , , , 
2020-07-31 18:56:00,17.40, , , , 
2020-07-31 18:57:00,17.41, , , , 
2020-07-31 18:58:00,17.41, , , , 
2020-07-31 18:59:00,17.43, , , , 
2020-07-31 19:00:00,17.43, , , , 
2020-07-31 19:01:00,17.41, , , , 
2020-07-31 19:02:00,17.43, , , , 
2020-07-31 19:03:00,17.43, , , , 
2020-07-31 19:04:00,17.41, , , , 
2020-07-31 19:05:00,17.43, , , , 
2020-07-31 19:06:00,17.41, , , , 
2020-07-31 19:07:00,17.43, , , , 
2020-07-31 19:08:00,17.38, , , , 
2020-07-31 19:09:00,17.43, , , , 
2020-07-31 19:10:00,17.43, , , , 
2020-07-31 19:11:00,17.43, , , , 
2020-07-31 19:12:00,17.44, , , , 
2020-07-31 19:13:00,17.43, , , , 
2020-07-31 19:14:00,17.43, , , , 
2020-07-31 19:15:00,17.43, , , , 
2020-07-31 19:16:00,17.43, , , , 
2020-07-31 19:17:00,17.43, , , , 
2020-07-31 19:18:00,17.40, , , , 
2020-07-31 19:19:00,17.40, , , , 
2020-07-31 19:20:00,17.38, , , , 
2020-07-31 19:21:00,17.40, , , , 
2020-07-31 19:22:00,17.41, , , , 
2020-07-31 19:23:00,17.41, , , , 
2020-07-31 19:24:00,17.43, , , , 
2020-07-31 19:25:00,17.43, , , , 
2020-07-31 19:26:00,17.41, , , , 
2020-07-31 19:27:00,17.43, , , , 
2020-07-31 19:28:00,17.43, , , , 
2020-07-31 19:29:00,17.41, , , , 
2020-07-31 19:30:00,17.39, , , , 
2020-07-31 19:31:00,17.39, , , , 
2020-07-31 19:32:00,17.39, , , , 
2020-07-31 19:33:00,17.39, , , , 
2020-07-31 19:34:00,17.40, , , , 
2020-07-31 19:35:00,17.43, , , , 
2020-07-31 19:36:00,17.43, , , , 
2020-07-31 19:37:00,17.45, , , , 
2020-07-31 19:38:00,17.44, , , , 
2020-07-31 19:39:00,17.43, , , , 
2020-07-31 19:40:00,17.41, , , , 
2020-07-31 19:41:00,17.43, , , , 
2020-07-31 19:42:00,17.41, , , , 
2020-07-31 19:43:00,17.38, , , , 
2020-07-31 19:44:00,17.39, , , , 
2020-07-31 19:45:00,17.39, , , , 
2020-07-31 19:46:00,17.40, , , , 
2020-07-31 19:47:00,17.41, , , , 
2020-07-31 19:48:00,17.45, , , , 
2020-07-31 19:49:00,17.43, , , , 
2020-07-31 19:50:00,17.43, , , , 
2020-07-31 19:51:00,17.44, , , , 
2020-07-31 19:52:00,17.43, , , , 
2020-07-31 19:53:00,17.43, , , , 
2020-07-31 19:54:00,17.41, , , , 
2020-07-31 19:55:00,17.40, , , , 
2020-07-31 19:56:00,17.38, , , , 
2020-07-31 19:57:00,17.38, , , , 
2020-07-31 19:58:00,17.40, , , , 
2020-07-31 19:59:00,17.43, , , , 
2020-07-31 20:00:00,17.43, , , , 
2020-07-31 20:01:00,17.44, , , , 
2020-07-31 20:02:00,17.44, , , , 
2020-07-31 20:03:00,17.43, , , , 
2020-07-31 20:04:00,17.43, , , , 
2020-07-31 20:05:00,17.43, , , , 
2020-07-31 20:06:00,17.41, , , , 
2020-07-31 20:07:00,17.40, , , , 
2020-07-31 20:08:00,17.39, , , , 
2020-07-31 20:09:00,17.39, , , , 
2020-07-31 20:10:00,17.38, , , , 
2020-07-31 20:11:00,17.36, , , , 
2020-07-31 20:12:00,17.36, , , , 
2020-07-31 20:13:00,17.38, , , , 
2020-07-31 20:14:00,17.33, , , , 
2020-07-31 20:15:00,17.34, , , , 
2020-07-31 20:16:00,17.32, , , , 
2020-07-31 20:17:00,17.31, , , , 
2020-07-31 20:18:00,17.31, , , , 
2020-07-31 20:19:00,17.30, , , , 
2020-07-31 20:20:00,17.30, , , , 
2020-07-31 20:21:00,17.26, , , , 
2020-07-31 20:22:00,17.25, , , , 
2020-07-31 20:23:00,17.26, , , , 
2020-07-31 20:24:00,17.24, , , , 
2020-07-31 20:25:00,17.23, , , , 
2020-07-31 20:26:00,17.21, , , , 
2020-07-31 20:27:00,17.21, , , , 
2020-07-31 20:28:00,17.20, , , , 
2020-07-31 20:29:00,17.21, , , , 
2020-07-31 20:30:00,17.18, , , , 
2020-07-31 20:31:00,17.17, , , , 
2020-07-31 20:32:00,17.17, , , , 
2020-07-31 20:33:00,17.13, , , , 
2020-07-31 20:34:00,17.14, , , , 
2020-07-31 20:35:00,17.11, , , , 
2020-07-31 20:36:00,17.11, , , , 
2020-07-31 20:37:00,17.10, , , , 
2020-07-31 20:38:00,17.10, , , , 
2020-07-31 20:39:00,17.06, , , , 
2020-07-31 20:40:00,17.07, , , , 
2020-07-31 20:41:00,17.05, , , , 
2020-07-31 20:42:00,17.07, , , , 
2020-07-31 20:43:00,17.05, , , , 
2020-07-31 20:44:00,17.03, , , , 
2020-07-31 20:45:00,17.02, , , , 
2020-07-31 20:46:00,17.02, , , , 
2020-07-31 20:47:00,17.00, , , , 
2020-07-31 20:48:00,17.00, , , , 
2020-07-31 20:49:00,16.99, , , , 
2020-07-31 20:50:00,16.99, , , , 
2020-07-31 20:51:00,16.95, , , , 
2020-07-31 20:52:00,16.96, , , , 
2020-07-31 20:53:00,16.94, , , , 
2020-07-31 20:54:00,16.92, , , , 
2020-07-31 20:55:00,16.93, , , , 
2020-07-31 20:56:00,16.91, , , , 
2020-07-31 20:57:00,16.91, , , , 
2020-07-31 20:58:00,16.90, , , , 
2020-07-31 20:59:00,16.89, , , , 
2020-07-31 21:00:00,16.90, , , , 
2020-07-31 21:01:00,16.87, , , , 
2020-07-31 21:02:00,16.86, , , , 
2020-07-31 21:03:00,16.86, , , , 
2020-07-31 21:04:00,16.85, , , , 
2020-07-31 21:05:00,16.85, , , , 
2020-07-31 21:06:00,16.82, , , , 
2020-07-31 21:07:00,16.80, , , , 
2020-07-31 21:08:00,16.82, , , , 
2020-07-31 21:09:00,16.79, , , , 
2020-07-31 21:10:00,16.79, , , , 
2020-07-31 21:11:00,16.77, , , , 
2020-07-31 21:12:00,16.77, , , , 
2020-07-31 21:13:00,16.76, , , , 
2020-07-31 21:14:00,16.76, , , , 
2020-07-31 21:15:00,16.73, , , , 
2020-07-31 21:16:00,16.74, , , , 
2020-07-31 21:17:00,16.72, , , , 
2020-07-31 21:18:00,16.73, , , , 
2020-07-31 21:19:00,16.73, , , , 
2020-07-31 21:20:00,16.70, , , , 
2020-07-31 21:21:00,16.70, , , , 
2020-07-31 21:22:00,16.69, , , , 
2020-07-31 21:23:00,16.67, , , , 
2020-07-31 21:24:00,16.67, , , , 
2020-07-31 21:25:00,16.65, , , , 
2020-07-31 21:26:00,16.65, , , , 
2020-07-31 21:27:00,16.63, , , , 
2020-07-31 21:28:00,16.62, , , , 
2020-07-31 21:29:00,16.63, , , , 
2020-07-31 21:30:00,16.61, , , , 
2020-07-31 21:31:00,16.60, , , , 
2020-07-31 21:32:00,16.59, , , , 
2020-07-31 21:33:00,16.59, , , , 
2020-07-31 21:34:00,16.59, , , , 
2020-07-31 21:35:00,16.57, , , , 
2020-07-31 21:36:00,16.57, , , , 
2020-07-31 21:37:00,16.57, , , , 
2020-07-31 21:38:00,16.55, , , , 
2020-07-31 21:39:00,16.52, , , , 
2020-07-31 21:40:00,16.55, , , , 
2020-07-31 21:41:00,16.54, , , , 
2020-07-31 21:42:00,16.51, , , , 
2020-07-31 21:43:00,16.50, , , , 
2020-07-31 21:44:00,16.50, , , , 
2020-07-31 21:45:00,16.49, , , , 
2020-07-31 21:46:00,16.49, , , , 
2020-07-31 21:47:00,16.46, , , , 
2020-07-31 21:48:00,16.47, , , , 
2020-07-31 21:49:00,16.46, , , , 
2020-07-31 21:50:00,16.46, , , , 
2020-07-31 21:51:00,16.44, , , , 
2020-07-31 21:52:00,16.44, , , , 
2020-07-31 21:53:00,16.43, , , , 
2020-07-31 21:54:00,16.41, , , , 
2020-07-31 21:55:00,16.40, , , , 
2020-07-31 21:56:00,16.41, , , , 
2020-07-31 21:57:00,16.41, , , , 
2020-07-31 21:58:00,16.36, , , , 
2020-07-31 21:59:00,16.40, , , , 
2020-07-31 22:00:00,16.39, , , , 
2020-07-31 22:01:00,16.35, , , , 
2020-07-31 22:02:00,16.36, , , , 
2020-07-31 22:03:00,16.35, , , , 
2020-07-31 22:04:00,16.32, , , , 
2020-07-31 22:05:00,16.32, , , , 
2020-07-31 22:06:00,16.33, , , , 
2020-07-31 22:07:00,16.31, , , , 
2020-07-31 22:08:00,16.32, , , , 
2020-07-31 22:09:00,16.32, , , , 
2020-07-31 22:10:00,16.31, , , , 
2020-07-31 22:11:00,16.29, , , , 
2020-07-31 22:12:00,16.29, , , , 
2020-07-31 22:13:00,16.28, , , , 
2020-07-31 22:14:00,16.28, , , , 
2020-07-31 22:15:00,16.28, , , , 
2020-07-31 22:16:00,16.27, , , , 
2020-07-31 22:17:00,16.25, , , , 
2020-07-31 22:18:00,16.24, , , , 
2020-07-31 22:19:00,16.24, , , , 
2020-07-31 22:20:00,16.22, , , , 
2020-07-31 22:21:00,16.21, , , , 
2020-07-31 22:22:00,16.21, , , , 
2020-07-31 22:23:00,16.20, , , , 
2020-07-31 22:24:00,16.21, , , , 
2020-07-31 22:25:00,16.18, , , , 
2020-07-31 22:26:00,16.17, , , , 
2020-07-31 22:27:00,16.17, , , , 
2020-07-31 22:28:00,16.17, , , , 
2020-07-31 22:29:00,16.16, , , , 
2020-07-31 22:30:00,16.16, , , , 
2020-07-31 22:31:00,16.15, , , , 
2020-07-31 22:32:00,16.13, , , , 
2020-07-31 22:33:00,16.13, , , , 
2020-07-31 22:34:00,16.13, , , , 
2020-07-31 22:35:00,16.12, , , , 
2020-07-31 22:36:00,16.13, , , , 
2020-07-31 22:37:00,16.12, , , , 
2020-07-31 22:38:00,16.08, , , , 
2020-07-31 22:39:00,16.08, , , , 
2020-07-31 22:40:00,16.10, , , , 
2020-07-31 22:41:00,16.08, , , , 
2020-07-31 22:42:00,16.08, , , , 
2020-07-31 22:43:00,16.07, , , , 
2020-07-31 22:44:00,16.04, , , , 
2020-07-31 22:45:00,16.04, , , , 
2020-07-31 22:46:00,16.05, , , , 
2020-07-31 22:47:00,16.03, , , , 
2020-07-31 22:48:00,16.03, , , , 
2020-07-31 22:49:00,16.04, , , , 
2020-07-31 22:50:00,16.00, , , , 
2020-07-31 22:51:00,16.00, , , , 
2020-07-31 22:52:00,16.00, , , , 
2020-07-31 22:53:00,16.00, , , , 
2020-07-31 22:54:00,16.00, , , , 
2020-07-31 22:55:00,15.99, , , , 
2020-07-31 22:56:00,15.99, , , , 
2020-07-31 22:57:00,15.98, , , , 
2020-07-31 22:58:00,15.97, , , , 
2020-07-31 22:59:00,15.96, , , , 
2020-07-31 23:00:00,15.96, , , , 
2020-07-31 23:01:00,15.96, , , , 
2020-07-31 23:02:00,15.95, , , , 
2020-07-31 23:03:00,15.93, , , , 
2020-07-31 23:04:00,15.95, , , , 
2020-07-31 23:05:00,15.93, , , , 
2020-07-31 23:06:00,15.92, , , , 
2020-07-31 23:07:00,15.91, , , , 
2020-07-31 23:08:00,15.90, , , , 
2020-07-31 23:09:00,15.89, , , , 
2020-07-31 23:10:00,15.89, , , , 
2020-07-31 23:11:00,15.89, , , , 
2020-07-31 23:12:00,15.89, , , , 
2020-07-31 23:13:00,15.88, , , , 
2020-07-31 23:14:00,15.88, , , , 
2020-07-31 23:15:00,15.87, , , , 
2020-07-31 23:16:00,15.86, , , , 
2020-07-31 23:17:00,15.86, , , , 
2020-07-31 23:18:00,15.86, , , , 
2020-07-31 23:19:00,15.85, , , , 
2020-07-31 23:20:00,15.83, , , , 
2020-07-31 23:21:00,15.82, , , , 
2020-07-31 23:22:00,15.82, , , , 
2020-07-31 23:23:00,15.82, , , , 
2020-07-31 23:24:00,15.83, , , , 
2020-07-31 23:25:00,15.82, , , , 
2020-07-31 23:26:00,15.80, , , , 
2020-07-31 23:27:00,15.80, , , , 
2020-07-31 23:28:00,15.78, , , , 
2020-07-31 23:29:00,15.77, , , , 
2020-07-31 23:30:00,15.78, , , , 
2020-07-31 23:31:00,15.78, , , , 
2020-07-31 23:32:00,15.76, , , , 
2020-07-31 23:33:00,15.76, , , , 
2020-07-31 23:34:00,15.76, , , , 
2020-07-31 23:35:00,15.76, , , , 
2020-07-31 23:36:00,15.74, , , , 
2020-07-31 23:37:00,15.75, , , , 
2020-07-31 23:38:00,15.73, , , , 
2020-07-31 23:39:00,15.73, , , , 
2020-07-31 23:40:00,15.74, , , , 
2020-07-31 23:41:00,15.74, , , , 
2020-07-31 23:42:00,15.73, , , , 
2020-07-31 23:43:00,15.72, , , , 
2020-07-31 23:44:00,15.70, , , , 
2020-07-31 23:45:00,15.70, , , , 
2020-07-31 23:46:00,15.69, , , , 
2020-07-31 23:47:00,15.71, , , , 
2020-07-31 23:48:00,15.69, , , , 
2020-07-31 23:49:00,15.68, , , , 
2020-07-31 23:50:00,15.68, , , , 
2020-07-31 23:51:00,15.67, , , , 
2020-07-31 23:52:00,15.69, , , , 
2020-07-31 23:53:00,15.68, , , , 
2020-07-31 23:54:00,15.65, , , , 
2020-07-31 23:55:00,15.66, , , , 
2020-07-31 23:56:00,15.67, , , , 
2020-07-31 23:57:00,15.63, , , , 
2020-07-31 23:58:00,15.63, , , , 
2020-07-31 23:59:00,15.63, , , , 
2020-08-01 00:00:00,15.63, , , , 
2020-08-01 00:01:00,15.63, , , , 
2020-08-01 00:02:00,15.61, , , , 
2020-08-01 00:03:00,15.61, , , , 
2020-08-01 00:04:00,15.58, , , , 
2020-08-01 00:05:00,15.59, , , , 
2020-08-01 00:06:00,15.60, , , , 
2020-08-01 00:07:00,15.58, , , , 
2020-08-01 00:08:00,15.58, , , , 
2020-08-01 00:09:00,15.56, , , , 
2020-08-01 00:10:00,15.59, , , , 
2020-08-01 00:11:00,15.57, , , , 
2020-08-01 00:12:00,15.57, , , , 
2020-08-01 00:13:00,15.57, , , , 
2020-08-01 00:14:00,15.56, , , , 
2020-08-01 00:15:00,15.57, , , , 
2020-08-01 00:16:00,15.55, , , , 
2020-08-01 00:17:00,15.54, , , , 
2020-08-01 00:18:00,15.53, , , , 
2020-08-01 00:19:00,15.56, , , , 
2020-08-01 00:20:00,15.53, , , , 
2020-08-01 00:21:00,15.53, , , , 
2020-08-01 00:22:00,15.52, , , , 
2020-08-01 00:23:00,15.53, , , , 
2020-08-01 00:24:00,15.51, , , , 
2020-08-01 00:25:00,15.51, , , , 
2020-08-01 00:26:00,15.52, , , , 
2020-08-01 00:27:00,15.48, , , , 
2020-08-01 00:28:00,15.48, , , , 
2020-08-01 00:29:00,15.51, , , , 
2020-08-01 00:30:00,15.49, , , , 
2020-08-01 00:31:00,15.47, , , , 
2020-08-01 00:32:00,15.46, , , , 
2020-08-01 00:33:00,15.47, , , , 
2020-08-01 00:34:00,15.49, , , , 
2020-08-01 00:35:00,15.45, , , , 
2020-08-01 00:36:00,15.45, , , , 
2020-08-01 00:37:00,15.44, , , , 
2020-08-01 00:38:00,15.47, , , , 
2020-08-01 00:39:00,15.43, , , , 
2020-08-01 00:40:00,15.46, , , , 
2020-08-01 00:41:00,15.44, , , , 
2020-08-01 00:42:00,15.42, , , , 
2020-08-01 00:43:00,15.44, , , , 
2020-08-01 00:44:00,15.43, , , , 
2020-08-01 00:45:00,15.42, , , , 
2020-08-01 00:46:00,15.42, , , , 
2020-08-01 00:47:00,15.39, , , , 
2020-08-01 00:48:00,15.40, , , , 
2020-08-01 00:49:00,15.41, , , , 
2020-08-01 00:50:00,15.41, , , , 
2020-08-01 00:51:00,15.39, , , , 
2020-08-01 00:52:00,15.39, , , , 
2020-08-01 00:53:00,15.39, , , , 
2020-08-01 00:54:00,15.38, , , , 
2020-08-01 00:55:00,15.39, , , , 
2020-08-01 00:56:00,15.40, , , , 
2020-08-01 00:57:00,15.39, , , , 
2020-08-01 00:58:00,15.38, , , , 
2020-08-01 00:59:00,15.37, , , , 
2020-08-01 01:00:00,15.36, , , , 
2020-08-01 01:01:00,15.34, , , , 
2020-08-01 01:02:00,15.37, , , , 
2020-08-01 01:03:00,15.33, , , , 
2020-08-01 01:04:00,15.34, , , , 
2020-08-01 01:05:00,15.32, , , , 
2020-08-01 01:06:00,15.33, , , , 
2020-08-01 01:07:00,15.34, , , , 
2020-08-01 01:08:00,15.32, , , , 
2020-08-01 01:09:00,15.31, , , , 
2020-08-01 01:10:00,15.30, , , , 
2020-08-01 01:11:00,15.29, , , , 
2020-08-01 01:12:00,15.31, , , , 
2020-08-01 01:13:00,15.32, , , , 
2020-08-01 01:14:00,15.29, , , , 
2020-08-01 01:15:00,15.32, , , , 
2020-08-01 01:16:00,15.30, , , , 
2020-08-01 01:17:00,15.30, , , , 
2020-08-01 01:18:00,15.30, , , , 
2020-08-01 01:19:00,15.30, , , , 
2020-08-01 01:20:00,15.28, , , , 
2020-08-01 01:21:00,15.27, , , , 
2020-08-01 01:22:00,15.28, , , , 
2020-08-01 01:23:00,15.25, , , , 
2020-08-01 01:24:00,15.27, , , , 
2020-08-01 01:25:00,15.27, , , , 
2020-08-01 01:26:00,15.27, , , , 
2020-08-01 01:27:00,15.26, , , , 
2020-08-01 01:28:00,15.24, , , , 
2020-08-01 01:29:00,15.26, , , , 
2020-08-01 01:30:00,15.23, , , , 
2020-08-01 01:31:00,15.26, , , , 
2020-08-01 01:32:00,15.23, , , , 
2020-08-01 01:33:00,15.23, , , , 
2020-08-01 01:34:00,15.22, , , , 
2020-08-01 01:35:00,15.22, , , , 
2020-08-01 01:36:00,15.22, , , , 
2020-08-01 01:37:00,15.24, , , , 
2020-08-01 01:38:00,15.22, , , , 
2020-08-01 01:39:00,15.21, , , , 
2020-08-01 01:40:00,15.23, , , , 
2020-08-01 01:41:00,15.21, , , , 
2020-08-01 01:42:00,15.23, , , , 
2020-08-01 01:43:00,15.22, , , , 
2020-08-01 01:44:00,15.19, , , , 
2020-08-01 01:45:00,15.18, , , , 
2020-08-01 01:46:00,15.19, , , , 
2020-08-01 01:47:00,15.19, , , , 
2020-08-01 01:48:00,15.18, , , , 
2020-08-01 01:49:00,15.17, , , , 
2020-08-01 01:50:00,15.17, , , , 
2020-08-01 01:51:00,15.18, , , , 
2020-08-01 01:52:00,15.17, , , , 
2020-08-01 01:53:00,15.15, , , , 
2020-08-01 01:54:00,15.17, , , , 
2020-08-01 01:55:00,15.15, , , , 
2020-08-01 01:56:00,15.17, , , , 
2020-08-01 01:57:00,15.16, , , , 
2020-08-01 01:58:00,15.15, , , , 
2020-08-01 01:59:00,15.13, , , , 
2020-08-01 02:00:00,15.13, , , , 
2020-08-01 02:01:00,15.13, , , , 
2020-08-01 02:02:00,15.12, , , , 
2020-08-01 02:03:00,15.11, , , , 
2020-08-01 02:04:00,15.12, , , , 
2020-08-01 02:05:00,15.13, , , , 
2020-08-01 02:06:00,15.13, , , , 
2020-08-01 02:07:00,15.12, , , , 
2020-08-01 02:08:00,15.12, , , , 
2020-08-01 02:09:00,15.12, , , , 
2020-08-01 02:10:00,15.12, , , , 
2020-08-01 02:11:00,15.12, , , , 
2020-08-01 02:12:00,15.12, , , , 
2020-08-01 02:13:00,15.11, , , , 
2020-08-01 02:14:00,15.10, , , , 
2020-08-01 02:15:00,15.10, , , , 
2020-08-01 02:16:00,15.10, , , , 
2020-08-01 02:17:00,15.10, , , , 
2020-08-01 02:18:00,15.10, , , , 
2020-08-01 02:19:00,15.09, , , , 
2020-08-01 02:20:00,15.10, , , , 
2020-08-01 02:21:00,15.09, , , , 
2020-08-01 02:22:00,15.09, , , , 
2020-08-01 02:23:00,15.07, , , , 
2020-08-01 02:24:00,15.07, , , , 
2020-08-01 02:25:00,15.09, , , , 
2020-08-01 02:26:00,15.08, , , , 
2020-08-01 02:27:00,15.08, , , , 
2020-08-01 02:28:00,15.09, , , , 
2020-08-01 02:29:00,15.07, , , , 
2020-08-01 02:30:00,15.06, , , , 
2020-08-01 02:31:00,15.07, , , , 
2020-08-01 02:32:00,15.07, , , , 
2020-08-01 02:33:00,15.07, , , , 
2020-08-01 02:34:00,15.06, , , , 
2020-08-01 02:35:00,15.08, , , , 
2020-08-01 02:36:00,15.04, , , , 
2020-08-01 02:37:00,15.06, , , , 
2020-08-01 02:38:00,15.04, , , , 
2020-08-01 02:39:00,15.04, , , , 
2020-08-01 02:40:00,15.03, , , , 
2020-08-01 02:41:00,15.03, , , , 
2020-08-01 02:42:00,15.04, , , , 
2020-08-01 02:43:00,15.01, , , , 
2020-08-01 02:44:00,15.02, , , , 
2020-08-01 02:45:00,15.00, , , , 
2020-08-01 02:46:00,15.03, , , , 
2020-08-01 02:47:00,15.02, , , , 
2020-08-01 02:48:00,15.00, , , , 
2020-08-01 02:49:00,15.04, , , , 
2020-08-01 02:50:00,15.03, , , , 
2020-08-01 02:51:00,15.04, , , , 
2020-08-01 02:52:00,15.07, , , , 
2020-08-01 02:53:00,15.04, , , , 
2020-08-01 02:54:00,15.07, , , , 
2020-08-01 02:55:00,15.06, , , , 
2020-08-01 02:56:00,15.06, , , , 
2020-08-01 02:57:00,15.07, , , , 
2020-08-01 02:58:00,15.06, , , , 
2020-08-01 02:59:00,15.08, , , , 
2020-08-01 03:00:00,15.08, , , , 
2020-08-01 03:01:00,15.04, , , , 
2020-08-01 03:02:00,15.06, , , , 
2020-08-01 03:03:00,15.07, , , , 
2020-08-01 03:04:00,15.04, , , , 
2020-08-01 03:05:00,15.06, , , , 
2020-08-01 03:06:00,15.02, , , , 
2020-08-01 03:07:00,15.04, , , , 
2020-08-01 03:08:00,15.03, , , , 
2020-08-01 03:09:00,15.03, , , , 
2020-08-01 03:10:00,15.03, , , , 
2020-08-01 03:11:00,15.03, , , , 
2020-08-01 03:12:00,15.04, , , , 
2020-08-01 03:13:00,15.03, , , , 
2020-08-01 03:14:00,15.03, , , , 
2020-08-01 03:15:00,15.03, , , , 
2020-08-01 03:16:00,15.02, , , , 
2020-08-01 03:17:00,15.00, , , , 
2020-08-01 03:18:00,15.02, , , , 
2020-08-01 03:19:00,15.00, , , , 
2020-08-01 03:20:00,15.00, , , , 
2020-08-01 03:21:00,15.00, , , , 
2020-08-01 03:22:00,15.00, , , , 
2020-08-01 03:23:00,15.01, , , , 
2020-08-01 03:24:00,15.00, , , , 
2020-08-01 03:25:00,15.04, , , , 
2020-08-01 03:26:00,15.04, , , , 
2020-08-01 03:27:00,15.06, , , , 
2020-08-01 03:28:00,15.06, , , , 
2020-08-01 03:29:00,15.07, , , , 
2020-08-01 03:30:00,15.04, , , , 
2020-08-01 03:31:00,15.04, , , , 
2020-08-01 03:32:00,15.06, , , , 
2020-08-01 03:33:00,15.04, , , , 
2020-08-01 03:34:00,15.06, , , , 
2020-08-01 03:35:00,15.04, , , , 
2020-08-01 03:36:00,15.06, , , , 
2020-08-01 03:37:00,15.04, , , , 
2020-08-01 03:38:00,15.04, , , , 
2020-08-01 03:39:00,15.03, , , , 
2020-08-01 03:40:00,15.02, , , , 
2020-08-01 03:41:00,15.07, , , , 
2020-08-01 03:42:00,15.03, , , , 
2020-08-01 03:43:00,15.02, , , , 
2020-08-01 03:44:00,15.03, , , , 
2020-08-01 03:45:00,15.02, , , , 
2020-08-01 03:46:00,15.04, , , , 
2020-08-01 03:47:00,15.03, , , , 
2020-08-01 03:48:00,15.03, , , , 
2020-08-01 03:49:00,15.00, , , , 
2020-08-01 03:50:00,15.03, , , , 
2020-08-01 03:51:00,15.02, , , , 
2020-08-01 03:52:00,15.01, , , , 
2020-08-01 03:53:00,15.02, , , , 
2020-08-01 03:54:00,15.00, , , , 
2020-08-01 03:55:00,15.00, , , , 
2020-08-01 03:56:00,15.00, , , , 
2020-08-01 03:57:00,15.01, , , , 
2020-08-01 03:58:00,15.03, , , , 
2020-08-01 03:59:00,15.04, , , , 
2020-08-01 04:00:00,15.03, , , , 
2020-08-01 04:01:00,15.06, , , , 
2020-08-01 04:02:00,15.08, , , , 
2020-08-01 04:03:00,15.07, , , , 
2020-08-01 04:04:00,15.07, , , , 
2020-08-01 04:05:00,15.07, , , , 
2020-08-01 04:06:00,15.09, , , , 
2020-08-01 04:07:00,15.06, , , , 
2020-08-01 04:08:00,15.07, , , , 
2020-08-01 04:09:00,15.08, , , , 
2020-08-01 04:10:00,15.08, , , , 
2020-08-01 04:11:00,15.07, , , , 
2020-08-01 04:12:00,15.07, , , , 
2020-08-01 04:13:00,15.08, , , , 
2020-08-01 04:14:00,15.07, , , , 
2020-08-01 04:15:00,15.06, , , , 
2020-08-01 04:16:00,15.04, , , , 
2020-08-01 04:17:00,15.04, , , , 
2020-08-01 04:18:00,15.04, , , , 
2020-08-01 04:19:00,15.06, , , , 
2020-08-01 04:20:00,15.04, , , , 
2020-08-01 04:21:00,15.02, , , , 
2020-08-01 04:22:00,15.03, , , , 
2020-08-01 04:23:00,15.02, , , , 
2020-08-01 04:24:00,15.02, , , , 
2020-08-01 04:25:00,15.01, , , , 
2020-08-01 04:26:00,15.02, , , , 
2020-08-01 04:27:00,15.03, , , , 
2020-08-01 04:28:00,15.00, , , , 
2020-08-01 04:29:00,15.02, , , , 
2020-08-01 04:30:00,15.04, , , , 
2020-08-01 04:31:00,15.01, , , , 
2020-08-01 04:32:00,15.02, , , , 
2020-08-01 04:33:00,14.98, , , , 
2020-08-01 04:34:00,15.00, , , , 
2020-08-01 04:35:00,15.01, , , , 
2020-08-01 04:36:00,15.02, , , , 
2020-08-01 04:37:00,15.04, , , , 
2020-08-01 04:38:00,15.04, , , , 
2020-08-01 04:39:00,15.04, , , , 
2020-08-01 04:40:00,15.06, , , , 
2020-08-01 04:41:00,15.07, , , , 
2020-08-01 04:42:00,15.08, , , , 
2020-08-01 04:43:00,15.07, , , , 
2020-08-01 04:44:00,15.09, , , , 
2020-08-01 04:45:00,15.04, , , , 
2020-08-01 04:46:00,15.07, , , , 
2020-08-01 04:47:00,15.09, , , , 
2020-08-01 04:48:00,15.06, , , , 
2020-08-01 04:49:00,15.07, , , , 
2020-08-01 04:50:00,15.07, , , , 
2020-08-01 04:51:00,15.04, , , , 
2020-08-01 04:52:00,15.04, , , , 
2020-08-01 04:53:00,15.04, , , , 
2020-08-01 04:54:00,15.06, , , , 
2020-08-01 04:55:00,15.04, , , , 
2020-08-01 04:56:00,15.03, , , , 
2020-08-01 04:57:00,15.01, , , , 
2020-08-01 04:58:00,15.04, , , , 
2020-08-01 04:59:00,15.04, , , , 
2020-08-01 05:00:00,15.03, , , , 
2020-08-01 05:01:00,15.02, , , , 
2020-08-01 05:02:00,15.01, , , , 
2020-08-01 05:03:00,15.02, , , , 
2020-08-01 05:04:00,15.03, , , , 
2020-08-01 05:05:00,15.00, , , , 
2020-08-01 05:06:00,15.01, , , , 
2020-08-01 05:07:00,15.02, , , , 
2020-08-01 05:08:00,15.01, , , , 
2020-08-01 05:09:00,15.01, , , , 
2020-08-01 05:10:00,15.03, , , , 
2020-08-01 05:11:00,15.00, , , , 
2020-08-01 05:12:00,15.01, , , , 
2020-08-01 05:13:00,15.03, , , , 
2020-08-01 05:14:00,14.99, , , , 
2020-08-01 05:15:00,15.00, , , , 
2020-08-01 05:16:00,15.00, , , , 
2020-08-01 05:17:00,15.01, , , , 
2020-08-01 05:18:00,15.01, , , , 
2020-08-01 05:19:00,15.00, , , , 
2020-08-01 05:20:00,15.00, , , , 
2020-08-01 05:21:00,14.99, , , , 
2020-08-01 05:22:00,15.00, , , , 
2020-08-01 05:23:00,15.00, , , , 
2020-08-01 05:24:00,15.01, , , , 
2020-08-01 05:25:00,15.01, , , , 
2020-08-01 05:26:00,15.04, , , , 
2020-08-01 05:27:00,15.03, , , , 
2020-08-01 05:28:00,15.06, , , , 
2020-08-01 05:29:00,15.04, , , , 
2020-08-01 05:30:00,15.04, , , , 
2020-08-01 05:31:00,15.08, , , , 
2020-08-01 05:32:00,15.06, , , , 
2020-08-01 05:33:00,15.04, , , , 
2020-08-01 05:34:00,15.06, , , , 
2020-08-01 05:35:00,15.04, , , , 
2020-08-01 05:36:00,15.06, , , , 
2020-08-01 05:37:00,15.06, , , , 
2020-08-01 05:38:00,15.07, , , , 
2020-08-01 05:39:00,15.04, , , , 
2020-08-01 05:40:00,15.03, , , , 
2020-08-01 05:41:00,15.03, , , , 
2020-08-01 05:42:00,15.03, , , , 
2020-08-01 05:43:00,15.02, , , , 
2020-08-01 05:44:00,15.01, , , , 
2020-08-01 05:45:00,15.03, , , , 
2020-08-01 05:46:00,15.04, , , , 
2020-08-01 05:47:00,15.00, , , , 
2020-08-01 05:48:00,15.02, , , , 
2020-08-01 05:49:00,15.00, , , , 
2020-08-01 05:50:00,15.02, , , , 
2020-08-01 05:51:00,15.01, , , , 
2020-08-01 05:52:00,15.00, , , , 
2020-08-01 05:53:00,15.00, , , , 
2020-08-01 05:54:00,15.01, , , , 
2020-08-01 05:55:00,15.00, , , , 
2020-08-01 05:56:00,15.03, , , , 
2020-08-01 05:57:00,15.04, , , , 
2020-08-01 05:58:00,15.04, , , , 
2020-08-01 05:59:00,15.06, , , , 
2020-08-01 06:00:00,15.06, , , , 
2020-08-01 06:01:00,15.09, , , , 
2020-08-01 06:02:00,15.06, , , , 
2020-08-01 06:03:00,15.07, , , , 
2020-08-01 06:04:00,15.07, , , , 
2020-08-01 06:05:00,15.08, , , , 
2020-08-01 06:06:00,15.08, , , , 
2020-08-01 06:07:00,15.06, , , , 
2020-08-01 06:08:00,15.07, , , , 
2020-08-01 06:09:00,15.07, , , , 
2020-08-01 06:10:00,15.04, , , , 
2020-08-01 06:11:00,15.06, , , , 
2020-08-01 06:12:00,15.07, , , , 
2020-08-01 06:13:00,15.04, , , , 
2020-08-01 06:14:00,15.04, , , , 
2020-08-01 06:15:00,15.02, , , , 
2020-08-01 06:16:00,15.04, , , , 
2020-08-01 06:17:00,15.04, , , , 
2020-08-01 06:18:00,15.04, , , , 
2020-08-01 06:19:00,15.02, , , , 
2020-08-01 06:20:00,15.03, , , , 
2020-08-01 06:21:00,15.04, , , , 
2020-08-01 06:22:00,15.01, , , , 
2020-08-01 06:23:00,15.01, , , , 
2020-08-01 06:24:00,15.02, , , , 
2020-08-01 06:25:00,15.02, , , , 
2020-08-01 06:26:00,15.02, , , , 
2020-08-01 06:27:00,15.00, , , , 
2020-08-01 06:28:00,15.00, , , , 
2020-08-01 06:29:00,15.00, , , , 
2020-08-01 06:30:00,15.01, , , , 
2020-08-01 06:31:00,15.01, , , , 
2020-08-01 06:32:00,15.01, , , , 
2020-08-01 06:33:00,14.99, , , , 
2020-08-01 06:34:00,15.01, , , , 
2020-08-01 06:35:00,15.01, , , , 
2020-08-01 06:36:00,15.01, , , , 
2020-08-01 06:37:00,15.00, , , , 
2020-08-01 06:38:00,15.00, , , , 
2020-08-01 06:39:00,15.02, , , , 
2020-08-01 06:40:00,15.00, , , , 
2020-08-01 06:41:00,14.99, , , , 
2020-08-01 06:42:00,14.99, , , , 
2020-08-01 06:43:00,15.01, , , , 
2020-08-01 06:44:00,15.03, , , , 
2020-08-01 06:45:00,15.04, , , , 
2020-08-01 06:46:00,15.03, , , , 
2020-08-01 06:47:00,15.04, , , , 
2020-08-01 06:48:00,15.07, , , , 
2020-08-01 06:49:00,15.04, , , , 
2020-08-01 06:50:00,15.06, , , , 
2020-08-01 06:51:00,15.04, , , , 
2020-08-01 06:52:00,15.04, , , , 
2020-08-01 06:53:00,15.04, , , , 
2020-08-01 06:54:00,15.07, , , , 
2020-08-01 06:55:00,15.06, , , , 
2020-08-01 06:56:00,15.02, , , , 
2020-08-01 06:57:00,15.04, , , , 
2020-08-01 06:58:00,15.04, , , , 
2020-08-01 06:59:00,15.04, , , , 
2020-08-01 07:00:00,15.02, , , , 
2020-08-01 07:01:00,15.01, , , , 
2020-08-01 07:02:00,15.01, , , , 
2020-08-01 07:03:00,15.03, , , , 
2020-08-01 07:04:00,15.04, , , , 
2020-08-01 07:05:00,15.09, , , , 
2020-08-01 07:06:00,15.12, , , , 
2020-08-01 07:07:00,15.12, , , , 
2020-08-01 07:08:00,15.16, , , , 
2020-08-01 07:09:00,15.18, , , , 
2020-08-01 07:10:00,15.25, , , , 
2020-08-01 07:11:00,15.28, , , , 
2020-08-01 07:12:00,15.30, , , , 
2020-08-01 07:13:00,15.36, , , , 
2020-08-01 07:14:00,15.39, , , , 
2020-08-01 07:15:00,15.45, , , , 
2020-08-01 07:16:00,15.49, , , , 
2020-08-01 07:17:00,15.55, , , , 
2020-08-01 07:18:00,15.58, , , , 
2020-08-01 07:19:00,15.63, , , , 
2020-08-01 07:20:00,15.68, , , , 
2020-08-01 07:21:00,15.72, , , , 
2020-08-01 07:22:00,15.76, , , , 
2020-08-01 07:23:00,15.83, , , , 
2020-08-01 07:24:00,15.82, , , , 
2020-08-01 07:25:00,15.88, , , , 
2020-08-01 07:26:00,15.95, , , , 
2020-08-01 07:27:00,15.97, , , , 
2020-08-01 07:28:00,16.01, , , , 
2020-08-01 07:29:00,16.05, , , , 
2020-08-01 07:30:00,16.12, , , , 
2020-08-01 07:31:00,16.17, , , , 
2020-08-01 07:32:00,16.21, , , , 
2020-08-01 07:33:00,16.24, , , , 
2020-08-01 07:34:00,16.29, , , , 
2020-08-01 07:35:00,16.32, , , , 
2020-08-01 07:36:00,16.36, , , , 
2020-08-01 07:37:00,16.43, , , , 
2020-08-01 07:38:00,16.45, , , , 
2020-08-01 07:39:00,16.49, , , , 
2020-08-01 07:40:00,16.54, , , , 
2020-08-01 07:41:00,16.59, , , , 
2020-08-01 07:42:00,16.64, , , , 
2020-08-01 07:43:00,16.65, , , , 
2020-08-01 07:44:00,16.70, , , , 
2020-08-01 07:45:00,16.73, , , , 
2020-08-01 07:46:00,16.81, , , , 
2020-08-01 07:47:00,16.84, , , , 
2020-08-01 07:48:00,16.88, , , , 
2020-08-01 07:49:00,16.91, , , , 
2020-08-01 07:50:00,16.96, , , , 
2020-08-01 07:51:00,17.00, , , , 
2020-08-01 07:52:00,17.02, , , , 
2020-08-01 07:53:00,17.07, , , , 
2020-08-01 07:54:00,17.13, , , , 
2020-08-01 07:55:00,17.16, , , , 
2020-08-01 07:56:00,17.18, , , , 
2020-08-01 07:57:00,17.23, , , , 
2020-08-01 07:58:00,17.29, , , , 
2020-08-01 07:59:00,17.31, , , , 
2020-08-01 08:00:00,17.35, , , , 
2020-08-01 08:01:00,17.38, , , , 
2020-08-01 08:02:00,17.43, , , , 
2020-08-01 08:03:00,17.46, , , , 
2020-08-01 08:04:00,17.50, , , , 
2020-08-01 08:05:00,17.55, , , , 
2020-08-01 08:06:00,17.58, , , , 
2020-08-01 08:07:00,17.62, , , , 
2020-08-01 08:08:00,17.65, , , , 
2020-08-01 08:09:00,17.68, , , , 
2020-08-01 08:10:00,17.70, , , , 
2020-08-01 08:11:00,17.77, , , , 
2020-08-01 08:12:00,17.80, , , , 
2020-08-01 08:13:00,17.84, , , , 
2020-08-01 08:14:00,17.88, , , , 
2020-08-01 08:15:00,17.93, , , , 
2020-08-01 08:16:00,17.94, , , , 
2020-08-01 08:17:00,17.97, , , , 
2020-08-01 08:18:00,17.99, , , , 
2020-08-01 08:19:00,18.04, , , , 
2020-08-01 08:20:00,18.09, , , , 
2020-08-01 08:21:00,18.13, , , , 
2020-08-01 08:22:00,18.15, , , , 
2020-08-01 08:23:00,18.20, , , , 
2020-08-01 08:24:00,18.22, , , , 
2020-08-01 08:25:00,18.26, , , , 
2020-08-01 08:26:00,18.27, , , , 
2020-08-01 08:27:00,18.30, , , , 
2020-08-01 08:28:00,18.32, , , , 
2020-08-01 08:29:00,18.33, , , , 
2020-08-01 08:30:00,18.34, , , , 
2020-08-01 08:31:00,18.33, , , , 
2020-08-01 08:32:00,18.33, , , , 
2020-08-01 08:33:00,18.29, , , , 
2020-08-01 08:34:00,18.30, , , , 
2020-08-01 08:35:00,18.29, , , , 
2020-08-01 08:36:00,18.30, , , , 
2020-08-01 08:37:00,18.34, , , , 
2020-08-01 08:38:00,18.34, , , , 
2020-08-01 08:39:00,18.34, , , , 
2020-08-01 08:40:00,18.36, , , , 
2020-08-01 08:41:00,18.37, , , , 
2020-08-01 08:42:00,18.35, , , , 
2020-08-01 08:43:00,18.34, , , , 
2020-08-01 08:44:00,18.34, , , , 
2020-08-01 08:45:00,18.35, , , , 
2020-08-01 08:46:00,18.29, , , , 
2020-08-01 08:47:00,18.29, , , , 
2020-08-01 08:48:00,18.32, , , , 
2020-08-01 08:49:00,18.32, , , , 
2020-08-01 08:50:00,18.34, , , , 
2020-08-01 08:51:00,18.36, , , , 
2020-08-01 08:52:00,18.34, , , , 
2020-08-01 08:53:00,18.36, , , , 
2020-08-01 08:54:00,18.35, , , , 
2020-08-01 08:55:00,18.36, , , , 
2020-08-01 08:56:00,18.36, , , , 
2020-08-01 08:57:00,18.34, , , , 
2020-08-01 08:58:00,18.33, , , , 
2020-08-01 08:59:00,18.32, , , , 
2020-08-01 09:00:00,18.33, , , , 
2020-08-01 09:01:00,18.34, , , , 
2020-08-01 09:02:00,18.34, , , , 
2020-08-01 09:03:00,18.35, , , , 
2020-08-01 09:04:00,18.36, , , , 
2020-08-01 09:05:00,18.36, , , , 
2020-08-01 09:06:00,18.36, , , , 
2020-08-01 09:07:00,18.35, , , , 
2020-08-01 09:08:00,18.35, , , , 
2020-08-01 09:09:00,18.35, , , , 
2020-08-01 09:10:00,18.33, , , , 
2020-08-01 09:11:00,18.32, , , , 
2020-08-01 09:12:00,18.32, , , , 
2020-08-01 09:13:00,18.32, , , , 
2020-08-01 09:14:00,18.35, , , , 
2020-08-01 09:15:00,18.36, , , , 
2020-08-01 09:16:00,18.36, , , , 
2020-08-01 09:17:00,18.35, , , , 
2020-08-01 09:18:00,18.34, , , , 
2020-08-01 09:19:00,18.35, , , , 
2020-08-01 09:20:00,18.32, , , , 
2020-08-01 09:21:00,18.34, , , , 
2020-08-01 09:22:00,18.32, , , , 
2020-08-01 09:23:00,18.33, , , , 
2020-08-01 09:24:00,18.30, , , , 
2020-08-01 09:25:00,18.33, , , , 
2020-08-01 09:26:00,18.37, , , , 
2020-08-01 09:27:00,18.36, , , , 
2020-08-01 09:28:00,18.34, , , , 
2020-08-01 09:29:00,18.34, , , , 
2020-08-01 09:30:00,18.34, , , , 
2020-08-01 09:31:00,18.34, , , , 
2020-08-01 09:32:00,18.34, , , , 
2020-08-01 09:33:00,18.33, , , , 
2020-08-01 09:34:00,18.32, , , , 
2020-08-01 09:35:00,18.29, , , , 
2020-08-01 09:36:00,18.32, , , , 
2020-08-01 09:37:00,18.35, , , , 
2020-08-01 09:38:00,18.34, , , , 
2020-08-01 09:39:00,18.37, , , , 
2020-08-01 09:40:00,18.35, , , , 
2020-08-01 09:41:00,18.38, , , , 
2020-08-01 09:42:00,18.35, , , , 
2020-08-01 09:43:00,18.38, , , , 
2020-08-01 09:44:00,18.35, , , , 
2020-08-01 09:45:00,18.33, , , , 
2020-08-01 09:46:00,18.33, , , , 
2020-08-01 09:47:00,18.32, , , , 
2020-08-01 09:48:00,18.34, , , , 
2020-08-01 09:49:00,18.34, , , , 
2020-08-01 09:50:00,18.36, , , , 
2020-08-01 09:51:00,18.36, , , , 
2020-08-01 09:52:00,18.36, , , , 
2020-08-01 09:53:00,18.35, , , , 
2020-08-01 09:54:00,18.36, , , , 
2020-08-01 09:55:00,18.35, , , , 
2020-08-01 09:56:00,18.32, , , , 
2020-08-01 09:57:00,18.32, , , , 
2020-08-01 09:58:00,18.32, , , , 
2020-08-01 09:59:00,18.32, , , , 
2020-08-01 10:00:00,18.34, , , , 
2020-08-01 10:01:00,18.32, , , , 
2020-08-01 10:02:00,18.34, , , , 
2020-08-01 10:03:00,18.37, , , , 
2020-08-01 10:04:00,18.38, , , , 
2020-08-01 10:05:00,18.41, , , , 
2020-08-01 10:06:00,18.44, , , , 
2020-08-01 10:07:00,18.47, , , , 
2020-08-01 10:08:00,18.49, , , , 
2020-08-01 10:09:00,18.51, , , , 
2020-08-01 10:10:00,18.55, , , , 
2020-08-01 10:11:00,18.57, , , , 
2020-08-01 10:12:00,18.63, , , , 
2020-08-01 10:13:00,18.66, , , , 
2020-08-01 10:14:00,18.67, , , , 
2020-08-01 10:15:00,18.70, , , , 
2020-08-01 10:15:57, ,Logged,Logged, , 
2020-08-01 10:16:00,18.72, , , , 
2020-08-01 10:17:00,18.79, , , , 
2020-08-01 10:18:00,18.83, , , , 
2020-08-01 10:19:00,18.83, , , , 
2020-08-01 10:20:00,18.88, , , , 
2020-08-01 10:21:00,18.91, , , , 
2020-08-01 10:22:00,18.93, , , , 
2020-08-01 10:23:00,18.95, , , , 
2020-08-01 10:24:00,18.97, , , , 
2020-08-01 10:24:54, ,Logged,Logged, , 
2020-08-01 10:25:00,18.99, , , , 
2020-08-01 10:26:00,19.07, , , , 
2020-08-01 10:27:00,19.08, , , , 
2020-08-01 10:28:00,19.11, , , , 
2020-08-01 10:29:00,19.14, , , , 
2020-08-01 10:30:00,19.17, , , , 
2020-08-01 10:31:00,19.20, , , , 
2020-08-01 10:32:00,19.21, , , , 
2020-08-01 10:33:00,19.24, , , , 
2020-08-01 10:34:00,19.29, , , , 
2020-08-01 10:35:00,19.30, , , , 
2020-08-01 10:36:00,19.32, , , , 
2020-08-01 10:37:00,19.36, , , , 
2020-08-01 10:38:00,19.40, , , , 
2020-08-01 10:39:00,19.42, , , , 
2020-08-01 10:40:00,19.45, , , , 
2020-08-01 10:41:00,19.48, , , , 
2020-08-01 10:42:00,19.50, , , , 
2020-08-01 10:43:00,19.54, , , , 
2020-08-01 10:44:00,19.55, , , , 
2020-08-01 10:45:00,19.58, , , , 
2020-08-01 10:46:00,19.62, , , , 
2020-08-01 10:47:00,19.65, , , , 
2020-08-01 10:48:00,19.68, , , , 
2020-08-01 10:49:00,19.71, , , , 
2020-08-01 10:50:00,19.74, , , , 
2020-08-01 10:51:00,19.76, , , , 
2020-08-01 10:52:00,19.79, , , , 
2020-08-01 10:53:00,19.82, , , , 
2020-08-01 10:54:00,19.87, , , , 
2020-08-01 10:55:00,19.91, , , , 
2020-08-01 10:56:00,19.90, , , , 
2020-08-01 10:57:00,19.96, , , , 
2020-08-01 10:58:00,19.96, , , , 
2020-08-01 10:59:00,19.97, , , , 
2020-08-01 11:00:00,19.98, , , , 
2020-08-01 11:01:00,19.99, , , , 
2020-08-01 11:02:00,20.01, , , , 
2020-08-01 11:03:00,19.97, , , , 
2020-08-01 11:04:00,19.98, , , , 
2020-08-01 11:05:00,20.00, , , , 
2020-08-01 11:06:00,19.98, , , , 
2020-08-01 11:07:00,20.03, , , , 
2020-08-01 11:08:00,20.04, , , , 
2020-08-01 11:09:00,20.05, , , , 
2020-08-01 11:10:00,20.04, , , , 
2020-08-01 11:11:00,20.04, , , , 
2020-08-01 11:12:00,20.01, , , , 
2020-08-01 11:13:00,20.03, , , , 
2020-08-01 11:14:00,20.01, , , , 
2020-08-01 11:15:00,20.01, , , , 
2020-08-01 11:16:00,20.03, , , , 
2020-08-01 11:17:00,20.05, , , , 
2020-08-01 11:18:00,20.05, , , , 
2020-08-01 11:19:00,20.07, , , , 
2020-08-01 11:20:00,20.05, , , , 
2020-08-01 11:21:00,20.03, , , , 
2020-08-01 11:22:00,20.04, , , , 
2020-08-01 11:23:00,20.02, , , , 
2020-08-01 11:24:00,20.03, , , , 
2020-08-01 11:25:00,20.03, , , , 
2020-08-01 11:26:00,20.04, , , , 
2020-08-01 11:27:00,20.04, , , , 
2020-08-01 11:28:00,20.05, , , , 
2020-08-01 11:29:00,20.03, , , , 
2020-08-01 11:30:00,20.03, , , , 
2020-08-01 11:31:00,20.02, , , , 
2020-08-01 11:32:00,20.02, , , , 
2020-08-01 11:33:00,20.03, , , , 
2020-08-01 11:34:00,20.00, , , , 
2020-08-01 11:35:00,20.03, , , , 
2020-08-01 11:36:00,20.04, , , , 
2020-08-01 11:37:00,20.03, , , , 
2020-08-01 11:38:00,20.05, , , , 
2020-08-01 11:39:00,20.02, , , , 
2020-08-01 11:40:00,20.00, , , , 
2020-08-01 11:41:00,20.02, , , , 
2020-08-01 11:42:00,20.01, , , , 
2020-08-01 11:43:00,20.03, , , , 
2020-08-01 11:44:00,20.04, , , , 
2020-08-01 11:45:00,20.07, , , , 
2020-08-01 11:46:00,20.05, , , , 
2020-08-01 11:47:00,20.10, , , , 
2020-08-01 11:48:00,20.09, , , , 
2020-08-01 11:49:00,20.09, , , , 
2020-08-01 11:50:00,20.09, , , , 
2020-08-01 11:51:00,20.09, , , , 
2020-08-01 11:52:00,20.05, , , , 
2020-08-01 11:53:00,20.09, , , , 
2020-08-01 11:54:00,20.10, , , , 
2020-08-01 11:55:00,20.11, , , , 
2020-08-01 11:56:00,20.09, , , , 
2020-08-01 11:57:00,20.10, , , , 
2020-08-01 11:58:00,20.09, , , , 
2020-08-01 11:59:00,20.09, , , , 
2020-08-01 12:00:00,20.05, , , , 
2020-08-01 12:01:00,20.06, , , , 
2020-08-01 12:02:00,20.07, , , , 
2020-08-01 12:03:00,20.03, , , , 
2020-08-01 12:04:00,20.05, , , , 
2020-08-01 12:05:00,20.05, , , , 
2020-08-01 12:06:00,20.06, , , , 
2020-08-01 12:07:00,20.07, , , , 
2020-08-01 12:08:00,20.10, , , , 
2020-08-01 12:09:00,20.10, , , , 
2020-08-01 12:10:00,20.13, , , , 
2020-08-01 12:11:00,20.12, , , , 
2020-08-01 12:12:00,20.12, , , , 
2020-08-01 12:13:00,20.10, , , , 
2020-08-01 12:14:00,20.09, , , , 
2020-08-01 12:15:00,20.06, , , , 
2020-08-01 12:16:00,20.04, , , , 
2020-08-01 12:17:00,20.04, , , , 
2020-08-01 12:18:00,20.01, , , , 
2020-08-01 12:19:00,20.04, , , , 
2020-08-01 12:20:00,20.05, , , , 
2020-08-01 12:21:00,20.04, , , , 
2020-08-01 12:22:00,20.06, , , , 
2020-08-01 12:23:00,20.07, , , , 
2020-08-01 12:24:00,20.06, , , , 
2020-08-01 12:25:00,20.06, , , , 
2020-08-01 12:26:00,20.05, , , , 
2020-08-01 12:27:00,20.05, , , , 
2020-08-01 12:28:00,20.05, , , , 
2020-08-01 12:29:00,20.06, , , , 
2020-08-01 12:30:00,20.06, , , , 
2020-08-01 12:31:00,20.10, , , , 
2020-08-01 12:32:00,20.12, , , , 
2020-08-01 12:33:00,20.11, , , , 
2020-08-01 12:34:00,20.10, , , , 
2020-08-01 12:35:00,20.07, , , , 
2020-08-01 12:36:00,20.09, , , , 
2020-08-01 12:37:00,20.05, , , , 
2020-08-01 12:38:00,20.04, , , , 
2020-08-01 12:39:00,20.02, , , , 
2020-08-01 12:40:00,20.02, , , , 
2020-08-01 12:41:00,20.01, , , , 
2020-08-01 12:42:00,20.03, , , , 
2020-08-01 12:43:00,20.05, , , , 
2020-08-01 12:44:00,20.05, , , , 
2020-08-01 12:45:00,20.05, , , , 
2020-08-01 12:46:00,20.03, , , , 
2020-08-01 12:47:00,20.01, , , , 
2020-08-01 12:48:00,20.02, , , , 
2020-08-01 12:49:00,20.01, , , , 
2020-08-01 12:50:00,20.02, , , , 
2020-08-01 12:51:00,20.03, , , , 
2020-08-01 12:52:00,20.04, , , , 
2020-08-01 12:53:00,20.03, , , , 
2020-08-01 12:54:00,20.03, , , , 
2020-08-01 12:55:00,20.01, , , , 
2020-08-01 12:56:00,20.01, , , , 
2020-08-01 12:57:00,20.00, , , , 
2020-08-01 12:58:00,20.01, , , , 
2020-08-01 12:59:00,20.01, , , , 
2020-08-01 13:00:00,20.02, , , , 
2020-08-01 13:01:00,20.05, , , , 
2020-08-01 13:02:00,20.06, , , , 
2020-08-01 13:03:00,20.04, , , , 
2020-08-01 13:04:00,20.05, , , , 
2020-08-01 13:05:00,20.02, , , , 
2020-08-01 13:06:00,20.02, , , , 
2020-08-01 13:07:00,20.01, , , , 
2020-08-01 13:08:00,20.02, , , , 
2020-08-01 13:09:00,20.02, , , , 
2020-08-01 13:10:00,20.00, , , , 
2020-08-01 13:11:00,20.01, , , , 
2020-08-01 13:12:00,20.04, , , , 
2020-08-01 13:13:00,20.03, , , , 
2020-08-01 13:14:00,20.02, , , , 
2020-08-01 13:15:00,20.03, , , , 
2020-08-01 13:16:00,20.00, , , , 
2020-08-01 13:17:00,20.02, , , , 
2020-08-01 13:18:00,20.02, , , , 
2020-08-01 13:19:00,20.02, , , , 
2020-08-01 13:20:00,20.04, , , , 
2020-08-01 13:21:00,20.03, , , , 
2020-08-01 13:22:00,20.03, , , , 
2020-08-01 13:23:00,20.03, , , , 
2020-08-01 13:24:00,20.01, , , , 
2020-08-01 13:25:00,20.02, , , , 
2020-08-01 13:26:00,20.00, , , , 
2020-08-01 13:27:00,20.03, , , , 
2020-08-01 13:28:00,20.03, , , , 
2020-08-01 13:29:00,20.04, , , , 
2020-08-01 13:30:00,20.05, , , , 
2020-08-01 13:31:00,20.04, , , , 
2020-08-01 13:32:00,20.04, , , , 
2020-08-01 13:33:00,20.02, , , , 
2020-08-01 13:34:00,20.00, , , , 
2020-08-01 13:35:00,20.01, , , , 
2020-08-01 13:36:00,20.02, , , , 
2020-08-01 13:37:00,20.03, , , , 
2020-08-01 13:38:00,20.03, , , , 
2020-08-01 13:39:00,20.04, , , , 
2020-08-01 13:40:00,20.03, , , , 
2020-08-01 13:41:00,20.04, , , , 
2020-08-01 13:42:00,20.03, , , , 
2020-08-01 13:43:00,20.04, , , , 
2020-08-01 13:44:00,20.02, , , , 
2020-08-01 13:45:00,20.01, , , , 
2020-08-01 13:46:00,20.03, , , , 
2020-08-01 13:47:00,20.01, , , , 
2020-08-01 13:48:00,20.03, , , , 
2020-08-01 13:49:00,20.04, , , , 
2020-08-01 13:50:00,20.04, , , , 
2020-08-01 13:51:00,20.05, , , , 
2020-08-01 13:52:00,20.03, , , , 
2020-08-01 13:53:00,20.04, , , , 
2020-08-01 13:54:00,20.01, , , , 
2020-08-01 13:55:00,20.01, , , , 
2020-08-01 13:56:00,20.01, , , , 
2020-08-01 13:57:00,20.04, , , , 
2020-08-01 13:58:00,20.02, , , , 
2020-08-01 13:59:00,20.05, , , , 
2020-08-01 14:00:00,20.05, , , , 
2020-08-01 14:01:00,20.09, , , , 
2020-08-01 14:02:00,20.09, , , , 
2020-08-01 14:03:00,20.10, , , , 
2020-08-01 14:04:00,20.09, , , , 
2020-08-01 14:05:00,20.09, , , , 
2020-08-01 14:06:00,20.06, , , , 
2020-08-01 14:07:00,20.07, , , , 
2020-08-01 14:08:00,20.09, , , , 
2020-08-01 14:09:00,20.10, , , , 
2020-08-01 14:10:00,20.11, , , , 
2020-08-01 14:11:00,20.12, , , , 
2020-08-01 14:12:00,20.10, , , , 
2020-08-01 14:13:00,20.10, , , , 
2020-08-01 14:14:00,20.07, , , , 
2020-08-01 14:15:00,20.10, , , , 
2020-08-01 14:16:00,20.07, , , , 
2020-08-01 14:17:00,20.06, , , , 
2020-08-01 14:18:00,20.11, , , , 
2020-08-01 14:19:00,20.10, , , , 
2020-08-01 14:20:00,20.10, , , , 
2020-08-01 14:21:00,20.12, , , , 
2020-08-01 14:22:00,20.11, , , , 
2020-08-01 14:23:00,20.07, , , , 
2020-08-01 14:24:00,20.07, , , , 
2020-08-01 14:25:00,20.05, , , , 
2020-08-01 14:26:00,20.02, , , , 
2020-08-01 14:27:00,20.02, , , , 
2020-08-01 14:28:00,20.04, , , , 
2020-08-01 14:29:00,20.02, , , , 
2020-08-01 14:30:00,20.03, , , , 
2020-08-01 14:31:00,20.05, , , , 
2020-08-01 14:32:00,20.05, , , , 
2020-08-01 14:33:00,20.07, , , , 
2020-08-01 14:34:00,20.04, , , , 
2020-08-01 14:35:00,20.03, , , , 
2020-08-01 14:36:00,20.04, , , , 
2020-08-01 14:37:00,20.01, , , , 
2020-08-01 14:38:00,20.01, , , , 
2020-08-01 14:39:00,20.00, , , , 
2020-08-01 14:40:00,20.02, , , , 
2020-08-01 14:41:00,20.04, , , , 
2020-08-01 14:42:00,20.06, , , , 
2020-08-01 14:43:00,20.05, , , , 
2020-08-01 14:44:00,20.05, , , , 
2020-08-01 14:45:00,20.02, , , , 
2020-08-01 14:46:00,20.04, , , , 
2020-08-01 14:47:00,20.02, , , , 
2020-08-01 14:48:00,20.02, , , , 
2020-08-01 14:49:00,19.99, , , , 
2020-08-01 14:50:00,20.01, , , , 
2020-08-01 14:51:00,20.01, , , , 
2020-08-01 14:52:00,20.03, , , , 
2020-08-01 14:53:00,20.05, , , , 
2020-08-01 14:54:00,20.03, , , , 
2020-08-01 14:55:00,20.04, , , , 
2020-08-01 14:56:00,20.03, , , , 
2020-08-01 14:57:00,20.04, , , , 
2020-08-01 14:58:00,20.02, , , , 
2020-08-01 14:59:00,20.01, , , , 
2020-08-01 15:00:00,19.99, , , , 
2020-08-01 15:01:00,20.04, , , , 
2020-08-01 15:02:00,20.05, , , , 
2020-08-01 15:03:00,20.04, , , , 
2020-08-01 15:04:00,20.02, , , , 
2020-08-01 15:05:00,20.04, , , , 
2020-08-01 15:06:00,20.02, , , , 
2020-08-01 15:07:00,19.99, , , , 
2020-08-01 15:08:00,20.02, , , , 
2020-08-01 15:09:00,19.99, , , , 
2020-08-01 15:10:00,19.96, , , , 
2020-08-01 15:11:00,19.96, , , , 
2020-08-01 15:12:00,19.92, , , , 
2020-08-01 15:13:00,19.90, , , , 
2020-08-01 15:14:00,19.89, , , , 
2020-08-01 15:15:00,19.86, , , , 
2020-08-01 15:16:00,19.86, , , , 
2020-08-01 15:17:00,19.84, , , , 
2020-08-01 15:18:00,19.82, , , , 
2020-08-01 15:19:00,19.82, , , , 
2020-08-01 15:20:00,19.80, , , , 
2020-08-01 15:21:00,19.75, , , , 
2020-08-01 15:22:00,19.75, , , , 
2020-08-01 15:23:00,19.71, , , , 
2020-08-01 15:24:00,19.69, , , , 
2020-08-01 15:25:00,19.69, , , , 
2020-08-01 15:26:00,19.66, , , , 
2020-08-01 15:27:00,19.65, , , , 
2020-08-01 15:28:00,19.60, , , , 
2020-08-01 15:29:00,19.59, , , , 
2020-08-01 15:30:00,19.57, , , , 
2020-08-01 15:31:00,19.54, , , , 
2020-08-01 15:32:00,19.55, , , , 
2020-08-01 15:33:00,19.54, , , , 
2020-08-01 15:34:00,19.48, , , , 
2020-08-01 15:35:00,19.47, , , , 
2020-08-01 15:36:00,19.46, , , , 
2020-08-01 15:37:00,19.43, , , , 
2020-08-01 15:38:00,19.42, , , , 
2020-08-01 15:39:00,19.41, , , , 
2020-08-01 15:40:00,19.39, , , , 
2020-08-01 15:41:00,19.39, , , , 
2020-08-01 15:42:00,19.33, , , , 
2020-08-01 15:43:00,19.32, , , , 
2020-08-01 15:44:00,19.30, , , , 
2020-08-01 15:45:00,19.30, , , , 
2020-08-01 15:46:00,19.27, , , , 
2020-08-01 15:47:00,19.26, , , , 
2020-08-01 15:48:00,19.25, , , , 
2020-08-01 15:49:00,19.23, , , , 
2020-08-01 15:50:00,19.21, , , , 
2020-08-01 15:51:00,19.18, , , , 
2020-08-01 15:52:00,19.18, , , , 
2020-08-01 15:53:00,19.15, , , , 
2020-08-01 15:54:00,19.14, , , , 
2020-08-01 15:55:00,19.11, , , , 
2020-08-01 15:56:00,19.10, , , , 
2020-08-01 15:57:00,19.09, , , , 
2020-08-01 15:58:00,19.07, , , , 
2020-08-01 15:59:00,19.06, , , , 
2020-08-01 16:00:00,19.00, , , , 
2020-08-01 16:01:00,19.01, , , , 
2020-08-01 16:02:00,18.99, , , , 
2020-08-01 16:03:00,18.98, , , , 
2020-08-01 16:04:00,18.97, , , , 
2020-08-01 16:05:00,18.94, , , , 
2020-08-01 16:06:00,18.91, , , , 
2020-08-01 16:07:00,18.89, , , , 
2020-08-01 16:08:00,18.88, , , , 
2020-08-01 16:09:00,18.87, , , , 
2020-08-01 16:10:00,18.86, , , , 
2020-08-01 16:11:00,18.84, , , , 
2020-08-01 16:12:00,18.83, , , , 
2020-08-01 16:13:00,18.81, , , , 
2020-08-01 16:14:00,18.79, , , , 
2020-08-01 16:15:00,18.79, , , , 
2020-08-01 16:16:00,18.76, , , , 
2020-08-01 16:17:00,18.74, , , , 
2020-08-01 16:18:00,18.73, , , , 
2020-08-01 16:19:00,18.70, , , , 
2020-08-01 16:20:00,18.70, , , , 
2020-08-01 16:21:00,18.67, , , , 
2020-08-01 16:22:00,18.66, , , , 
2020-08-01 16:23:00,18.67, , , , 
2020-08-01 16:24:00,18.64, , , , 
2020-08-01 16:25:00,18.62, , , , 
2020-08-01 16:26:00,18.59, , , , 
2020-08-01 16:27:00,18.58, , , , 
2020-08-01 16:28:00,18.54, , , , 
2020-08-01 16:29:00,18.55, , , , 
2020-08-01 16:30:00,18.53, , , , 
2020-08-01 16:31:00,18.52, , , , 
2020-08-01 16:32:00,18.51, , , , 
2020-08-01 16:33:00,18.50, , , , 
2020-08-01 16:34:00,18.46, , , , 
2020-08-01 16:35:00,18.47, , , , 
2020-08-01 16:36:00,18.47, , , , 
2020-08-01 16:37:00,18.43, , , , 
2020-08-01 16:38:00,18.42, , , , 
2020-08-01 16:39:00,18.39, , , , 
2020-08-01 16:40:00,18.38, , , , 
2020-08-01 16:41:00,18.38, , , , 
2020-08-01 16:42:00,18.35, , , , 
2020-08-01 16:43:00,18.35, , , , 
2020-08-01 16:44:00,18.34, , , , 
2020-08-01 16:45:00,18.29, , , , 
2020-08-01 16:46:00,18.29, , , , 
2020-08-01 16:47:00,18.29, , , , 
2020-08-01 16:48:00,18.27, , , , 
2020-08-01 16:49:00,18.25, , , , 
2020-08-01 16:50:00,18.24, , , , 
2020-08-01 16:51:00,18.25, , , , 
2020-08-01 16:52:00,18.23, , , , 
2020-08-01 16:53:00,18.21, , , , 
2020-08-01 16:54:00,18.20, , , , 
2020-08-01 16:55:00,18.17, , , , 
2020-08-01 16:56:00,18.17, , , , 
2020-08-01 16:57:00,18.13, , , , 
2020-08-01 16:58:00,18.13, , , , 
2020-08-01 16:59:00,18.12, , , , 
2020-08-01 17:00:00,18.11, , , , 
2020-08-01 17:01:00,18.10, , , , 
2020-08-01 17:02:00,18.08, , , , 
2020-08-01 17:03:00,18.06, , , , 
2020-08-01 17:04:00,18.06, , , , 
2020-08-01 17:05:00,18.05, , , , 
2020-08-01 17:06:00,18.05, , , , 
2020-08-01 17:07:00,18.03, , , , 
2020-08-01 17:08:00,18.00, , , , 
2020-08-01 17:09:00,18.00, , , , 
2020-08-01 17:10:00,17.98, , , , 
2020-08-01 17:11:00,17.97, , , , 
2020-08-01 17:12:00,17.96, , , , 
2020-08-01 17:13:00,17.96, , , , 
2020-08-01 17:14:00,17.93, , , , 
2020-08-01 17:15:00,17.95, , , , 
2020-08-01 17:16:00,17.95, , , , 
2020-08-01 17:17:00,17.95, , , , 
2020-08-01 17:18:00,17.95, , , , 
2020-08-01 17:19:00,17.96, , , , 
2020-08-01 17:20:00,17.95, , , , 
2020-08-01 17:21:00,17.96, , , , 
2020-08-01 17:22:00,17.95, , , , 
2020-08-01 17:23:00,17.94, , , , 
2020-08-01 17:24:00,17.91, , , , 
2020-08-01 17:25:00,17.91, , , , 
2020-08-01 17:26:00,17.94, , , , 
2020-08-01 17:27:00,17.95, , , , 
2020-08-01 17:28:00,17.96, , , , 
2020-08-01 17:29:00,17.96, , , , 
2020-08-01 17:30:00,17.95, , , , 
2020-08-01 17:31:00,17.96, , , , 
2020-08-01 17:32:00,17.96, , , , 
2020-08-01 17:33:00,17.94, , , , 
2020-08-01 17:34:00,17.95, , , , 
2020-08-01 17:35:00,17.94, , , , 
2020-08-01 17:36:00,17.92, , , , 
2020-08-01 17:37:00,17.94, , , , 
2020-08-01 17:38:00,17.95, , , , 
2020-08-01 17:39:00,17.95, , , , 
2020-08-01 17:40:00,17.95, , , , 
2020-08-01 17:41:00,17.95, , , , 
2020-08-01 17:42:00,17.94, , , , 
2020-08-01 17:43:00,17.95, , , , 
2020-08-01 17:44:00,17.94, , , , 
2020-08-01 17:45:00,17.94, , , , 
2020-08-01 17:46:00,17.92, , , , 
2020-08-01 17:47:00,17.94, , , , 
2020-08-01 17:48:00,17.92, , , , 
2020-08-01 17:49:00,17.94, , , , 
2020-08-01 17:50:00,17.92, , , , 
2020-08-01 17:51:00,17.95, , , , 
2020-08-01 17:52:00,17.96, , , , 
2020-08-01 17:53:00,17.96, , , , 
2020-08-01 17:54:00,17.97, , , , 
2020-08-01 17:55:00,17.97, , , , 
2020-08-01 17:56:00,17.97, , , , 
2020-08-01 17:57:00,17.96, , , , 
2020-08-01 17:58:00,17.94, , , , 
2020-08-01 17:59:00,17.94, , , , 
2020-08-01 18:00:00,17.92, , , , 
2020-08-01 18:01:00,17.94, , , , 
2020-08-01 18:02:00,17.94, , , , 
2020-08-01 18:03:00,17.95, , , , 
2020-08-01 18:04:00,17.97, , , , 
2020-08-01 18:05:00,17.97, , , , 
2020-08-01 18:06:00,17.97, , , , 
2020-08-01 18:07:00,17.96, , , , 
2020-08-01 18:08:00,17.98, , , , 
2020-08-01 18:09:00,17.96, , , , 
2020-08-01 18:10:00,17.96, , , , 
2020-08-01 18:11:00,17.95, , , , 
2020-08-01 18:12:00,17.94, , , , 
2020-08-01 18:13:00,17.94, , , , 
2020-08-01 18:14:00,17.94, , , , 
2020-08-01 18:15:00,17.96, , , , 
2020-08-01 18:16:00,17.96, , , , 
2020-08-01 18:17:00,17.96, , , , 
2020-08-01 18:18:00,17.97, , , , 
2020-08-01 18:19:00,17.95, , , , 
2020-08-01 18:20:00,17.95, , , , 
2020-08-01 18:21:00,17.95, , , , 
2020-08-01 18:22:00,17.95, , , , 
2020-08-01 18:23:00,17.92, , , , 
2020-08-01 18:24:00,17.94, , , , 
2020-08-01 18:25:00,17.94, , , , 
2020-08-01 18:26:00,17.95, , , , 
2020-08-01 18:27:00,17.96, , , , 
2020-08-01 18:28:00,17.96, , , , 
2020-08-01 18:29:00,17.96, , , , 
2020-08-01 18:30:00,17.95, , , , 
2020-08-01 18:31:00,17.94, , , , 
2020-08-01 18:32:00,17.94, , , , 
2020-08-01 18:33:00,17.93, , , , 
2020-08-01 18:34:00,17.91, , , , 
2020-08-01 18:34:06, ,Logged,Logged, , 
2020-08-01 18:35:00,17.93, , , , 
2020-08-01 18:36:00,17.93, , , , 
2020-08-01 18:37:00,17.94, , , , 
2020-08-01 18:38:00,17.94, , , , 
2020-08-01 18:39:00,17.95, , , , 
2020-08-01 18:40:00,17.95, , , , 
2020-08-01 18:41:00,17.94, , , , 
2020-08-01 18:42:00,17.94, , , , 
2020-08-01 18:43:00,17.94, , , , 
2020-08-01 18:44:00,17.94, , , , 
2020-08-01 18:45:00,17.92, , , , 
2020-08-01 18:46:00,17.92, , , , 
2020-08-01 18:47:00,17.93, , , , 
2020-08-01 18:48:00,17.95, , , , 
2020-08-01 18:49:00,17.94, , , , 
2020-08-01 18:50:00,17.96, , , , 
2020-08-01 18:51:00,17.94, , , , 
2020-08-01 18:52:00,17.94, , , , 
2020-08-01 18:53:00,17.95, , , , 
2020-08-01 18:54:00,17.94, , , , 
2020-08-01 18:55:00,17.94, , , , 
2020-08-01 18:56:00,17.94, , , , 
2020-08-01 18:57:00,17.92, , , , 
2020-08-01 18:58:00,17.93, , , , 
2020-08-01 18:59:00,17.94, , , , 
2020-08-01 19:00:00,17.93, , , , 
2020-08-01 19:01:00,17.94, , , , 
2020-08-01 19:02:00,17.94, , , , 
2020-08-01 19:03:00,17.95, , , , 
2020-08-01 19:04:00,17.96, , , , 
2020-08-01 19:05:00,17.94, , , , 
2020-08-01 19:06:00,17.95, , , , 
2020-08-01 19:07:00,17.92, , , , 
2020-08-01 19:08:00,17.93, , , , 
2020-08-01 19:09:00,17.90, , , , 
2020-08-01 19:10:00,17.92, , , , 
2020-08-01 19:11:00,17.92, , , , 
2020-08-01 19:12:00,17.94, , , , 
2020-08-01 19:13:00,17.94, , , , 
2020-08-01 19:14:00,17.93, , , , 
2020-08-01 19:15:00,17.94, , , , 
2020-08-01 19:16:00,17.94, , , , 
2020-08-01 19:17:00,17.94, , , , 
2020-08-01 19:18:00,17.95, , , , 
2020-08-01 19:19:00,17.94, , , , 
2020-08-01 19:20:00,17.93, , , , 
2020-08-01 19:21:00,17.92, , , , 
2020-08-01 19:22:00,17.91, , , , 
2020-08-01 19:23:00,17.91, , , , 
2020-08-01 19:24:00,17.92, , , , 
2020-08-01 19:25:00,17.93, , , , 
2020-08-01 19:26:00,17.95, , , , 
2020-08-01 19:27:00,17.95, , , , 
2020-08-01 19:28:00,17.94, , , , 
2020-08-01 19:29:00,17.93, , , , 
2020-08-01 19:30:00,17.93, , , , 
2020-08-01 19:31:00,17.93, , , , 
2020-08-01 19:32:00,17.91, , , , 
2020-08-01 19:33:00,17.93, , , , 
2020-08-01 19:34:00,17.90, , , , 
2020-08-01 19:35:00,17.92, , , , 
2020-08-01 19:36:00,17.91, , , , 
2020-08-01 19:37:00,17.95, , , , 
2020-08-01 19:38:00,17.94, , , , 
2020-08-01 19:39:00,17.97, , , , 
2020-08-01 19:40:00,17.93, , , , 
2020-08-01 19:41:00,17.94, , , , 
2020-08-01 19:42:00,17.93, , , , 
2020-08-01 19:43:00,17.95, , , , 
2020-08-01 19:44:00,17.93, , , , 
2020-08-01 19:45:00,17.92, , , , 
2020-08-01 19:46:00,17.91, , , , 
2020-08-01 19:47:00,17.90, , , , 
2020-08-01 19:48:00,17.88, , , , 
2020-08-01 19:49:00,17.89, , , , 
2020-08-01 19:50:00,17.85, , , , 
2020-08-01 19:51:00,17.88, , , , 
2020-08-01 19:52:00,17.88, , , , 
2020-08-01 19:53:00,17.89, , , , 
2020-08-01 19:54:00,17.91, , , , 
2020-08-01 19:55:00,17.93, , , , 
2020-08-01 19:56:00,17.94, , , , 
2020-08-01 19:57:00,17.94, , , , 
2020-08-01 19:58:00,17.93, , , , 
2020-08-01 19:59:00,17.93, , , , 
2020-08-01 20:00:00,17.92, , , , 
2020-08-01 20:01:00,17.95, , , , 
2020-08-01 20:02:00,17.92, , , , 
2020-08-01 20:03:00,17.91, , , , 
2020-08-01 20:04:00,17.89, , , , 
2020-08-01 20:05:00,17.92, , , , 
2020-08-01 20:06:00,17.89, , , , 
2020-08-01 20:07:00,17.88, , , , 
2020-08-01 20:08:00,17.85, , , , 
2020-08-01 20:09:00,17.85, , , , 
2020-08-01 20:10:00,17.83, , , , 
2020-08-01 20:11:00,17.81, , , , 
2020-08-01 20:12:00,17.84, , , , 
2020-08-01 20:13:00,17.80, , , , 
2020-08-01 20:14:00,17.80, , , , 
2020-08-01 20:15:00,17.78, , , , 
2020-08-01 20:16:00,17.76, , , , 
2020-08-01 20:17:00,17.76, , , , 
2020-08-01 20:18:00,17.77, , , , 
2020-08-01 20:19:00,17.74, , , , 
2020-08-01 20:20:00,17.72, , , , 
2020-08-01 20:21:00,17.72, , , , 
2020-08-01 20:22:00,17.68, , , , 
2020-08-01 20:23:00,17.68, , , , 
2020-08-01 20:24:00,17.68, , , , 
2020-08-01 20:25:00,17.66, , , , 
2020-08-01 20:26:00,17.63, , , , 
2020-08-01 20:27:00,17.63, , , , 
2020-08-01 20:28:00,17.63, , , , 
2020-08-01 20:29:00,17.59, , , , 
2020-08-01 20:30:00,17.58, , , , 
2020-08-01 20:31:00,17.59, , , , 
2020-08-01 20:32:00,17.56, , , , 
2020-08-01 20:33:00,17.58, , , , 
2020-08-01 20:34:00,17.54, , , , 
2020-08-01 20:35:00,17.53, , , , 
2020-08-01 20:36:00,17.51, , , , 
2020-08-01 20:37:00,17.51, , , , 
2020-08-01 20:38:00,17.50, , , , 
2020-08-01 20:39:00,17.49, , , , 
2020-08-01 20:40:00,17.48, , , , 
2020-08-01 20:41:00,17.46, , , , 
2020-08-01 20:42:00,17.45, , , , 
2020-08-01 20:43:00,17.44, , , , 
2020-08-01 20:44:00,17.39, , , , 
2020-08-01 20:45:00,17.43, , , , 
2020-08-01 20:46:00,17.40, , , , 
2020-08-01 20:47:00,17.40, , , , 
2020-08-01 20:48:00,17.37, , , , 
2020-08-01 20:49:00,17.37, , , , 
2020-08-01 20:50:00,17.34, , , , 
2020-08-01 20:51:00,17.35, , , , 
2020-08-01 20:52:00,17.35, , , , 
2020-08-01 20:53:00,17.32, , , , 
2020-08-01 20:54:00,17.34, , , , 
2020-08-01 20:55:00,17.34, , , , 
2020-08-01 20:56:00,17.30, , , , 
2020-08-01 20:57:00,17.30, , , , 
2020-08-01 20:58:00,17.30, , , , 
2020-08-01 20:59:00,17.28, , , , 
2020-08-01 21:00:00,17.26, , , , 
2020-08-01 21:01:00,17.24, , , , 
2020-08-01 21:02:00,17.25, , , , 
2020-08-01 21:03:00,17.24, , , , 
2020-08-01 21:04:00,17.21, , , , 
2020-08-01 21:05:00,17.21, , , , 
2020-08-01 21:06:00,17.20, , , , 
2020-08-01 21:07:00,17.19, , , , 
2020-08-01 21:08:00,17.17, , , , 
2020-08-01 21:09:00,17.18, , , , 
2020-08-01 21:10:00,17.16, , , , 
2020-08-01 21:11:00,17.14, , , , 
2020-08-01 21:12:00,17.16, , , , 
2020-08-01 21:13:00,17.15, , , , 
2020-08-01 21:14:00,17.11, , , , 
2020-08-01 21:15:00,17.13, , , , 
2020-08-01 21:16:00,17.09, , , , 
2020-08-01 21:17:00,17.08, , , , 
2020-08-01 21:18:00,17.08, , , , 
2020-08-01 21:19:00,17.07, , , , 
2020-08-01 21:20:00,17.03, , , , 
2020-08-01 21:21:00,17.04, , , , 
2020-08-01 21:22:00,17.02, , , , 
2020-08-01 21:23:00,17.03, , , , 
2020-08-01 21:24:00,17.01, , , , 
2020-08-01 21:25:00,17.02, , , , 
2020-08-01 21:26:00,16.99, , , , 
2020-08-01 21:27:00,16.98, , , , 
2020-08-01 21:28:00,16.98, , , , 
2020-08-01 21:29:00,16.98, , , , 
2020-08-01 21:30:00,16.95, , , , 
2020-08-01 21:31:00,16.95, , , , 
2020-08-01 21:32:00,16.91, , , , 
2020-08-01 21:33:00,16.91, , , , 
2020-08-01 21:34:00,16.92, , , , 
2020-08-01 21:35:00,16.90, , , , 
2020-08-01 21:36:00,16.90, , , , 
2020-08-01 21:37:00,16.89, , , , 
2020-08-01 21:38:00,16.88, , , , 
2020-08-01 21:39:00,16.87, , , , 
2020-08-01 21:40:00,16.85, , , , 
2020-08-01 21:41:00,16.87, , , , 
2020-08-01 21:42:00,16.85, , , , 
2020-08-01 21:43:00,16.85, , , , 
2020-08-01 21:44:00,16.82, , , , 
2020-08-01 21:45:00,16.81, , , , 
2020-08-01 21:46:00,16.80, , , , 
2020-08-01 21:47:00,16.77, , , , 
2020-08-01 21:48:00,16.78, , , , 
2020-08-01 21:49:00,16.78, , , , 
2020-08-01 21:50:00,16.76, , , , 
2020-08-01 21:51:00,16.75, , , , 
2020-08-01 21:52:00,16.76, , , , 
2020-08-01 21:53:00,16.75, , , , 
2020-08-01 21:54:00,16.74, , , , 
2020-08-01 21:55:00,16.72, , , , 
2020-08-01 21:56:00,16.71, , , , 
2020-08-01 21:57:00,16.69, , , , 
2020-08-01 21:58:00,16.70, , , , 
2020-08-01 21:59:00,16.67, , , , 
2020-08-01 22:00:00,16.70, , , , 
2020-08-01 22:01:00,16.65, , , , 
2020-08-01 22:02:00,16.65, , , , 
2020-08-01 22:03:00,16.65, , , , 
2020-08-01 22:04:00,16.63, , , , 
2020-08-01 22:05:00,16.63, , , , 
2020-08-01 22:06:00,16.63, , , , 
2020-08-01 22:07:00,16.61, , , , 
2020-08-01 22:08:00,16.61, , , , 
2020-08-01 22:09:00,16.59, , , , 
2020-08-01 22:10:00,16.58, , , , 
2020-08-01 22:11:00,16.56, , , , 
2020-08-01 22:12:00,16.57, , , , 
2020-08-01 22:13:00,16.56, , , , 
2020-08-01 22:14:00,16.55, , , , 
2020-08-01 22:15:00,16.55, , , , 
2020-08-01 22:16:00,16.55, , , , 
2020-08-01 22:17:00,16.54, , , , 
2020-08-01 22:18:00,16.52, , , , 
2020-08-01 22:19:00,16.51, , , , 
2020-08-01 22:20:00,16.50, , , , 
2020-08-01 22:21:00,16.50, , , , 
2020-08-01 22:22:00,16.49, , , , 
2020-08-01 22:23:00,16.48, , , , 
2020-08-01 22:24:00,16.46, , , , 
2020-08-01 22:25:00,16.47, , , , 
2020-08-01 22:26:00,16.45, , , , 
2020-08-01 22:27:00,16.47, , , , 
2020-08-01 22:28:00,16.44, , , , 
2020-08-01 22:29:00,16.43, , , , 
2020-08-01 22:30:00,16.43, , , , 
2020-08-01 22:31:00,16.44, , , , 
2020-08-01 22:32:00,16.41, , , , 
2020-08-01 22:33:00,16.41, , , , 
2020-08-01 22:34:00,16.39, , , , 
2020-08-01 22:35:00,16.39, , , , 
2020-08-01 22:36:00,16.37, , , , 
2020-08-01 22:37:00,16.36, , , , 
2020-08-01 22:38:00,16.36, , , , 
2020-08-01 22:39:00,16.34, , , , 
2020-08-01 22:40:00,16.35, , , , 
2020-08-01 22:41:00,16.33, , , , 
2020-08-01 22:42:00,16.34, , , , 
2020-08-01 22:43:00,16.32, , , , 
2020-08-01 22:44:00,16.32, , , , 
2020-08-01 22:45:00,16.33, , , , 
2020-08-01 22:46:00,16.30, , , , 
2020-08-01 22:47:00,16.30, , , , 
2020-08-01 22:48:00,16.30, , , , 
2020-08-01 22:49:00,16.27, , , , 
2020-08-01 22:50:00,16.29, , , , 
2020-08-01 22:51:00,16.26, , , , 
2020-08-01 22:52:00,16.25, , , , 
2020-08-01 22:53:00,16.25, , , , 
2020-08-01 22:54:00,16.25, , , , 
2020-08-01 22:55:00,16.22, , , , 
2020-08-01 22:56:00,16.24, , , , 
2020-08-01 22:57:00,16.24, , , , 
2020-08-01 22:58:00,16.21, , , , 
2020-08-01 22:59:00,16.20, , , , 
2020-08-01 23:00:00,16.21, , , , 
2020-08-01 23:01:00,16.20, , , , 
2020-08-01 23:02:00,16.19, , , , 
2020-08-01 23:03:00,16.19, , , , 
2020-08-01 23:04:00,16.19, , , , 
2020-08-01 23:05:00,16.16, , , , 
2020-08-01 23:06:00,16.16, , , , 
2020-08-01 23:07:00,16.16, , , , 
2020-08-01 23:08:00,16.15, , , , 
2020-08-01 23:09:00,16.13, , , , 
2020-08-01 23:10:00,16.13, , , , 
2020-08-01 23:11:00,16.13, , , , 
2020-08-01 23:12:00,16.12, , , , 
2020-08-01 23:13:00,16.12, , , , 
2020-08-01 23:14:00,16.12, , , , 
2020-08-01 23:15:00,16.10, , , , 
2020-08-01 23:16:00,16.10, , , , 
2020-08-01 23:17:00,16.08, , , , 
2020-08-01 23:18:00,16.06, , , , 
2020-08-01 23:19:00,16.06, , , , 
2020-08-01 23:20:00,16.04, , , , 
2020-08-01 23:21:00,16.06, , , , 
2020-08-01 23:22:00,16.04, , , , 
2020-08-01 23:23:00,16.05, , , , 
2020-08-01 23:24:00,16.04, , , , 
2020-08-01 23:25:00,16.03, , , , 
2020-08-01 23:26:00,16.02, , , , 
2020-08-01 23:27:00,16.02, , , , 
2020-08-01 23:28:00,16.00, , , , 
2020-08-01 23:29:00,16.02, , , , 
2020-08-01 23:30:00,16.01, , , , 
2020-08-01 23:31:00,15.98, , , , 
2020-08-01 23:32:00,15.99, , , , 
2020-08-01 23:33:00,15.98, , , , 
2020-08-01 23:34:00,15.98, , , , 
2020-08-01 23:35:00,15.98, , , , 
2020-08-01 23:36:00,15.97, , , , 
2020-08-01 23:37:00,15.97, , , , 
2020-08-01 23:38:00,15.97, , , , 
2020-08-01 23:39:00,15.96, , , , 
2020-08-01 23:40:00,15.92, , , , 
2020-08-01 23:41:00,15.95, , , , 
2020-08-01 23:42:00,15.92, , , , 
2020-08-01 23:43:00,15.92, , , , 
2020-08-01 23:44:00,15.90, , , , 
2020-08-01 23:45:00,15.90, , , , 
2020-08-01 23:46:00,15.90, , , , 
2020-08-01 23:47:00,15.89, , , , 
2020-08-01 23:48:00,15.90, , , , 
2020-08-01 23:49:00,15.88, , , , 
2020-08-01 23:50:00,15.87, , , , 
2020-08-01 23:51:00,15.88, , , , 
2020-08-01 23:52:00,15.86, , , , 
2020-08-01 23:53:00,15.86, , , , 
2020-08-01 23:54:00,15.82, , , , 
2020-08-01 23:55:00,15.88, , , , 
2020-08-01 23:56:00,15.84, , , , 
2020-08-01 23:57:00,15.85, , , , 
2020-08-01 23:58:00,15.83, , , , 
2020-08-01 23:59:00,15.84, , , , 
2020-08-02 00:00:00,15.82, , , , 
2020-08-02 00:01:00,15.81, , , , 
2020-08-02 00:02:00,15.81, , , , 
2020-08-02 00:03:00,15.80, , , , 
2020-08-02 00:04:00,15.78, , , , 
2020-08-02 00:05:00,15.80, , , , 
2020-08-02 00:06:00,15.77, , , , 
2020-08-02 00:07:00,15.78, , , , 
2020-08-02 00:08:00,15.78, , , , 
2020-08-02 00:09:00,15.75, , , , 
2020-08-02 00:10:00,15.76, , , , 
2020-08-02 00:11:00,15.76, , , , 
2020-08-02 00:12:00,15.76, , , , 
2020-08-02 00:13:00,15.75, , , , 
2020-08-02 00:14:00,15.74, , , , 
2020-08-02 00:15:00,15.72, , , , 
2020-08-02 00:16:00,15.73, , , , 
2020-08-02 00:17:00,15.72, , , , 
2020-08-02 00:18:00,15.72, , , , 
2020-08-02 00:19:00,15.72, , , , 
2020-08-02 00:20:00,15.70, , , , 
2020-08-02 00:21:00,15.70, , , , 
2020-08-02 00:22:00,15.71, , , , 
2020-08-02 00:23:00,15.70, , , , 
2020-08-02 00:24:00,15.71, , , , 
2020-08-02 00:25:00,15.67, , , , 
2020-08-02 00:26:00,15.69, , , , 
2020-08-02 00:27:00,15.68, , , , 
2020-08-02 00:28:00,15.68, , , , 
2020-08-02 00:29:00,15.65, , , , 
2020-08-02 00:30:00,15.67, , , , 
2020-08-02 00:31:00,15.65, , , , 
2020-08-02 00:32:00,15.66, , , , 
2020-08-02 00:33:00,15.63, , , , 
2020-08-02 00:34:00,15.66, , , , 
2020-08-02 00:35:00,15.66, , , , 
2020-08-02 00:36:00,15.63, , , , 
2020-08-02 00:37:00,15.62, , , , 
2020-08-02 00:38:00,15.63, , , , 
2020-08-02 00:39:00,15.62, , , , 
2020-08-02 00:40:00,15.61, , , , 
2020-08-02 00:41:00,15.60, , , , 
2020-08-02 00:42:00,15.59, , , , 
2020-08-02 00:43:00,15.59, , , , 
2020-08-02 00:44:00,15.59, , , , 
2020-08-02 00:45:00,15.58, , , , 
2020-08-02 00:46:00,15.59, , , , 
2020-08-02 00:47:00,15.57, , , , 
2020-08-02 00:48:00,15.56, , , , 
2020-08-02 00:49:00,15.58, , , , 
2020-08-02 00:50:00,15.56, , , , 
2020-08-02 00:51:00,15.57, , , , 
2020-08-02 00:52:00,15.55, , , , 
2020-08-02 00:53:00,15.55, , , , 
2020-08-02 00:54:00,15.55, , , , 
2020-08-02 00:55:00,15.54, , , , 
2020-08-02 00:56:00,15.53, , , , 
2020-08-02 00:57:00,15.53, , , , 
2020-08-02 00:58:00,15.53, , , , 
2020-08-02 00:59:00,15.53, , , , 
2020-08-02 01:00:00,15.51, , , , 
2020-08-02 01:01:00,15.48, , , , 
2020-08-02 01:02:00,15.52, , , , 
2020-08-02 01:03:00,15.51, , , , 
2020-08-02 01:04:00,15.52, , , , 
2020-08-02 01:05:00,15.53, , , , 
2020-08-02 01:06:00,15.51, , , , 
2020-08-02 01:07:00,15.48, , , , 
2020-08-02 01:08:00,15.49, , , , 
2020-08-02 01:09:00,15.47, , , , 
2020-08-02 01:10:00,15.47, , , , 
2020-08-02 01:11:00,15.46, , , , 
2020-08-02 01:12:00,15.47, , , , 
2020-08-02 01:13:00,15.47, , , , 
2020-08-02 01:14:00,15.46, , , , 
2020-08-02 01:15:00,15.46, , , , 
2020-08-02 01:16:00,15.45, , , , 
2020-08-02 01:17:00,15.45, , , , 
2020-08-02 01:18:00,15.44, , , , 
2020-08-02 01:19:00,15.42, , , , 
2020-08-02 01:20:00,15.44, , , , 
2020-08-02 01:21:00,15.42, , , , 
2020-08-02 01:22:00,15.43, , , , 
2020-08-02 01:23:00,15.42, , , , 
2020-08-02 01:24:00,15.42, , , , 
2020-08-02 01:25:00,15.39, , , , 
2020-08-02 01:26:00,15.41, , , , 
2020-08-02 01:27:00,15.41, , , , 
2020-08-02 01:28:00,15.39, , , , 
2020-08-02 01:29:00,15.41, , , , 
2020-08-02 01:30:00,15.39, , , , 
2020-08-02 01:31:00,15.39, , , , 
2020-08-02 01:32:00,15.39, , , , 
2020-08-02 01:33:00,15.37, , , , 
2020-08-02 01:34:00,15.38, , , , 
2020-08-02 01:35:00,15.37, , , , 
2020-08-02 01:36:00,15.38, , , , 
2020-08-02 01:37:00,15.37, , , , 
2020-08-02 01:38:00,15.37, , , , 
2020-08-02 01:39:00,15.33, , , , 
2020-08-02 01:40:00,15.36, , , , 
2020-08-02 01:41:00,15.36, , , , 
2020-08-02 01:42:00,15.33, , , , 
2020-08-02 01:43:00,15.33, , , , 
2020-08-02 01:44:00,15.34, , , , 
2020-08-02 01:45:00,15.32, , , , 
2020-08-02 01:46:00,15.33, , , , 
2020-08-02 01:47:00,15.32, , , , 
2020-08-02 01:48:00,15.31, , , , 
2020-08-02 01:49:00,15.33, , , , 
2020-08-02 01:50:00,15.30, , , , 
2020-08-02 01:51:00,15.31, , , , 
2020-08-02 01:52:00,15.29, , , , 
2020-08-02 01:53:00,15.28, , , , 
2020-08-02 01:54:00,15.30, , , , 
2020-08-02 01:55:00,15.30, , , , 
2020-08-02 01:56:00,15.28, , , , 
2020-08-02 01:57:00,15.27, , , , 
2020-08-02 01:58:00,15.27, , , , 
2020-08-02 01:59:00,15.28, , , , 
2020-08-02 02:00:00,15.27, , , , 
2020-08-02 02:01:00,15.28, , , , 
2020-08-02 02:02:00,15.27, , , , 
2020-08-02 02:03:00,15.27, , , , 
2020-08-02 02:04:00,15.25, , , , 
2020-08-02 02:05:00,15.25, , , , 
2020-08-02 02:06:00,15.24, , , , 
2020-08-02 02:07:00,15.24, , , , 
2020-08-02 02:08:00,15.22, , , , 
2020-08-02 02:09:00,15.26, , , , 
2020-08-02 02:10:00,15.24, , , , 
2020-08-02 02:11:00,15.24, , , , 
2020-08-02 02:12:00,15.23, , , , 
2020-08-02 02:13:00,15.24, , , , 
2020-08-02 02:14:00,15.22, , , , 
2020-08-02 02:15:00,15.21, , , , 
2020-08-02 02:16:00,15.22, , , , 
2020-08-02 02:17:00,15.23, , , , 
2020-08-02 02:18:00,15.21, , , , 
2020-08-02 02:19:00,15.21, , , , 
2020-08-02 02:20:00,15.21, , , , 
2020-08-02 02:21:00,15.19, , , , 
2020-08-02 02:22:00,15.19, , , , 
2020-08-02 02:23:00,15.21, , , , 
2020-08-02 02:24:00,15.21, , , , 
2020-08-02 02:25:00,15.17, , , , 
2020-08-02 02:26:00,15.19, , , , 
2020-08-02 02:27:00,15.18, , , , 
2020-08-02 02:28:00,15.17, , , , 
2020-08-02 02:29:00,15.18, , , , 
2020-08-02 02:30:00,15.16, , , , 
2020-08-02 02:31:00,15.17, , , , 
2020-08-02 02:32:00,15.16, , , , 
2020-08-02 02:33:00,15.17, , , , 
2020-08-02 02:34:00,15.15, , , , 
2020-08-02 02:35:00,15.13, , , , 
2020-08-02 02:36:00,15.14, , , , 
2020-08-02 02:37:00,15.15, , , , 
2020-08-02 02:38:00,15.14, , , , 
2020-08-02 02:39:00,15.13, , , , 
2020-08-02 02:40:00,15.16, , , , 
2020-08-02 02:41:00,15.13, , , , 
2020-08-02 02:42:00,15.13, , , , 
2020-08-02 02:43:00,15.13, , , , 
2020-08-02 02:44:00,15.12, , , , 
2020-08-02 02:45:00,15.13, , , , 
2020-08-02 02:46:00,15.11, , , , 
2020-08-02 02:47:00,15.10, , , , 
2020-08-02 02:48:00,15.11, , , , 
2020-08-02 02:49:00,15.13, , , , 
2020-08-02 02:50:00,15.11, , , , 
2020-08-02 02:51:00,15.10, , , , 
2020-08-02 02:52:00,15.10, , , , 
2020-08-02 02:53:00,15.10, , , , 
2020-08-02 02:54:00,15.08, , , , 
2020-08-02 02:55:00,15.09, , , , 
2020-08-02 02:56:00,15.09, , , , 
2020-08-02 02:57:00,15.08, , , , 
2020-08-02 02:58:00,15.08, , , , 
2020-08-02 02:59:00,15.09, , , , 
2020-08-02 03:00:00,15.09, , , , 
2020-08-02 03:01:00,15.08, , , , 
2020-08-02 03:02:00,15.09, , , , 
2020-08-02 03:03:00,15.07, , , , 
2020-08-02 03:04:00,15.06, , , , 
2020-08-02 03:05:00,15.07, , , , 
2020-08-02 03:06:00,15.06, , , , 
2020-08-02 03:07:00,15.07, , , , 
2020-08-02 03:08:00,15.07, , , , 
2020-08-02 03:09:00,15.08, , , , 
2020-08-02 03:10:00,15.07, , , , 
2020-08-02 03:11:00,15.04, , , , 
2020-08-02 03:12:00,15.06, , , , 
2020-08-02 03:13:00,15.06, , , , 
2020-08-02 03:14:00,15.04, , , , 
2020-08-02 03:15:00,15.04, , , , 
2020-08-02 03:16:00,15.04, , , , 
2020-08-02 03:17:00,15.03, , , , 
2020-08-02 03:18:00,15.08, , , , 
2020-08-02 03:19:00,15.08, , , , 
2020-08-02 03:20:00,15.08, , , , 
2020-08-02 03:21:00,15.06, , , , 
2020-08-02 03:22:00,15.08, , , , 
2020-08-02 03:23:00,15.07, , , , 
2020-08-02 03:24:00,15.08, , , , 
2020-08-02 03:25:00,15.09, , , , 
2020-08-02 03:26:00,15.08, , , , 
2020-08-02 03:27:00,15.08, , , , 
2020-08-02 03:28:00,15.10, , , , 
2020-08-02 03:29:00,15.08, , , , 
2020-08-02 03:30:00,15.07, , , , 
2020-08-02 03:31:00,15.08, , , , 
2020-08-02 03:32:00,15.04, , , , 
2020-08-02 03:33:00,15.08, , , , 
2020-08-02 03:34:00,15.07, , , , 
2020-08-02 03:35:00,15.07, , , , 
2020-08-02 03:36:00,15.07, , , , 
2020-08-02 03:37:00,15.04, , , , 
2020-08-02 03:38:00,15.06, , , , 
2020-08-02 03:39:00,15.06, , , , 
2020-08-02 03:40:00,15.04, , , , 
2020-08-02 03:41:00,15.02, , , , 
2020-08-02 03:42:00,15.04, , , , 
2020-08-02 03:43:00,15.03, , , , 
2020-08-02 03:44:00,15.02, , , , 
2020-08-02 03:45:00,15.04, , , , 
2020-08-02 03:46:00,15.03, , , , 
2020-08-02 03:47:00,15.03, , , , 
2020-08-02 03:48:00,15.06, , , , 
2020-08-02 03:49:00,15.04, , , , 
2020-08-02 03:50:00,15.04, , , , 
2020-08-02 03:51:00,15.03, , , , 
2020-08-02 03:52:00,15.02, , , , 
2020-08-02 03:53:00,15.03, , , , 
2020-08-02 03:54:00,15.03, , , , 
2020-08-02 03:55:00,15.04, , , , 
2020-08-02 03:56:00,15.04, , , , 
2020-08-02 03:57:00,15.03, , , , 
2020-08-02 03:58:00,15.06, , , , 
2020-08-02 03:59:00,15.03, , , , 
2020-08-02 04:00:00,15.04, , , , 
2020-08-02 04:01:00,15.03, , , , 
2020-08-02 04:02:00,15.03, , , , 
2020-08-02 04:03:00,15.04, , , , 
2020-08-02 04:04:00,15.04, , , , 
2020-08-02 04:05:00,15.07, , , , 
2020-08-02 04:06:00,15.08, , , , 
2020-08-02 04:07:00,15.08, , , , 
2020-08-02 04:08:00,15.08, , , , 
2020-08-02 04:09:00,15.09, , , , 
2020-08-02 04:10:00,15.09, , , , 
2020-08-02 04:11:00,15.10, , , , 
2020-08-02 04:12:00,15.10, , , , 
2020-08-02 04:13:00,15.08, , , , 
2020-08-02 04:14:00,15.10, , , , 
2020-08-02 04:15:00,15.07, , , , 
2020-08-02 04:16:00,15.09, , , , 
2020-08-02 04:17:00,15.10, , , , 
2020-08-02 04:18:00,15.07, , , , 
2020-08-02 04:19:00,15.09, , , , 
2020-08-02 04:20:00,15.07, , , , 
2020-08-02 04:21:00,15.07, , , , 
2020-08-02 04:22:00,15.07, , , , 
2020-08-02 04:23:00,15.08, , , , 
2020-08-02 04:24:00,15.07, , , , 
2020-08-02 04:25:00,15.06, , , , 
2020-08-02 04:26:00,15.06, , , , 
2020-08-02 04:27:00,15.07, , , , 
2020-08-02 04:28:00,15.08, , , , 
2020-08-02 04:29:00,15.06, , , , 
2020-08-02 04:30:00,15.02, , , , 
2020-08-02 04:31:00,15.06, , , , 
2020-08-02 04:32:00,15.04, , , , 
2020-08-02 04:33:00,15.03, , , , 
2020-08-02 04:34:00,15.03, , , , 
2020-08-02 04:35:00,15.03, , , , 
2020-08-02 04:36:00,15.03, , , , 
2020-08-02 04:37:00,15.02, , , , 
2020-08-02 04:38:00,15.02, , , , 
2020-08-02 04:39:00,15.04, , , , 
2020-08-02 04:40:00,15.01, , , , 
2020-08-02 04:41:00,15.02, , , , 
2020-08-02 04:42:00,15.02, , , , 
2020-08-02 04:43:00,15.01, , , , 
2020-08-02 04:44:00,15.02, , , , 
2020-08-02 04:45:00,15.01, , , , 
2020-08-02 04:46:00,15.00, , , , 
2020-08-02 04:47:00,15.01, , , , 
2020-08-02 04:48:00,15.00, , , , 
2020-08-02 04:49:00,15.00, , , , 
2020-08-02 04:50:00,15.00, , , , 
2020-08-02 04:51:00,15.00, , , , 
2020-08-02 04:52:00,14.99, , , , 
2020-08-02 04:53:00,15.00, , , , 
2020-08-02 04:54:00,14.98, , , , 
2020-08-02 04:55:00,14.97, , , , 
2020-08-02 04:56:00,14.99, , , , 
2020-08-02 04:57:00,14.98, , , , 
2020-08-02 04:58:00,14.97, , , , 
2020-08-02 04:59:00,14.97, , , , 
2020-08-02 05:00:00,14.96, , , , 
2020-08-02 05:01:00,14.96, , , , 
2020-08-02 05:02:00,14.96, , , , 
2020-08-02 05:03:00,14.95, , , , 
2020-08-02 05:04:00,14.98, , , , 
2020-08-02 05:05:00,14.99, , , , 
2020-08-02 05:06:00,14.97, , , , 
2020-08-02 05:07:00,14.99, , , , 
2020-08-02 05:08:00,14.98, , , , 
2020-08-02 05:09:00,14.99, , , , 
2020-08-02 05:10:00,14.99, , , , 
2020-08-02 05:11:00,15.02, , , , 
2020-08-02 05:12:00,15.00, , , , 
2020-08-02 05:13:00,14.98, , , , 
2020-08-02 05:14:00,14.99, , , , 
2020-08-02 05:15:00,14.98, , , , 
2020-08-02 05:16:00,15.00, , , , 
2020-08-02 05:17:00,15.00, , , , 
2020-08-02 05:18:00,15.00, , , , 
2020-08-02 05:19:00,14.98, , , , 
2020-08-02 05:20:00,14.98, , , , 
2020-08-02 05:21:00,15.00, , , , 
2020-08-02 05:22:00,14.98, , , , 
2020-08-02 05:23:00,14.97, , , , 
2020-08-02 05:24:00,15.00, , , , 
2020-08-02 05:25:00,14.97, , , , 
2020-08-02 05:26:00,14.97, , , , 
2020-08-02 05:27:00,14.99, , , , 
2020-08-02 05:28:00,14.97, , , , 
2020-08-02 05:29:00,14.97, , , , 
2020-08-02 05:30:00,14.97, , , , 
2020-08-02 05:31:00,14.98, , , , 
2020-08-02 05:32:00,14.98, , , , 
2020-08-02 05:33:00,14.99, , , , 
2020-08-02 05:34:00,15.01, , , , 
2020-08-02 05:35:00,14.99, , , , 
2020-08-02 05:36:00,15.01, , , , 
2020-08-02 05:37:00,15.01, , , , 
2020-08-02 05:38:00,15.00, , , , 
2020-08-02 05:39:00,15.00, , , , 
2020-08-02 05:40:00,15.00, , , , 
2020-08-02 05:41:00,15.01, , , , 
2020-08-02 05:42:00,15.02, , , , 
2020-08-02 05:43:00,15.01, , , , 
2020-08-02 05:44:00,15.02, , , , 
2020-08-02 05:45:00,15.00, , , , 
2020-08-02 05:46:00,15.01, , , , 
2020-08-02 05:47:00,15.00, , , , 
2020-08-02 05:48:00,14.98, , , , 
2020-08-02 05:49:00,14.99, , , , 
2020-08-02 05:50:00,15.00, , , , 
2020-08-02 05:51:00,15.00, , , , 
2020-08-02 05:52:00,14.99, , , , 
2020-08-02 05:53:00,14.98, , , , 
2020-08-02 05:54:00,14.99, , , , 
2020-08-02 05:55:00,14.99, , , , 
2020-08-02 05:56:00,14.97, , , , 
2020-08-02 05:57:00,14.98, , , , 
2020-08-02 05:58:00,14.98, , , , 
2020-08-02 05:59:00,14.98, , , , 
2020-08-02 06:00:00,14.96, , , , 
2020-08-02 06:01:00,14.96, , , , 
2020-08-02 06:02:00,14.98, , , , 
2020-08-02 06:03:00,15.00, , , , 
2020-08-02 06:04:00,15.00, , , , 
2020-08-02 06:05:00,15.00, , , , 
2020-08-02 06:06:00,15.00, , , , 
2020-08-02 06:07:00,15.01, , , , 
2020-08-02 06:08:00,15.00, , , , 
2020-08-02 06:09:00,15.01, , , , 
2020-08-02 06:10:00,15.00, , , , 
2020-08-02 06:11:00,15.01, , , , 
2020-08-02 06:12:00,14.99, , , , 
2020-08-02 06:13:00,14.99, , , , 
2020-08-02 06:14:00,15.01, , , , 
2020-08-02 06:15:00,15.00, , , , 
2020-08-02 06:16:00,15.00, , , , 
2020-08-02 06:17:00,15.00, , , , 
2020-08-02 06:18:00,15.00, , , , 
2020-08-02 06:19:00,15.00, , , , 
2020-08-02 06:20:00,15.00, , , , 
2020-08-02 06:21:00,14.99, , , , 
2020-08-02 06:22:00,14.99, , , , 
2020-08-02 06:23:00,14.97, , , , 
2020-08-02 06:24:00,14.98, , , , 
2020-08-02 06:25:00,15.00, , , , 
2020-08-02 06:26:00,14.98, , , , 
2020-08-02 06:27:00,14.99, , , , 
2020-08-02 06:28:00,14.99, , , , 
2020-08-02 06:29:00,14.96, , , , 
2020-08-02 06:30:00,14.96, , , , 
2020-08-02 06:31:00,14.96, , , , 
2020-08-02 06:32:00,14.97, , , , 
2020-08-02 06:33:00,14.99, , , , 
2020-08-02 06:34:00,15.00, , , , 
2020-08-02 06:35:00,15.00, , , , 
2020-08-02 06:36:00,14.99, , , , 
2020-08-02 06:37:00,15.00, , , , 
2020-08-02 06:38:00,14.99, , , , 
2020-08-02 06:39:00,14.98, , , , 
2020-08-02 06:40:00,15.00, , , , 
2020-08-02 06:41:00,15.00, , , , 
2020-08-02 06:42:00,14.99, , , , 
2020-08-02 06:43:00,15.00, , , , 
2020-08-02 06:44:00,14.98, , , , 
2020-08-02 06:45:00,15.00, , , , 
2020-08-02 06:46:00,14.97, , , , 
2020-08-02 06:47:00,15.00, , , , 
2020-08-02 06:48:00,14.98, , , , 
2020-08-02 06:49:00,14.97, , , , 
2020-08-02 06:50:00,14.98, , , , 
2020-08-02 06:51:00,14.99, , , , 
2020-08-02 06:52:00,14.99, , , , 
2020-08-02 06:53:00,14.99, , , , 
2020-08-02 06:54:00,14.97, , , , 
2020-08-02 06:55:00,14.96, , , , 
2020-08-02 06:56:00,14.96, , , , 
2020-08-02 06:57:00,14.96, , , , 
2020-08-02 06:58:00,14.97, , , , 
2020-08-02 06:59:00,15.00, , , , 
2020-08-02 07:00:00,14.98, , , , 
2020-08-02 07:01:00,15.03, , , , 
2020-08-02 07:02:00,15.07, , , , 
2020-08-02 07:03:00,15.11, , , , 
2020-08-02 07:04:00,15.13, , , , 
2020-08-02 07:05:00,15.17, , , , 
2020-08-02 07:06:00,15.19, , , , 
2020-08-02 07:07:00,15.25, , , , 
2020-08-02 07:08:00,15.26, , , , 
2020-08-02 07:09:00,15.32, , , , 
2020-08-02 07:10:00,15.33, , , , 
2020-08-02 07:11:00,15.41, , , , 
2020-08-02 07:12:00,15.43, , , , 
2020-08-02 07:13:00,15.49, , , , 
2020-08-02 07:14:00,15.53, , , , 
2020-08-02 07:15:00,15.57, , , , 
2020-08-02 07:16:00,15.59, , , , 
2020-08-02 07:17:00,15.63, , , , 
2020-08-02 07:18:00,15.69, , , , 
2020-08-02 07:19:00,15.72, , , , 
2020-08-02 07:20:00,15.77, , , , 
2020-08-02 07:21:00,15.82, , , , 
2020-08-02 07:22:00,15.87, , , , 
2020-08-02 07:23:00,15.90, , , , 
2020-08-02 07:24:00,15.95, , , , 
2020-08-02 07:25:00,15.98, , , , 
2020-08-02 07:26:00,16.02, , , , 
2020-08-02 07:27:00,16.07, , , , 
2020-08-02 07:28:00,16.13, , , , 
2020-08-02 07:29:00,16.18, , , , 
2020-08-02 07:30:00,16.18, , , , 
2020-08-02 07:31:00,16.26, , , , 
2020-08-02 07:32:00,16.31, , , , 
2020-08-02 07:33:00,16.33, , , , 
2020-08-02 07:34:00,16.35, , , , 
2020-08-02 07:35:00,16.42, , , , 
2020-08-02 07:36:00,16.46, , , , 
2020-08-02 07:37:00,16.51, , , , 
2020-08-02 07:38:00,16.52, , , , 
2020-08-02 07:39:00,16.58, , , , 
2020-08-02 07:40:00,16.63, , , , 
2020-08-02 07:41:00,16.65, , , , 
2020-08-02 07:42:00,16.70, , , , 
2020-08-02 07:43:00,16.74, , , , 
2020-08-02 07:44:00,16.78, , , , 
2020-08-02 07:45:00,16.82, , , , 
2020-08-02 07:46:00,16.86, , , , 
2020-08-02 07:47:00,16.91, , , , 
2020-08-02 07:48:00,16.93, , , , 
2020-08-02 07:49:00,17.01, , , , 
2020-08-02 07:50:00,17.03, , , , 
2020-08-02 07:51:00,17.07, , , , 
2020-08-02 07:52:00,17.09, , , , 
2020-08-02 07:53:00,17.13, , , , 
2020-08-02 07:54:00,17.18, , , , 
2020-08-02 07:55:00,17.22, , , , 
2020-08-02 07:56:00,17.30, , , , 
2020-08-02 07:57:00,17.30, , , , 
2020-08-02 07:58:00,17.34, , , , 
2020-08-02 07:59:00,17.39, , , , 
2020-08-02 08:00:00,17.43, , , , 
2020-08-02 08:01:00,17.46, , , , 
2020-08-02 08:02:00,17.50, , , , 
2020-08-02 08:03:00,17.52, , , , 
2020-08-02 08:04:00,17.55, , , , 
2020-08-02 08:05:00,17.61, , , , 
2020-08-02 08:06:00,17.65, , , , 
2020-08-02 08:07:00,17.69, , , , 
2020-08-02 08:08:00,17.73, , , , 
2020-08-02 08:09:00,17.76, , , , 
2020-08-02 08:10:00,17.80, , , , 
2020-08-02 08:11:00,17.84, , , , 
2020-08-02 08:12:00,17.88, , , , 
2020-08-02 08:13:00,17.90, , , , 
2020-08-02 08:14:00,17.94, , , , 
2020-08-02 08:15:00,17.97, , , , 
2020-08-02 08:16:00,18.02, , , , 
2020-08-02 08:17:00,18.04, , , , 
2020-08-02 08:18:00,18.08, , , , 
2020-08-02 08:19:00,18.12, , , , 
2020-08-02 08:20:00,18.15, , , , 
2020-08-02 08:21:00,18.20, , , , 
2020-08-02 08:22:00,18.23, , , , 
2020-08-02 08:23:00,18.26, , , , 
2020-08-02 08:24:00,18.30, , , , 
2020-08-02 08:25:00,18.34, , , , 
2020-08-02 08:26:00,18.38, , , , 
2020-08-02 08:27:00,18.42, , , , 
2020-08-02 08:28:00,18.44, , , , 
2020-08-02 08:29:00,18.48, , , , 
2020-08-02 08:30:00,18.53, , , , 
2020-08-02 08:31:00,18.57, , , , 
2020-08-02 08:32:00,18.61, , , , 
2020-08-02 08:33:00,18.62, , , , 
2020-08-02 08:34:00,18.68, , , , 
2020-08-02 08:35:00,18.71, , , , 
2020-08-02 08:36:00,18.73, , , , 
2020-08-02 08:37:00,18.79, , , , 
2020-08-02 08:38:00,18.80, , , , 
2020-08-02 08:39:00,18.85, , , , 
2020-08-02 08:40:00,18.89, , , , 
2020-08-02 08:41:00,18.89, , , , 
2020-08-02 08:42:00,18.92, , , , 
2020-08-02 08:43:00,18.92, , , , 
2020-08-02 08:44:00,18.94, , , , 
2020-08-02 08:45:00,18.95, , , , 
2020-08-02 08:46:00,18.93, , , , 
2020-08-02 08:47:00,18.92, , , , 
2020-08-02 08:48:00,18.92, , , , 
2020-08-02 08:49:00,18.91, , , , 
2020-08-02 08:50:00,18.94, , , , 
2020-08-02 08:51:00,18.97, , , , 
2020-08-02 08:52:00,18.95, , , , 
2020-08-02 08:53:00,18.96, , , , 
2020-08-02 08:54:00,18.95, , , , 
2020-08-02 08:55:00,18.94, , , , 
2020-08-02 08:56:00,18.94, , , , 
2020-08-02 08:57:00,18.94, , , , 
2020-08-02 08:58:00,18.95, , , , 
2020-08-02 08:59:00,18.95, , , , 
2020-08-02 09:00:00,18.98, , , , 
2020-08-02 09:01:00,18.98, , , , 
2020-08-02 09:02:00,18.97, , , , 
2020-08-02 09:03:00,18.97, , , , 
2020-08-02 09:04:00,18.96, , , , 
2020-08-02 09:05:00,18.95, , , , 
2020-08-02 09:06:00,18.93, , , , 
2020-08-02 09:07:00,18.94, , , , 
2020-08-02 09:08:00,18.95, , , , 
2020-08-02 09:09:00,18.97, , , , 
2020-08-02 09:10:00,18.98, , , , 
2020-08-02 09:11:00,18.98, , , , 
2020-08-02 09:12:00,19.00, , , , 
2020-08-02 09:13:00,18.98, , , , 
2020-08-02 09:14:00,18.96, , , , 
2020-08-02 09:15:00,18.94, , , , 
2020-08-02 09:16:00,18.96, , , , 
2020-08-02 09:17:00,18.94, , , , 
2020-08-02 09:18:00,18.95, , , , 
2020-08-02 09:19:00,18.96, , , , 
2020-08-02 09:20:00,18.98, , , , 
2020-08-02 09:21:00,18.97, , , , 
2020-08-02 09:22:00,18.97, , , , 
2020-08-02 09:23:00,18.98, , , , 
2020-08-02 09:24:00,18.97, , , , 
2020-08-02 09:25:00,18.97, , , , 
2020-08-02 09:26:00,18.96, , , , 
2020-08-02 09:27:00,18.94, , , , 
2020-08-02 09:28:00,18.95, , , , 
2020-08-02 09:29:00,18.95, , , , 
2020-08-02 09:30:00,18.96, , , , 
2020-08-02 09:31:00,18.97, , , , 
2020-08-02 09:32:00,18.98, , , , 
2020-08-02 09:33:00,18.98, , , , 
2020-08-02 09:34:00,18.99, , , , 
2020-08-02 09:35:00,18.97, , , , 
2020-08-02 09:36:00,18.98, , , , 
2020-08-02 09:37:00,18.95, , , , 
2020-08-02 09:38:00,18.96, , , , 
2020-08-02 09:39:00,18.94, , , , 
2020-08-02 09:40:00,18.95, , , , 
2020-08-02 09:41:00,18.96, , , , 
2020-08-02 09:42:00,18.97, , , , 
2020-08-02 09:43:00,18.98, , , , 
2020-08-02 09:44:00,18.97, , , , 
2020-08-02 09:45:00,18.97, , , , 
2020-08-02 09:46:00,18.97, , , , 
2020-08-02 09:47:00,18.97, , , , 
2020-08-02 09:48:00,18.97, , , , 
2020-08-02 09:49:00,18.95, , , , 
2020-08-02 09:50:00,18.95, , , , 
2020-08-02 09:51:00,18.95, , , , 
2020-08-02 09:52:00,18.94, , , , 
2020-08-02 09:53:00,18.97, , , , 
2020-08-02 09:54:00,18.99, , , , 
2020-08-02 09:55:00,18.98, , , , 
2020-08-02 09:56:00,18.98, , , , 
2020-08-02 09:57:00,18.99, , , , 
2020-08-02 09:58:00,18.97, , , , 
2020-08-02 09:59:00,18.97, , , , 
2020-08-02 10:00:00,18.97, , , , 
2020-08-02 10:01:00,18.94, , , , 
2020-08-02 10:02:00,18.94, , , , 
2020-08-02 10:03:00,18.95, , , , 
2020-08-02 10:04:00,18.96, , , , 
2020-08-02 10:05:00,18.99, , , , 
2020-08-02 10:06:00,18.99, , , , 
2020-08-02 10:07:00,18.99, , , , 
2020-08-02 10:08:00,19.04, , , , 
2020-08-02 10:09:00,19.04, , , , 
2020-08-02 10:10:00,19.08, , , , 
2020-08-02 10:11:00,19.11, , , , 
2020-08-02 10:12:00,19.14, , , , 
2020-08-02 10:13:00,19.16, , , , 
2020-08-02 10:14:00,19.22, , , , 
2020-08-02 10:15:00,19.22, , , , 
2020-08-02 10:16:00,19.25, , , , 
2020-08-02 10:17:00,19.27, , , , 
2020-08-02 10:18:00,19.31, , , , 
2020-08-02 10:19:00,19.33, , , , 
2020-08-02 10:20:00,19.37, , , , 
2020-08-02 10:21:00,19.39, , , , 
2020-08-02 10:22:00,19.42, , , , 
2020-08-02 10:23:00,19.45, , , , 
2020-08-02 10:24:00,19.47, , , , 
2020-08-02 10:25:00,19.51, , , , 
2020-08-02 10:26:00,19.56, , , , 
2020-08-02 10:27:00,19.59, , , , 
2020-08-02 10:28:00,19.62, , , , 
2020-08-02 10:29:00,19.63, , , , 
2020-08-02 10:30:00,19.67, , , , 
2020-08-02 10:31:00,19.69, , , , 
2020-08-02 10:32:00,19.73, , , , 
2020-08-02 10:33:00,19.75, , , , 
2020-08-02 10:34:00,19.79, , , , 
2020-08-02 10:34:40, ,Logged,Logged, , 
2020-08-02 10:35:00,19.83, , , , 
2020-08-02 10:36:00,19.86, , , , 
2020-08-02 10:37:00,19.88, , , , 
2020-08-02 10:38:00,19.89, , , , 
2020-08-02 10:39:00,19.96, , , , 
2020-08-02 10:40:00,19.96, , , , 
2020-08-02 10:41:00,19.99, , , , 
2020-08-02 10:42:00,20.01, , , , 
2020-08-02 10:43:00,20.03, , , , 
2020-08-02 10:44:00,20.03, , , , 
2020-08-02 10:45:00,20.10, , , , 
2020-08-02 10:46:00,20.10, , , , 
2020-08-02 10:47:00,20.13, , , , 
2020-08-02 10:48:00,20.16, , , , 
2020-08-02 10:49:00,20.18, , , , 
2020-08-02 10:50:00,20.19, , , , 
2020-08-02 10:51:00,20.24, , , , 
2020-08-02 10:52:00,20.24, , , , 
2020-08-02 10:53:00,20.27, , , , 
2020-08-02 10:54:00,20.30, , , , 
2020-08-02 10:55:00,20.33, , , , 
2020-08-02 10:56:00,20.39, , , , 
2020-08-02 10:57:00,20.39, , , , 
2020-08-02 10:58:00,20.39, , , , 
2020-08-02 10:59:00,20.45, , , , 
2020-08-02 11:00:00,20.44, , , , 
2020-08-02 11:01:00,20.47, , , , 
2020-08-02 11:02:00,20.49, , , , 
2020-08-02 11:03:00,20.55, , , , 
2020-08-02 11:04:00,20.56, , , , 
2020-08-02 11:05:00,20.58, , , , 
2020-08-02 11:06:00,20.58, , , , 
2020-08-02 11:07:00,20.58, , , , 
2020-08-02 11:08:00,20.58, , , , 
2020-08-02 11:09:00,20.57, , , , 
2020-08-02 11:10:00,20.59, , , , 
2020-08-02 11:11:00,20.60, , , , 
2020-08-02 11:12:00,20.62, , , , 
2020-08-02 11:13:00,20.63, , , , 
2020-08-02 11:14:00,20.64, , , , 
2020-08-02 11:15:00,20.61, , , , 
2020-08-02 11:16:00,20.62, , , , 
2020-08-02 11:17:00,20.62, , , , 
2020-08-02 11:18:00,20.63, , , , 
2020-08-02 11:19:00,20.62, , , , 
2020-08-02 11:20:00,20.60, , , , 
2020-08-02 11:21:00,20.62, , , , 
2020-08-02 11:22:00,20.62, , , , 
2020-08-02 11:23:00,20.65, , , , 
2020-08-02 11:24:00,20.64, , , , 
2020-08-02 11:25:00,20.63, , , , 
2020-08-02 11:26:00,20.64, , , , 
2020-08-02 11:27:00,20.63, , , , 
2020-08-02 11:28:00,20.63, , , , 
2020-08-02 11:29:00,20.65, , , , 
2020-08-02 11:30:00,20.62, , , , 
2020-08-02 11:31:00,20.64, , , , 
2020-08-02 11:32:00,20.65, , , , 
2020-08-02 11:33:00,20.68, , , , 
2020-08-02 11:34:00,20.65, , , , 
2020-08-02 11:35:00,20.64, , , , 
2020-08-02 11:36:00,20.64, , , , 
2020-08-02 11:37:00,20.63, , , , 
2020-08-02 11:38:00,20.62, , , , 
2020-08-02 11:39:00,20.62, , , , 
2020-08-02 11:40:00,20.62, , , , 
2020-08-02 11:41:00,20.63, , , , 
2020-08-02 11:42:00,20.65, , , , 
2020-08-02 11:43:00,20.65, , , , 
2020-08-02 11:44:00,20.68, , , , 
2020-08-02 11:45:00,20.64, , , , 
2020-08-02 11:46:00,20.64, , , , 
2020-08-02 11:47:00,20.64, , , , 
2020-08-02 11:48:00,20.62, , , , 
2020-08-02 11:49:00,20.64, , , , 
2020-08-02 11:50:00,20.64, , , , 
2020-08-02 11:51:00,20.64, , , , 
2020-08-02 11:52:00,20.64, , , , 
2020-08-02 11:53:00,20.65, , , , 
2020-08-02 11:54:00,20.68, , , , 
2020-08-02 11:55:00,20.64, , , , 
2020-08-02 11:56:00,20.65, , , , 
2020-08-02 11:57:00,20.62, , , , 
2020-08-02 11:58:00,20.64, , , , 
2020-08-02 11:59:00,20.62, , , , 
2020-08-02 12:00:00,20.64, , , , 
2020-08-02 12:01:00,20.66, , , , 
2020-08-02 12:02:00,20.66, , , , 
2020-08-02 12:03:00,20.69, , , , 
2020-08-02 12:04:00,20.68, , , , 
2020-08-02 12:05:00,20.66, , , , 
2020-08-02 12:06:00,20.64, , , , 
2020-08-02 12:07:00,20.63, , , , 
2020-08-02 12:08:00,20.63, , , , 
2020-08-02 12:09:00,20.64, , , , 
2020-08-02 12:10:00,20.64, , , , 
2020-08-02 12:11:00,20.68, , , , 
2020-08-02 12:12:00,20.66, , , , 
2020-08-02 12:13:00,20.64, , , , 
2020-08-02 12:14:00,20.65, , , , 
2020-08-02 12:15:00,20.65, , , , 
2020-08-02 12:16:00,20.62, , , , 
2020-08-02 12:17:00,20.64, , , , 
2020-08-02 12:18:00,20.63, , , , 
2020-08-02 12:19:00,20.64, , , , 
2020-08-02 12:20:00,20.64, , , , 
2020-08-02 12:21:00,20.65, , , , 
2020-08-02 12:22:00,20.66, , , , 
2020-08-02 12:23:00,20.66, , , , 
2020-08-02 12:24:00,20.66, , , , 
2020-08-02 12:25:00,20.63, , , , 
2020-08-02 12:26:00,20.64, , , , 
2020-08-02 12:27:00,20.61, , , , 
2020-08-02 12:28:00,20.63, , , , 
2020-08-02 12:29:00,20.63, , , , 
2020-08-02 12:30:00,20.64, , , , 
2020-08-02 12:31:00,20.66, , , , 
2020-08-02 12:32:00,20.69, , , , 
2020-08-02 12:33:00,20.65, , , , 
2020-08-02 12:34:00,20.66, , , , 
2020-08-02 12:35:00,20.63, , , , 
2020-08-02 12:36:00,20.63, , , , 
2020-08-02 12:37:00,20.62, , , , 
2020-08-02 12:38:00,20.64, , , , 
2020-08-02 12:39:00,20.65, , , , 
2020-08-02 12:40:00,20.65, , , , 
2020-08-02 12:41:00,20.69, , , , 
2020-08-02 12:42:00,20.66, , , , 
2020-08-02 12:43:00,20.63, , , , 
2020-08-02 12:44:00,20.64, , , , 
2020-08-02 12:45:00,20.61, , , , 
2020-08-02 12:46:00,20.62, , , , 
2020-08-02 12:47:00,20.63, , , , 
2020-08-02 12:48:00,20.66, , , , 
2020-08-02 12:49:00,20.66, , , , 
2020-08-02 12:50:00,20.68, , , , 
2020-08-02 12:51:00,20.68, , , , 
2020-08-02 12:52:00,20.68, , , , 
2020-08-02 12:53:00,20.66, , , , 
2020-08-02 12:54:00,20.63, , , , 
2020-08-02 12:55:00,20.62, , , , 
2020-08-02 12:56:00,20.63, , , , 
2020-08-02 12:57:00,20.64, , , , 
2020-08-02 12:58:00,20.66, , , , 
2020-08-02 12:59:00,20.66, , , , 
2020-08-02 13:00:00,20.65, , , , 
2020-08-02 13:01:00,20.66, , , , 
2020-08-02 13:02:00,20.65, , , , 
2020-08-02 13:03:00,20.66, , , , 
2020-08-02 13:04:00,20.62, , , , 
2020-08-02 13:05:00,20.63, , , , 
2020-08-02 13:06:00,20.64, , , , 
2020-08-02 13:07:00,20.63, , , , 
2020-08-02 13:08:00,20.65, , , , 
2020-08-02 13:09:00,20.66, , , , 
2020-08-02 13:10:00,20.68, , , , 
2020-08-02 13:11:00,20.65, , , , 
2020-08-02 13:12:00,20.64, , , , 
2020-08-02 13:13:00,20.62, , , , 
2020-08-02 13:14:00,20.66, , , , 
2020-08-02 13:15:00,20.63, , , , 
2020-08-02 13:16:00,20.64, , , , 
2020-08-02 13:17:00,20.61, , , , 
2020-08-02 13:18:00,20.64, , , , 
2020-08-02 13:19:00,20.65, , , , 
2020-08-02 13:20:00,20.68, , , , 
2020-08-02 13:21:00,20.65, , , , 
2020-08-02 13:22:00,20.66, , , , 
2020-08-02 13:23:00,20.66, , , , 
2020-08-02 13:24:00,20.64, , , , 
2020-08-02 13:25:00,20.63, , , , 
2020-08-02 13:26:00,20.64, , , , 
2020-08-02 13:27:00,20.64, , , , 
2020-08-02 13:28:00,20.68, , , , 
2020-08-02 13:29:00,20.69, , , , 
2020-08-02 13:30:00,20.66, , , , 
2020-08-02 13:31:00,20.66, , , , 
2020-08-02 13:32:00,20.64, , , , 
2020-08-02 13:33:00,20.65, , , , 
2020-08-02 13:34:00,20.64, , , , 
2020-08-02 13:35:00,20.64, , , , 
2020-08-02 13:36:00,20.63, , , , 
2020-08-02 13:37:00,20.66, , , , 
2020-08-02 13:38:00,20.68, , , , 
2020-08-02 13:39:00,20.69, , , , 
2020-08-02 13:40:00,20.68, , , , 
2020-08-02 13:41:00,20.69, , , , 
2020-08-02 13:42:00,20.71, , , , 
2020-08-02 13:43:00,20.72, , , , 
2020-08-02 13:44:00,20.70, , , , 
2020-08-02 13:45:00,20.70, , , , 
2020-08-02 13:46:00,20.69, , , , 
2020-08-02 13:47:00,20.68, , , , 
2020-08-02 13:48:00,20.69, , , , 
2020-08-02 13:49:00,20.72, , , , 
2020-08-02 13:50:00,20.69, , , , 
2020-08-02 13:51:00,20.72, , , , 
2020-08-02 13:52:00,20.72, , , , 
2020-08-02 13:53:00,20.71, , , , 
2020-08-02 13:54:00,20.72, , , , 
2020-08-02 13:55:00,20.70, , , , 
2020-08-02 13:56:00,20.70, , , , 
2020-08-02 13:57:00,20.69, , , , 
2020-08-02 13:58:00,20.70, , , , 
2020-08-02 13:59:00,20.72, , , , 
2020-08-02 14:00:00,20.74, , , , 
2020-08-02 14:01:00,20.74, , , , 
2020-08-02 14:02:00,20.72, , , , 
2020-08-02 14:03:00,20.72, , , , 
2020-08-02 14:04:00,20.72, , , , 
2020-08-02 14:05:00,20.71, , , , 
2020-08-02 14:06:00,20.68, , , , 
2020-08-02 14:07:00,20.68, , , , 
2020-08-02 14:08:00,20.65, , , , 
2020-08-02 14:09:00,20.66, , , , 
2020-08-02 14:10:00,20.65, , , , 
2020-08-02 14:11:00,20.66, , , , 
2020-08-02 14:12:00,20.69, , , , 
2020-08-02 14:13:00,20.68, , , , 
2020-08-02 14:14:00,20.69, , , , 
2020-08-02 14:15:00,20.69, , , , 
2020-08-02 14:16:00,20.68, , , , 
2020-08-02 14:17:00,20.68, , , , 
2020-08-02 14:18:00,20.64, , , , 
2020-08-02 14:19:00,20.64, , , , 
2020-08-02 14:20:00,20.64, , , , 
2020-08-02 14:21:00,20.65, , , , 
2020-08-02 14:22:00,20.64, , , , 
2020-08-02 14:23:00,20.66, , , , 
2020-08-02 14:24:00,20.68, , , , 
2020-08-02 14:25:00,20.68, , , , 
2020-08-02 14:26:00,20.69, , , , 
2020-08-02 14:27:00,20.66, , , , 
2020-08-02 14:28:00,20.66, , , , 
2020-08-02 14:29:00,20.64, , , , 
2020-08-02 14:30:00,20.66, , , , 
2020-08-02 14:30:26, ,Logged, , , 
2020-08-02 14:30:27, , ,Logged, , 
2020-08-02 14:31:00,20.64, , , , 
2020-08-02 14:32:00,20.64, , , , 
2020-08-02 14:33:00,20.65, , , , 
2020-08-02 14:34:00,20.63, , , , 
2020-08-02 14:35:00,20.62, , , , 
2020-08-02 14:36:00,20.60, , , , 
2020-08-02 14:37:00,20.58, , , , 
2020-08-02 14:38:00,20.57, , , , 
2020-08-02 14:39:00,20.55, , , , 
2020-08-02 14:40:00,20.54, , , , 
2020-08-02 14:41:00,20.51, , , , 
2020-08-02 14:42:00,20.47, , , , 
2020-08-02 14:43:00,20.47, , , , 
2020-08-02 14:44:00,20.44, , , , 
2020-08-02 14:45:00,20.43, , , , 
2020-08-02 14:46:00,20.40, , , , 
2020-08-02 14:47:00,20.40, , , , 
2020-08-02 14:48:00,20.41, , , , 
2020-08-02 14:49:00,20.42, , , , 
2020-08-02 14:50:00,20.43, , , , 
2020-08-02 14:51:00,20.44, , , , 
2020-08-02 14:52:00,20.43, , , , 
2020-08-02 14:53:00,20.43, , , , 
2020-08-02 14:54:00,20.44, , , , 
2020-08-02 14:55:00,20.42, , , , 
2020-08-02 14:56:00,20.40, , , , 
2020-08-02 14:57:00,20.37, , , , 
2020-08-02 14:58:00,20.39, , , , 
2020-08-02 14:59:00,20.40, , , , 
2020-08-02 15:00:00,20.41, , , , 
2020-08-02 15:01:00,20.40, , , , 
2020-08-02 15:02:00,20.43, , , , 
2020-08-02 15:03:00,20.42, , , , 
2020-08-02 15:04:00,20.41, , , , 
2020-08-02 15:05:00,20.43, , , , 
2020-08-02 15:06:00,20.40, , , , 
2020-08-02 15:07:00,20.40, , , , 
2020-08-02 15:08:00,20.37, , , , 
2020-08-02 15:09:00,20.35, , , , 
2020-08-02 15:10:00,20.36, , , , 
2020-08-02 15:11:00,20.32, , , , 
2020-08-02 15:12:00,20.31, , , , 
2020-08-02 15:13:00,20.30, , , , 
2020-08-02 15:14:00,20.28, , , , 
2020-08-02 15:15:00,20.25, , , , 
2020-08-02 15:16:00,20.24, , , , 
2020-08-02 15:17:00,20.22, , , , 
2020-08-02 15:18:00,20.20, , , , 
2020-08-02 15:19:00,20.17, , , , 
2020-08-02 15:20:00,20.14, , , , 
2020-08-02 15:21:00,20.13, , , , 
2020-08-02 15:22:00,20.11, , , , 
2020-08-02 15:23:00,20.10, , , , 
2020-08-02 15:24:00,20.05, , , , 
2020-08-02 15:25:00,20.03, , , , 
2020-08-02 15:26:00,20.03, , , , 
2020-08-02 15:27:00,20.00, , , , 
2020-08-02 15:28:00,19.99, , , , 
2020-08-02 15:29:00,19.97, , , , 
2020-08-02 15:30:00,19.96, , , , 
2020-08-02 15:31:00,19.92, , , , 
2020-08-02 15:32:00,19.90, , , , 
2020-08-02 15:33:00,19.87, , , , 
2020-08-02 15:34:00,19.86, , , , 
2020-08-02 15:35:00,19.83, , , , 
2020-08-02 15:36:00,19.82, , , , 
2020-08-02 15:37:00,19.80, , , , 
2020-08-02 15:38:00,19.76, , , , 
2020-08-02 15:39:00,19.76, , , , 
2020-08-02 15:40:00,19.72, , , , 
2020-08-02 15:41:00,19.71, , , , 
2020-08-02 15:42:00,19.71, , , , 
2020-08-02 15:43:00,19.69, , , , 
2020-08-02 15:44:00,19.67, , , , 
2020-08-02 15:45:00,19.63, , , , 
2020-08-02 15:46:00,19.63, , , , 
2020-08-02 15:47:00,19.60, , , , 
2020-08-02 15:48:00,19.59, , , , 
2020-08-02 15:49:00,19.57, , , , 
2020-08-02 15:50:00,19.54, , , , 
2020-08-02 15:51:00,19.53, , , , 
2020-08-02 15:52:00,19.52, , , , 
2020-08-02 15:53:00,19.50, , , , 
2020-08-02 15:54:00,19.47, , , , 
2020-08-02 15:55:00,19.44, , , , 
2020-08-02 15:56:00,19.45, , , , 
2020-08-02 15:57:00,19.44, , , , 
2020-08-02 15:58:00,19.39, , , , 
2020-08-02 15:59:00,19.38, , , , 
2020-08-02 16:00:00,19.35, , , , 
2020-08-02 16:01:00,19.32, , , , 
2020-08-02 16:02:00,19.33, , , , 
2020-08-02 16:03:00,19.29, , , , 
2020-08-02 16:04:00,19.29, , , , 
2020-08-02 16:05:00,19.26, , , , 
2020-08-02 16:06:00,19.25, , , , 
2020-08-02 16:07:00,19.24, , , , 
2020-08-02 16:08:00,19.21, , , , 
2020-08-02 16:09:00,19.18, , , , 
2020-08-02 16:10:00,19.18, , , , 
2020-08-02 16:11:00,19.18, , , , 
2020-08-02 16:12:00,19.15, , , , 
2020-08-02 16:13:00,19.12, , , , 
2020-08-02 16:14:00,19.12, , , , 
2020-08-02 16:15:00,19.09, , , , 
2020-08-02 16:16:00,19.07, , , , 
2020-08-02 16:17:00,19.07, , , , 
2020-08-02 16:18:00,19.04, , , , 
2020-08-02 16:19:00,19.03, , , , 
2020-08-02 16:20:00,19.01, , , , 
2020-08-02 16:21:00,19.00, , , , 
2020-08-02 16:22:00,18.97, , , , 
2020-08-02 16:23:00,18.95, , , , 
2020-08-02 16:24:00,18.97, , , , 
2020-08-02 16:25:00,18.94, , , , 
2020-08-02 16:26:00,18.91, , , , 
2020-08-02 16:27:00,18.91, , , , 
2020-08-02 16:28:00,18.88, , , , 
2020-08-02 16:29:00,18.85, , , , 
2020-08-02 16:30:00,18.86, , , , 
2020-08-02 16:31:00,18.83, , , , 
2020-08-02 16:32:00,18.83, , , , 
2020-08-02 16:33:00,18.79, , , , 
2020-08-02 16:34:00,18.79, , , , 
2020-08-02 16:35:00,18.77, , , , 
2020-08-02 16:36:00,18.76, , , , 
2020-08-02 16:37:00,18.72, , , , 
2020-08-02 16:38:00,18.70, , , , 
2020-08-02 16:39:00,18.70, , , , 
2020-08-02 16:40:00,18.70, , , , 
2020-08-02 16:41:00,18.68, , , , 
2020-08-02 16:42:00,18.66, , , , 
2020-08-02 16:43:00,18.63, , , , 
2020-08-02 16:44:00,18.63, , , , 
2020-08-02 16:45:00,18.62, , , , 
2020-08-02 16:46:00,18.57, , , , 
2020-08-02 16:47:00,18.56, , , , 
2020-08-02 16:48:00,18.54, , , , 
2020-08-02 16:49:00,18.56, , , , 
2020-08-02 16:50:00,18.54, , , , 
2020-08-02 16:51:00,18.55, , , , 
2020-08-02 16:52:00,18.51, , , , 
2020-08-02 16:53:00,18.48, , , , 
2020-08-02 16:54:00,18.48, , , , 
2020-08-02 16:55:00,18.47, , , , 
2020-08-02 16:56:00,18.47, , , , 
2020-08-02 16:57:00,18.42, , , , 
2020-08-02 16:58:00,18.42, , , , 
2020-08-02 16:59:00,18.41, , , , 
2020-08-02 17:00:00,18.38, , , , 
2020-08-02 17:01:00,18.39, , , , 
2020-08-02 17:02:00,18.37, , , , 
2020-08-02 17:03:00,18.35, , , , 
2020-08-02 17:04:00,18.34, , , , 
2020-08-02 17:05:00,18.29, , , , 
2020-08-02 17:06:00,18.30, , , , 
2020-08-02 17:07:00,18.29, , , , 
2020-08-02 17:08:00,18.28, , , , 
2020-08-02 17:09:00,18.27, , , , 
2020-08-02 17:10:00,18.24, , , , 
2020-08-02 17:11:00,18.25, , , , 
2020-08-02 17:12:00,18.23, , , , 
2020-08-02 17:13:00,18.22, , , , 
2020-08-02 17:14:00,18.23, , , , 
2020-08-02 17:15:00,18.22, , , , 
2020-08-02 17:16:00,18.25, , , , 
2020-08-02 17:17:00,18.25, , , , 
2020-08-02 17:18:00,18.26, , , , 
2020-08-02 17:19:00,18.26, , , , 
2020-08-02 17:20:00,18.27, , , , 
2020-08-02 17:21:00,18.25, , , , 
2020-08-02 17:22:00,18.25, , , , 
2020-08-02 17:23:00,18.23, , , , 
2020-08-02 17:24:00,18.23, , , , 
2020-08-02 17:25:00,18.23, , , , 
2020-08-02 17:26:00,18.23, , , , 
2020-08-02 17:27:00,18.23, , , , 
2020-08-02 17:28:00,18.25, , , , 
2020-08-02 17:29:00,18.24, , , , 
2020-08-02 17:30:00,18.25, , , , 
2020-08-02 17:31:00,18.25, , , , 
2020-08-02 17:32:00,18.24, , , , 
2020-08-02 17:33:00,18.24, , , , 
2020-08-02 17:34:00,18.24, , , , 
2020-08-02 17:35:00,18.23, , , , 
2020-08-02 17:36:00,18.22, , , , 
2020-08-02 17:37:00,18.21, , , , 
2020-08-02 17:38:00,18.22, , , , 
2020-08-02 17:39:00,18.23, , , , 
2020-08-02 17:40:00,18.25, , , , 
2020-08-02 17:41:00,18.25, , , , 
2020-08-02 17:42:00,18.25, , , , 
2020-08-02 17:43:00,18.25, , , , 
2020-08-02 17:44:00,18.25, , , , 
2020-08-02 17:45:00,18.25, , , , 
2020-08-02 17:46:00,18.22, , , , 
2020-08-02 17:47:00,18.23, , , , 
2020-08-02 17:48:00,18.20, , , , 
2020-08-02 17:49:00,18.22, , , , 
2020-08-02 17:50:00,18.22, , , , 
2020-08-02 17:51:00,18.24, , , , 
2020-08-02 17:52:00,18.22, , , , 
2020-08-02 17:53:00,18.23, , , , 
2020-08-02 17:54:00,18.25, , , , 
2020-08-02 17:55:00,18.25, , , , 
2020-08-02 17:56:00,18.24, , , , 
2020-08-02 17:57:00,18.23, , , , 
2020-08-02 17:58:00,18.24, , , , 
2020-08-02 17:59:00,18.21, , , , 
2020-08-02 18:00:00,18.21, , , , 
2020-08-02 18:01:00,18.22, , , , 
2020-08-02 18:02:00,18.23, , , , 
2020-08-02 18:03:00,18.25, , , , 
2020-08-02 18:04:00,18.26, , , , 
2020-08-02 18:05:00,18.26, , , , 
2020-08-02 18:06:00,18.25, , , , 
2020-08-02 18:07:00,18.26, , , , 
2020-08-02 18:08:00,18.26, , , , 
2020-08-02 18:09:00,18.23, , , , 
2020-08-02 18:10:00,18.24, , , , 
2020-08-02 18:11:00,18.22, , , , 
2020-08-02 18:12:00,18.23, , , , 
2020-08-02 18:13:00,18.21, , , , 
2020-08-02 18:14:00,18.24, , , , 
2020-08-02 18:15:00,18.25, , , , 
2020-08-02 18:16:00,18.25, , , , 
2020-08-02 18:17:00,18.26, , , , 
2020-08-02 18:18:00,18.25, , , , 
2020-08-02 18:19:00,18.26, , , , 
2020-08-02 18:20:00,18.25, , , , 
2020-08-02 18:21:00,18.24, , , , 
2020-08-02 18:22:00,18.23, , , , 
2020-08-02 18:23:00,18.21, , , , 
2020-08-02 18:24:00,18.22, , , , 
2020-08-02 18:25:00,18.21, , , , 
2020-08-02 18:26:00,18.22, , , , 
2020-08-02 18:27:00,18.26, , , , 
2020-08-02 18:28:00,18.25, , , , 
2020-08-02 18:29:00,18.28, , , , 
2020-08-02 18:30:00,18.25, , , , 
2020-08-02 18:31:00,18.25, , , , 
2020-08-02 18:32:00,18.24, , , , 
2020-08-02 18:33:00,18.23, , , , 
2020-08-02 18:34:00,18.20, , , , 
2020-08-02 18:35:00,18.21, , , , 
2020-08-02 18:36:00,18.20, , , , 
2020-08-02 18:37:00,18.22, , , , 
2020-08-02 18:37:19, ,Logged,Logged, , 
2020-08-02 18:38:00,18.24, , , , 
2020-08-02 18:39:00,18.26, , , , 
2020-08-02 18:40:00,18.26, , , , 
2020-08-02 18:41:00,18.24, , , , 
2020-08-02 18:42:00,18.27, , , , 
2020-08-02 18:43:00,18.25, , , , 
2020-08-02 18:44:00,18.25, , , , 
2020-08-02 18:45:00,18.23, , , , 
2020-08-02 18:46:00,18.22, , , , 
2020-08-02 18:47:00,18.24, , , , 
2020-08-02 18:48:00,18.20, , , , 
2020-08-02 18:49:00,18.20, , , , 
2020-08-02 18:50:00,18.21, , , , 
2020-08-02 18:51:00,18.20, , , , 
2020-08-02 18:52:00,18.19, , , , 
2020-08-02 18:53:00,18.21, , , , 
2020-08-02 18:54:00,18.21, , , , 
2020-08-02 18:55:00,18.21, , , , 
2020-08-02 18:56:00,18.22, , , , 
2020-08-02 18:57:00,18.22, , , , 
2020-08-02 18:58:00,18.23, , , , 
2020-08-02 18:59:00,18.18, , , , 
2020-08-02 19:00:00,18.20, , , , 
2020-08-02 19:01:00,18.18, , , , 
2020-08-02 19:02:00,18.19, , , , 
2020-08-02 19:03:00,18.18, , , , 
2020-08-02 19:04:00,18.20, , , , 
2020-08-02 19:05:00,18.22, , , , 
2020-08-02 19:06:00,18.20, , , , 
2020-08-02 19:07:00,18.21, , , , 
2020-08-02 19:08:00,18.23, , , , 
2020-08-02 19:09:00,18.21, , , , 
2020-08-02 19:10:00,18.21, , , , 
2020-08-02 19:11:00,18.20, , , , 
2020-08-02 19:12:00,18.20, , , , 
2020-08-02 19:13:00,18.18, , , , 
2020-08-02 19:14:00,18.18, , , , 
2020-08-02 19:15:00,18.15, , , , 
2020-08-02 19:16:00,18.17, , , , 
2020-08-02 19:17:00,18.18, , , , 
2020-08-02 19:18:00,18.20, , , , 
2020-08-02 19:19:00,18.21, , , , 
2020-08-02 19:20:00,18.21, , , , 
2020-08-02 19:21:00,18.23, , , , 
2020-08-02 19:22:00,18.19, , , , 
2020-08-02 19:23:00,18.20, , , , 
2020-08-02 19:24:00,18.21, , , , 
2020-08-02 19:25:00,18.19, , , , 
2020-08-02 19:26:00,18.18, , , , 
2020-08-02 19:27:00,18.15, , , , 
2020-08-02 19:28:00,18.15, , , , 
2020-08-02 19:29:00,18.18, , , , 
2020-08-02 19:30:00,18.20, , , , 
2020-08-02 19:31:00,18.21, , , , 
2020-08-02 19:32:00,18.20, , , , 
2020-08-02 19:33:00,18.20, , , , 
2020-08-02 19:34:00,18.22, , , , 
2020-08-02 19:35:00,18.20, , , , 
2020-08-02 19:36:00,18.19, , , , 
2020-08-02 19:37:00,18.18, , , , 
2020-08-02 19:38:00,18.17, , , , 
2020-08-02 19:39:00,18.18, , , , 
2020-08-02 19:40:00,18.19, , , , 
2020-08-02 19:41:00,18.18, , , , 
2020-08-02 19:42:00,18.20, , , , 
2020-08-02 19:43:00,18.20, , , , 
2020-08-02 19:44:00,18.21, , , , 
2020-08-02 19:45:00,18.20, , , , 
2020-08-02 19:46:00,18.19, , , , 
2020-08-02 19:47:00,18.19, , , , 
2020-08-02 19:48:00,18.20, , , , 
2020-08-02 19:49:00,18.18, , , , 
2020-08-02 19:50:00,18.17, , , , 
2020-08-02 19:51:00,18.17, , , , 
2020-08-02 19:52:00,18.19, , , , 
2020-08-02 19:53:00,18.19, , , , 
2020-08-02 19:54:00,18.20, , , , 
2020-08-02 19:55:00,18.22, , , , 
2020-08-02 19:56:00,18.22, , , , 
2020-08-02 19:57:00,18.20, , , , 
2020-08-02 19:58:00,18.22, , , , 
2020-08-02 19:59:00,18.18, , , , 
2020-08-02 20:00:00,18.17, , , , 
2020-08-02 20:01:00,18.18, , , , 
2020-08-02 20:02:00,18.15, , , , 
2020-08-02 20:03:00,18.18, , , , 
2020-08-02 20:04:00,18.18, , , , 
2020-08-02 20:05:00,18.15, , , , 
2020-08-02 20:06:00,18.14, , , , 
2020-08-02 20:07:00,18.14, , , , 
2020-08-02 20:08:00,18.13, , , , 
2020-08-02 20:09:00,18.12, , , , 
2020-08-02 20:10:00,18.10, , , , 
2020-08-02 20:11:00,18.10, , , , 
2020-08-02 20:12:00,18.09, , , , 
2020-08-02 20:13:00,18.07, , , , 
2020-08-02 20:14:00,18.06, , , , 
2020-08-02 20:15:00,18.04, , , , 
2020-08-02 20:16:00,18.03, , , , 
2020-08-02 20:17:00,18.02, , , , 
2020-08-02 20:18:00,18.00, , , , 
2020-08-02 20:19:00,17.99, , , , 
2020-08-02 20:20:00,17.98, , , , 
2020-08-02 20:21:00,17.96, , , , 
2020-08-02 20:22:00,17.94, , , , 
2020-08-02 20:23:00,17.94, , , , 
2020-08-02 20:24:00,17.91, , , , 
2020-08-02 20:25:00,17.92, , , , 
2020-08-02 20:26:00,17.91, , , , 
2020-08-02 20:27:00,17.89, , , , 
2020-08-02 20:28:00,17.88, , , , 
2020-08-02 20:29:00,17.85, , , , 
2020-08-02 20:30:00,17.84, , , , 
2020-08-02 20:31:00,17.84, , , , 
2020-08-02 20:32:00,17.82, , , , 
2020-08-02 20:33:00,17.81, , , , 
2020-08-02 20:34:00,17.79, , , , 
2020-08-02 20:35:00,17.80, , , , 
2020-08-02 20:36:00,17.77, , , , 
2020-08-02 20:37:00,17.76, , , , 
2020-08-02 20:38:00,17.75, , , , 
2020-08-02 20:39:00,17.74, , , , 
2020-08-02 20:40:00,17.72, , , , 
2020-08-02 20:41:00,17.72, , , , 
2020-08-02 20:42:00,17.68, , , , 
2020-08-02 20:43:00,17.69, , , , 
2020-08-02 20:44:00,17.66, , , , 
2020-08-02 20:45:00,17.66, , , , 
2020-08-02 20:46:00,17.65, , , , 
2020-08-02 20:47:00,17.63, , , , 
2020-08-02 20:48:00,17.63, , , , 
2020-08-02 20:49:00,17.62, , , , 
2020-08-02 20:50:00,17.59, , , , 
2020-08-02 20:51:00,17.59, , , , 
2020-08-02 20:52:00,17.58, , , , 
2020-08-02 20:53:00,17.58, , , , 
2020-08-02 20:54:00,17.54, , , , 
2020-08-02 20:55:00,17.53, , , , 
2020-08-02 20:56:00,17.53, , , , 
2020-08-02 20:57:00,17.51, , , , 
2020-08-02 20:58:00,17.50, , , , 
2020-08-02 20:59:00,17.50, , , , 
2020-08-02 21:00:00,17.48, , , , 
2020-08-02 21:01:00,17.48, , , , 
2020-08-02 21:02:00,17.45, , , , 
2020-08-02 21:03:00,17.43, , , , 
2020-08-02 21:04:00,17.44, , , , 
2020-08-02 21:05:00,17.41, , , , 
2020-08-02 21:06:00,17.40, , , , 
2020-08-02 21:07:00,17.39, , , , 
2020-08-02 21:08:00,17.38, , , , 
2020-08-02 21:09:00,17.37, , , , 
2020-08-02 21:10:00,17.34, , , , 
2020-08-02 21:11:00,17.36, , , , 
2020-08-02 21:12:00,17.33, , , , 
2020-08-02 21:13:00,17.32, , , , 
2020-08-02 21:14:00,17.31, , , , 
2020-08-02 21:15:00,17.30, , , , 
2020-08-02 21:16:00,17.29, , , , 
2020-08-02 21:17:00,17.26, , , , 
2020-08-02 21:18:00,17.26, , , , 
2020-08-02 21:19:00,17.25, , , , 
2020-08-02 21:20:00,17.23, , , , 
2020-08-02 21:21:00,17.24, , , , 
2020-08-02 21:22:00,17.22, , , , 
2020-08-02 21:23:00,17.21, , , , 
2020-08-02 21:24:00,17.22, , , , 
2020-08-02 21:25:00,17.20, , , , 
2020-08-02 21:26:00,17.18, , , , 
2020-08-02 21:27:00,17.15, , , , 
2020-08-02 21:28:00,17.17, , , , 
2020-08-02 21:29:00,17.16, , , , 
2020-08-02 21:30:00,17.13, , , , 
2020-08-02 21:31:00,17.13, , , , 
2020-08-02 21:32:00,17.11, , , , 
2020-08-02 21:33:00,17.09, , , , 
2020-08-02 21:34:00,17.08, , , , 
2020-08-02 21:35:00,17.07, , , , 
2020-08-02 21:36:00,17.07, , , , 
2020-08-02 21:37:00,17.06, , , , 
2020-08-02 21:38:00,17.03, , , , 
2020-08-02 21:39:00,17.04, , , , 
2020-08-02 21:40:00,17.03, , , , 
2020-08-02 21:41:00,17.02, , , , 
2020-08-02 21:42:00,17.02, , , , 
2020-08-02 21:43:00,17.01, , , , 
2020-08-02 21:44:00,16.98, , , , 
2020-08-02 21:45:00,16.99, , , , 
2020-08-02 21:46:00,16.98, , , , 
2020-08-02 21:47:00,16.94, , , , 
2020-08-02 21:48:00,16.94, , , , 
2020-08-02 21:49:00,16.94, , , , 
2020-08-02 21:50:00,16.93, , , , 
2020-08-02 21:51:00,16.92, , , , 
2020-08-02 21:52:00,16.91, , , , 
2020-08-02 21:53:00,16.92, , , , 
2020-08-02 21:54:00,16.88, , , , 
2020-08-02 21:55:00,16.88, , , , 
2020-08-02 21:56:00,16.86, , , , 
2020-08-02 21:57:00,16.86, , , , 
2020-08-02 21:58:00,16.86, , , , 
2020-08-02 21:59:00,16.86, , , , 
2020-08-02 22:00:00,16.84, , , , 
2020-08-02 22:01:00,16.82, , , , 
2020-08-02 22:02:00,16.82, , , , 
2020-08-02 22:03:00,16.80, , , , 
2020-08-02 22:04:00,16.78, , , , 
2020-08-02 22:05:00,16.77, , , , 
2020-08-02 22:06:00,16.77, , , , 
2020-08-02 22:07:00,16.76, , , , 
2020-08-02 22:08:00,16.76, , , , 
2020-08-02 22:09:00,16.73, , , , 
2020-08-02 22:10:00,16.75, , , , 
2020-08-02 22:11:00,16.74, , , , 
2020-08-02 22:12:00,16.73, , , , 
2020-08-02 22:13:00,16.70, , , , 
2020-08-02 22:14:00,16.73, , , , 
2020-08-02 22:15:00,16.70, , , , 
2020-08-02 22:16:00,16.69, , , , 
2020-08-02 22:17:00,16.67, , , , 
2020-08-02 22:18:00,16.66, , , , 
2020-08-02 22:19:00,16.65, , , , 
2020-08-02 22:20:00,16.66, , , , 
2020-08-02 22:21:00,16.65, , , , 
2020-08-02 22:22:00,16.63, , , , 
2020-08-02 22:23:00,16.62, , , , 
2020-08-02 22:24:00,16.61, , , , 
2020-08-02 22:25:00,16.63, , , , 
2020-08-02 22:26:00,16.59, , , , 
2020-08-02 22:27:00,16.58, , , , 
2020-08-02 22:28:00,16.59, , , , 
2020-08-02 22:29:00,16.57, , , , 
2020-08-02 22:30:00,16.56, , , , 
2020-08-02 22:31:00,16.55, , , , 
2020-08-02 22:32:00,16.54, , , , 
2020-08-02 22:33:00,16.54, , , , 
2020-08-02 22:34:00,16.54, , , , 
2020-08-02 22:35:00,16.51, , , , 
2020-08-02 22:36:00,16.50, , , , 
2020-08-02 22:37:00,16.49, , , , 
2020-08-02 22:38:00,16.49, , , , 
2020-08-02 22:39:00,16.49, , , , 
2020-08-02 22:40:00,16.48, , , , 
2020-08-02 22:41:00,16.49, , , , 
2020-08-02 22:42:00,16.49, , , , 
2020-08-02 22:43:00,16.45, , , , 
2020-08-02 22:44:00,16.45, , , , 
2020-08-02 22:45:00,16.44, , , , 
2020-08-02 22:46:00,16.45, , , , 
2020-08-02 22:47:00,16.41, , , , 
2020-08-02 22:48:00,16.41, , , , 
2020-08-02 22:49:00,16.43, , , , 
2020-08-02 22:50:00,16.40, , , , 
2020-08-02 22:51:00,16.39, , , , 
2020-08-02 22:52:00,16.41, , , , 
2020-08-02 22:53:00,16.36, , , , 
2020-08-02 22:54:00,16.36, , , , 
2020-08-02 22:55:00,16.34, , , , 
2020-08-02 22:56:00,16.35, , , , 
2020-08-02 22:57:00,16.32, , , , 
2020-08-02 22:58:00,16.33, , , , 
2020-08-02 22:59:00,16.33, , , , 
2020-08-02 23:00:00,16.31, , , , 
2020-08-02 23:01:00,16.32, , , , 
2020-08-02 23:02:00,16.31, , , , 
2020-08-02 23:03:00,16.31, , , , 
2020-08-02 23:04:00,16.28, , , , 
2020-08-02 23:05:00,16.29, , , , 
2020-08-02 23:06:00,16.28, , , , 
2020-08-02 23:07:00,16.26, , , , 
2020-08-02 23:08:00,16.25, , , , 
2020-08-02 23:09:00,16.25, , , , 
2020-08-02 23:10:00,16.26, , , , 
2020-08-02 23:11:00,16.22, , , , 
2020-08-02 23:12:00,16.24, , , , 
2020-08-02 23:13:00,16.24, , , , 
2020-08-02 23:14:00,16.21, , , , 
2020-08-02 23:15:00,16.20, , , , 
2020-08-02 23:16:00,16.21, , , , 
2020-08-02 23:17:00,16.19, , , , 
2020-08-02 23:18:00,16.20, , , , 
2020-08-02 23:19:00,16.18, , , , 
2020-08-02 23:20:00,16.15, , , , 
2020-08-02 23:21:00,16.17, , , , 
2020-08-02 23:22:00,16.16, , , , 
2020-08-02 23:23:00,16.15, , , , 
2020-08-02 23:24:00,16.14, , , , 
2020-08-02 23:25:00,16.14, , , , 
2020-08-02 23:26:00,16.13, , , , 
2020-08-02 23:27:00,16.13, , , , 
2020-08-02 23:28:00,16.13, , , , 
2020-08-02 23:29:00,16.11, , , , 
2020-08-02 23:30:00,16.10, , , , 
2020-08-02 23:31:00,16.10, , , , 
2020-08-02 23:32:00,16.07, , , , 
2020-08-02 23:33:00,16.08, , , , 
2020-08-02 23:34:00,16.08, , , , 
2020-08-02 23:35:00,16.06, , , , 
2020-08-02 23:36:00,16.05, , , , 
2020-08-02 23:37:00,16.05, , , , 
2020-08-02 23:38:00,16.07, , , , 
2020-08-02 23:39:00,16.03, , , , 
2020-08-02 23:40:00,16.05, , , , 
2020-08-02 23:41:00,16.02, , , , 
2020-08-02 23:42:00,16.04, , , , 
2020-08-02 23:43:00,16.02, , , , 
2020-08-02 23:44:00,16.01, , , , 
2020-08-02 23:45:00,16.01, , , , 
2020-08-02 23:46:00,16.00, , , , 
2020-08-02 23:47:00,15.99, , , , 
2020-08-02 23:48:00,16.00, , , , 
2020-08-02 23:49:00,15.99, , , , 
2020-08-02 23:50:00,15.96, , , , 
2020-08-02 23:51:00,15.97, , , , 
2020-08-02 23:52:00,15.97, , , , 
2020-08-02 23:53:00,15.95, , , , 
2020-08-02 23:54:00,15.95, , , , 
2020-08-02 23:55:00,15.96, , , , 
2020-08-02 23:56:00,15.93, , , , 
2020-08-02 23:57:00,15.92, , , , 
2020-08-02 23:58:00,15.90, , , , 
2020-08-02 23:59:00,15.92, , , , 
2020-08-03 00:00:00,15.90, , , , 
2020-08-03 00:01:00,15.91, , , , 
2020-08-03 00:02:00,15.88, , , , 
2020-08-03 00:03:00,15.91, , , , 
2020-08-03 00:04:00,15.89, , , , 
2020-08-03 00:05:00,15.89, , , , 
2020-08-03 00:06:00,15.87, , , , 
2020-08-03 00:07:00,15.89, , , , 
2020-08-03 00:08:00,15.86, , , , 
2020-08-03 00:09:00,15.86, , , , 
2020-08-03 00:10:00,15.86, , , , 
2020-08-03 00:11:00,15.86, , , , 
2020-08-03 00:12:00,15.85, , , , 
2020-08-03 00:13:00,15.84, , , , 
2020-08-03 00:14:00,15.83, , , , 
2020-08-03 00:15:00,15.83, , , , 
2020-08-03 00:16:00,15.82, , , , 
2020-08-03 00:17:00,15.82, , , , 
2020-08-03 00:18:00,15.82, , , , 
2020-08-03 00:19:00,15.80, , , , 
2020-08-03 00:20:00,15.80, , , , 
2020-08-03 00:21:00,15.80, , , , 
2020-08-03 00:22:00,15.78, , , , 
2020-08-03 00:23:00,15.78, , , , 
2020-08-03 00:24:00,15.76, , , , 
2020-08-03 00:25:00,15.76, , , , 
2020-08-03 00:26:00,15.77, , , , 
2020-08-03 00:27:00,15.74, , , , 
2020-08-03 00:28:00,15.76, , , , 
2020-08-03 00:29:00,15.75, , , , 
2020-08-03 00:30:00,15.72, , , , 
2020-08-03 00:31:00,15.73, , , , 
2020-08-03 00:32:00,15.73, , , , 
2020-08-03 00:33:00,15.72, , , , 
2020-08-03 00:34:00,15.72, , , , 
2020-08-03 00:35:00,15.71, , , , 
2020-08-03 00:36:00,15.72, , , , 
2020-08-03 00:37:00,15.70, , , , 
2020-08-03 00:38:00,15.70, , , , 
2020-08-03 00:39:00,15.70, , , , 
2020-08-03 00:40:00,15.69, , , , 
2020-08-03 00:41:00,15.67, , , , 
2020-08-03 00:42:00,15.67, , , , 
2020-08-03 00:43:00,15.69, , , , 
2020-08-03 00:44:00,15.66, , , , 
2020-08-03 00:45:00,15.67, , , , 
2020-08-03 00:46:00,15.65, , , , 
2020-08-03 00:47:00,15.65, , , , 
2020-08-03 00:48:00,15.63, , , , 
2020-08-03 00:49:00,15.65, , , , 
2020-08-03 00:50:00,15.66, , , , 
2020-08-03 00:51:00,15.62, , , , 
2020-08-03 00:52:00,15.63, , , , 
2020-08-03 00:53:00,15.63, , , , 
2020-08-03 00:54:00,15.62, , , , 
2020-08-03 00:55:00,15.61, , , , 
2020-08-03 00:56:00,15.60, , , , 
2020-08-03 00:57:00,15.59, , , , 
2020-08-03 00:58:00,15.59, , , , 
2020-08-03 00:59:00,15.58, , , , 
2020-08-03 01:00:00,15.59, , , , 
2020-08-03 01:01:00,15.57, , , , 
2020-08-03 01:02:00,15.57, , , , 
2020-08-03 01:03:00,15.58, , , , 
2020-08-03 01:04:00,15.57, , , , 
2020-08-03 01:05:00,15.56, , , , 
2020-08-03 01:06:00,15.55, , , , 
2020-08-03 01:07:00,15.56, , , , 
2020-08-03 01:08:00,15.56, , , , 
2020-08-03 01:09:00,15.55, , , , 
2020-08-03 01:10:00,15.55, , , , 
2020-08-03 01:11:00,15.52, , , , 
2020-08-03 01:12:00,15.52, , , , 
2020-08-03 01:13:00,15.51, , , , 
2020-08-03 01:14:00,15.53, , , , 
2020-08-03 01:15:00,15.51, , , , 
2020-08-03 01:16:00,15.51, , , , 
2020-08-03 01:17:00,15.49, , , , 
2020-08-03 01:18:00,15.51, , , , 
2020-08-03 01:19:00,15.49, , , , 
2020-08-03 01:20:00,15.49, , , , 
2020-08-03 01:21:00,15.51, , , , 
2020-08-03 01:22:00,15.48, , , , 
2020-08-03 01:23:00,15.47, , , , 
2020-08-03 01:24:00,15.46, , , , 
2020-08-03 01:25:00,15.47, , , , 
2020-08-03 01:26:00,15.46, , , , 
2020-08-03 01:27:00,15.47, , , , 
2020-08-03 01:28:00,15.45, , , , 
2020-08-03 01:29:00,15.47, , , , 
2020-08-03 01:30:00,15.44, , , , 
2020-08-03 01:31:00,15.45, , , , 
2020-08-03 01:32:00,15.44, , , , 
2020-08-03 01:33:00,15.42, , , , 
2020-08-03 01:34:00,15.42, , , , 
2020-08-03 01:35:00,15.42, , , , 
2020-08-03 01:36:00,15.42, , , , 
2020-08-03 01:37:00,15.42, , , , 
2020-08-03 01:38:00,15.40, , , , 
2020-08-03 01:39:00,15.42, , , , 
2020-08-03 01:40:00,15.40, , , , 
2020-08-03 01:41:00,15.40, , , , 
2020-08-03 01:42:00,15.40, , , , 
2020-08-03 01:43:00,15.40, , , , 
2020-08-03 01:44:00,15.38, , , , 
2020-08-03 01:45:00,15.38, , , , 
2020-08-03 01:46:00,15.37, , , , 
2020-08-03 01:47:00,15.39, , , , 
2020-08-03 01:48:00,15.37, , , , 
2020-08-03 01:49:00,15.36, , , , 
2020-08-03 01:50:00,15.37, , , , 
2020-08-03 01:51:00,15.36, , , , 
2020-08-03 01:52:00,15.38, , , , 
2020-08-03 01:53:00,15.39, , , , 
2020-08-03 01:54:00,15.40, , , , 
2020-08-03 01:55:00,15.40, , , , 
2020-08-03 01:56:00,15.40, , , , 
2020-08-03 01:57:00,15.40, , , , 
2020-08-03 01:58:00,15.42, , , , 
2020-08-03 01:59:00,15.41, , , , 
2020-08-03 02:00:00,15.38, , , , 
2020-08-03 02:01:00,15.41, , , , 
2020-08-03 02:02:00,15.39, , , , 
2020-08-03 02:03:00,15.39, , , , 
2020-08-03 02:04:00,15.40, , , , 
2020-08-03 02:05:00,15.39, , , , 
2020-08-03 02:06:00,15.39, , , , 
2020-08-03 02:07:00,15.38, , , , 
2020-08-03 02:08:00,15.40, , , , 
2020-08-03 02:09:00,15.37, , , , 
2020-08-03 02:10:00,15.38, , , , 
2020-08-03 02:11:00,15.38, , , , 
2020-08-03 02:12:00,15.36, , , , 
2020-08-03 02:13:00,15.37, , , , 
2020-08-03 02:14:00,15.36, , , , 
2020-08-03 02:15:00,15.36, , , , 
2020-08-03 02:16:00,15.36, , , , 
2020-08-03 02:17:00,15.36, , , , 
2020-08-03 02:18:00,15.38, , , , 
2020-08-03 02:19:00,15.39, , , , 
2020-08-03 02:20:00,15.39, , , , 
2020-08-03 02:21:00,15.40, , , , 
2020-08-03 02:22:00,15.42, , , , 
2020-08-03 02:23:00,15.41, , , , 
2020-08-03 02:24:00,15.41, , , , 
2020-08-03 02:25:00,15.41, , , , 
2020-08-03 02:26:00,15.39, , , , 
2020-08-03 02:27:00,15.40, , , , 
2020-08-03 02:28:00,15.42, , , , 
2020-08-03 02:29:00,15.40, , , , 
2020-08-03 02:30:00,15.39, , , , 
2020-08-03 02:31:00,15.39, , , , 
2020-08-03 02:32:00,15.39, , , , 
2020-08-03 02:33:00,15.40, , , , 
2020-08-03 02:34:00,15.39, , , , 
2020-08-03 02:35:00,15.40, , , , 
2020-08-03 02:36:00,15.38, , , , 
2020-08-03 02:37:00,15.37, , , , 
2020-08-03 02:38:00,15.37, , , , 
2020-08-03 02:39:00,15.38, , , , 
2020-08-03 02:40:00,15.38, , , , 
2020-08-03 02:41:00,15.37, , , , 
2020-08-03 02:42:00,15.36, , , , 
2020-08-03 02:43:00,15.36, , , , 
2020-08-03 02:44:00,15.37, , , , 
2020-08-03 02:45:00,15.38, , , , 
2020-08-03 02:46:00,15.38, , , , 
2020-08-03 02:47:00,15.38, , , , 
2020-08-03 02:48:00,15.39, , , , 
2020-08-03 02:49:00,15.39, , , , 
2020-08-03 02:50:00,15.37, , , , 
2020-08-03 02:51:00,15.37, , , , 
2020-08-03 02:52:00,15.39, , , , 
2020-08-03 02:53:00,15.40, , , , 
2020-08-03 02:54:00,15.40, , , , 
2020-08-03 02:55:00,15.41, , , , 
2020-08-03 02:56:00,15.40, , , , 
2020-08-03 02:57:00,15.39, , , , 
2020-08-03 02:58:00,15.37, , , , 
2020-08-03 02:59:00,15.36, , , , 
2020-08-03 03:00:00,15.38, , , , 
2020-08-03 03:01:00,15.36, , , , 
2020-08-03 03:02:00,15.36, , , , 
2020-08-03 03:03:00,15.37, , , , 
2020-08-03 03:04:00,15.36, , , , 
2020-08-03 03:05:00,15.36, , , , 
2020-08-03 03:06:00,15.38, , , , 
2020-08-03 03:07:00,15.37, , , , 
2020-08-03 03:08:00,15.37, , , , 
2020-08-03 03:09:00,15.39, , , , 
2020-08-03 03:10:00,15.39, , , , 
2020-08-03 03:11:00,15.40, , , , 
2020-08-03 03:12:00,15.40, , , , 
2020-08-03 03:13:00,15.41, , , , 
2020-08-03 03:14:00,15.41, , , , 
2020-08-03 03:15:00,15.40, , , , 
2020-08-03 03:16:00,15.42, , , , 
2020-08-03 03:17:00,15.42, , , , 
2020-08-03 03:18:00,15.40, , , , 
2020-08-03 03:19:00,15.41, , , , 
2020-08-03 03:20:00,15.40, , , , 
2020-08-03 03:21:00,15.39, , , , 
2020-08-03 03:22:00,15.38, , , , 
2020-08-03 03:23:00,15.39, , , , 
2020-08-03 03:24:00,15.37, , , , 
2020-08-03 03:25:00,15.41, , , , 
2020-08-03 03:26:00,15.39, , , , 
2020-08-03 03:27:00,15.37, , , , 
2020-08-03 03:28:00,15.37, , , , 
2020-08-03 03:29:00,15.37, , , , 
2020-08-03 03:30:00,15.39, , , , 
2020-08-03 03:31:00,15.34, , , , 
2020-08-03 03:32:00,15.37, , , , 
2020-08-03 03:33:00,15.37, , , , 
2020-08-03 03:34:00,15.36, , , , 
2020-08-03 03:35:00,15.39, , , , 
2020-08-03 03:36:00,15.38, , , , 
2020-08-03 03:37:00,15.37, , , , 
2020-08-03 03:38:00,15.38, , , , 
2020-08-03 03:39:00,15.40, , , , 
2020-08-03 03:40:00,15.40, , , , 
2020-08-03 03:41:00,15.40, , , , 
2020-08-03 03:42:00,15.39, , , , 
2020-08-03 03:43:00,15.39, , , , 
2020-08-03 03:44:00,15.37, , , , 
2020-08-03 03:45:00,15.39, , , , 
2020-08-03 03:46:00,15.38, , , , 
2020-08-03 03:47:00,15.37, , , , 
2020-08-03 03:48:00,15.38, , , , 
2020-08-03 03:49:00,15.36, , , , 
2020-08-03 03:50:00,15.36, , , , 
2020-08-03 03:51:00,15.37, , , , 
2020-08-03 03:52:00,15.37, , , , 
2020-08-03 03:53:00,15.37, , , , 
2020-08-03 03:54:00,15.34, , , , 
2020-08-03 03:55:00,15.36, , , , 
2020-08-03 03:56:00,15.38, , , , 
2020-08-03 03:57:00,15.37, , , , 
2020-08-03 03:58:00,15.38, , , , 
2020-08-03 03:59:00,15.38, , , , 
2020-08-03 04:00:00,15.41, , , , 
2020-08-03 04:01:00,15.39, , , , 
2020-08-03 04:02:00,15.40, , , , 
2020-08-03 04:03:00,15.40, , , , 
2020-08-03 04:04:00,15.40, , , , 
2020-08-03 04:05:00,15.39, , , , 
2020-08-03 04:06:00,15.39, , , , 
2020-08-03 04:07:00,15.39, , , , 
2020-08-03 04:08:00,15.40, , , , 
2020-08-03 04:09:00,15.38, , , , 
2020-08-03 04:10:00,15.38, , , , 
2020-08-03 04:11:00,15.39, , , , 
2020-08-03 04:12:00,15.36, , , , 
2020-08-03 04:13:00,15.37, , , , 
2020-08-03 04:14:00,15.37, , , , 
2020-08-03 04:15:00,15.38, , , , 
2020-08-03 04:16:00,15.36, , , , 
2020-08-03 04:17:00,15.38, , , , 
2020-08-03 04:18:00,15.34, , , , 
2020-08-03 04:19:00,15.36, , , , 
2020-08-03 04:20:00,15.37, , , , 
2020-08-03 04:21:00,15.36, , , , 
2020-08-03 04:22:00,15.36, , , , 
2020-08-03 04:23:00,15.33, , , , 
2020-08-03 04:24:00,15.32, , , , 
2020-08-03 04:25:00,15.32, , , , 
2020-08-03 04:26:00,15.32, , , , 
2020-08-03 04:27:00,15.31, , , , 
2020-08-03 04:28:00,15.32, , , , 
2020-08-03 04:29:00,15.29, , , , 
2020-08-03 04:30:00,15.32, , , , 
2020-08-03 04:31:00,15.32, , , , 
2020-08-03 04:32:00,15.31, , , , 
2020-08-03 04:33:00,15.30, , , , 
2020-08-03 04:34:00,15.29, , , , 
2020-08-03 04:35:00,15.28, , , , 
2020-08-03 04:36:00,15.32, , , , 
2020-08-03 04:37:00,15.31, , , , 
2020-08-03 04:38:00,15.32, , , , 
2020-08-03 04:39:00,15.33, , , , 
2020-08-03 04:40:00,15.36, , , , 
2020-08-03 04:41:00,15.36, , , , 
2020-08-03 04:42:00,15.34, , , , 
2020-08-03 04:43:00,15.33, , , , 
2020-08-03 04:44:00,15.32, , , , 
2020-08-03 04:45:00,15.33, , , , 
2020-08-03 04:46:00,15.32, , , , 
2020-08-03 04:47:00,15.32, , , , 
2020-08-03 04:48:00,15.33, , , , 
2020-08-03 04:49:00,15.33, , , , 
2020-08-03 04:50:00,15.34, , , , 
2020-08-03 04:51:00,15.34, , , , 
2020-08-03 04:52:00,15.32, , , , 
2020-08-03 04:53:00,15.32, , , , 
2020-08-03 04:54:00,15.32, , , , 
2020-08-03 04:55:00,15.31, , , , 
2020-08-03 04:56:00,15.32, , , , 
2020-08-03 04:57:00,15.29, , , , 
2020-08-03 04:58:00,15.32, , , , 
2020-08-03 04:59:00,15.30, , , , 
2020-08-03 05:00:00,15.31, , , , 
2020-08-03 05:01:00,15.30, , , , 
2020-08-03 05:02:00,15.29, , , , 
2020-08-03 05:03:00,15.29, , , , 
2020-08-03 05:04:00,15.29, , , , 
2020-08-03 05:05:00,15.31, , , , 
2020-08-03 05:06:00,15.31, , , , 
2020-08-03 05:07:00,15.32, , , , 
2020-08-03 05:08:00,15.32, , , , 
2020-08-03 05:09:00,15.36, , , , 
2020-08-03 05:10:00,15.32, , , , 
2020-08-03 05:11:00,15.34, , , , 
2020-08-03 05:12:00,15.34, , , , 
2020-08-03 05:13:00,15.34, , , , 
2020-08-03 05:14:00,15.33, , , , 
2020-08-03 05:15:00,15.36, , , , 
2020-08-03 05:16:00,15.33, , , , 
2020-08-03 05:17:00,15.32, , , , 
2020-08-03 05:18:00,15.34, , , , 
2020-08-03 05:19:00,15.33, , , , 
2020-08-03 05:20:00,15.32, , , , 
2020-08-03 05:21:00,15.36, , , , 
2020-08-03 05:22:00,15.34, , , , 
2020-08-03 05:23:00,15.32, , , , 
2020-08-03 05:24:00,15.32, , , , 
2020-08-03 05:25:00,15.32, , , , 
2020-08-03 05:26:00,15.31, , , , 
2020-08-03 05:27:00,15.30, , , , 
2020-08-03 05:28:00,15.30, , , , 
2020-08-03 05:29:00,15.31, , , , 
2020-08-03 05:30:00,15.31, , , , 
2020-08-03 05:31:00,15.28, , , , 
2020-08-03 05:32:00,15.29, , , , 
2020-08-03 05:33:00,15.29, , , , 
2020-08-03 05:34:00,15.30, , , , 
2020-08-03 05:35:00,15.31, , , , 
2020-08-03 05:36:00,15.31, , , , 
2020-08-03 05:37:00,15.33, , , , 
2020-08-03 05:38:00,15.33, , , , 
2020-08-03 05:39:00,15.33, , , , 
2020-08-03 05:40:00,15.33, , , , 
2020-08-03 05:41:00,15.31, , , , 
2020-08-03 05:42:00,15.34, , , , 
2020-08-03 05:43:00,15.33, , , , 
2020-08-03 05:44:00,15.34, , , , 
2020-08-03 05:45:00,15.32, , , , 
2020-08-03 05:46:00,15.29, , , , 
2020-08-03 05:47:00,15.32, , , , 
2020-08-03 05:48:00,15.32, , , , 
2020-08-03 05:49:00,15.31, , , , 
2020-08-03 05:50:00,15.31, , , , 
2020-08-03 05:51:00,15.31, , , , 
2020-08-03 05:52:00,15.31, , , , 
2020-08-03 05:53:00,15.29, , , , 
2020-08-03 05:54:00,15.32, , , , 
2020-08-03 05:55:00,15.30, , , , 
2020-08-03 05:56:00,15.30, , , , 
2020-08-03 05:57:00,15.28, , , , 
2020-08-03 05:58:00,15.30, , , , 
2020-08-03 05:59:00,15.30, , , , 
2020-08-03 06:00:00,15.30, , , , 
2020-08-03 06:01:00,15.31, , , , 
2020-08-03 06:02:00,15.33, , , , 
2020-08-03 06:03:00,15.33, , , , 
2020-08-03 06:04:00,15.31, , , , 
2020-08-03 06:05:00,15.33, , , , 
2020-08-03 06:06:00,15.34, , , , 
2020-08-03 06:07:00,15.32, , , , 
2020-08-03 06:08:00,15.32, , , , 
2020-08-03 06:09:00,15.32, , , , 
2020-08-03 06:10:00,15.33, , , , 
2020-08-03 06:11:00,15.30, , , , 
2020-08-03 06:12:00,15.33, , , , 
2020-08-03 06:13:00,15.31, , , , 
2020-08-03 06:14:00,15.31, , , , 
2020-08-03 06:15:00,15.32, , , , 
2020-08-03 06:16:00,15.30, , , , 
2020-08-03 06:17:00,15.30, , , , 
2020-08-03 06:18:00,15.29, , , , 
2020-08-03 06:19:00,15.28, , , , 
2020-08-03 06:20:00,15.28, , , , 
2020-08-03 06:21:00,15.29, , , , 
2020-08-03 06:22:00,15.30, , , , 
2020-08-03 06:23:00,15.30, , , , 
2020-08-03 06:24:00,15.28, , , , 
2020-08-03 06:25:00,15.31, , , , 
2020-08-03 06:26:00,15.33, , , , 
2020-08-03 06:27:00,15.33, , , , 
2020-08-03 06:28:00,15.36, , , , 
2020-08-03 06:29:00,15.34, , , , 
2020-08-03 06:30:00,15.33, , , , 
2020-08-03 06:31:00,15.33, , , , 
2020-08-03 06:32:00,15.34, , , , 
2020-08-03 06:33:00,15.34, , , , 
2020-08-03 06:34:00,15.33, , , , 
2020-08-03 06:35:00,15.32, , , , 
2020-08-03 06:36:00,15.31, , , , 
2020-08-03 06:37:00,15.32, , , , 
2020-08-03 06:38:00,15.31, , , , 
2020-08-03 06:39:00,15.32, , , , 
2020-08-03 06:40:00,15.33, , , , 
2020-08-03 06:41:00,15.31, , , , 
2020-08-03 06:42:00,15.32, , , , 
2020-08-03 06:43:00,15.31, , , , 
2020-08-03 06:44:00,15.29, , , , 
2020-08-03 06:45:00,15.27, , , , 
2020-08-03 06:46:00,15.28, , , , 
2020-08-03 06:47:00,15.29, , , , 
2020-08-03 06:48:00,15.28, , , , 
2020-08-03 06:49:00,15.32, , , , 
2020-08-03 06:50:00,15.32, , , , 
2020-08-03 06:51:00,15.34, , , , 
2020-08-03 06:52:00,15.37, , , , 
2020-08-03 06:53:00,15.40, , , , 
2020-08-03 06:54:00,15.42, , , , 
2020-08-03 06:55:00,15.45, , , , 
2020-08-03 06:56:00,15.49, , , , 
2020-08-03 06:57:00,15.53, , , , 
2020-08-03 06:57:57, ,Logged,Logged, , 
2020-08-03 06:58:00,15.57, , , , 
2020-08-03 06:59:00,15.62, , , , 
2020-08-03 07:00:00,15.67, , , , 
2020-08-03 07:01:00,15.71, , , , 
2020-08-03 07:02:00,15.73, , , , 
2020-08-03 07:03:00,15.80, , , , 
2020-08-03 07:04:00,15.84, , , , 
2020-08-03 07:05:00,15.87, , , , 
2020-08-03 07:06:00,15.92, , , , 
2020-08-03 07:07:00,15.97, , , , 
2020-08-03 07:08:00,16.01, , , , 
2020-08-03 07:09:00,16.04, , , , 
2020-08-03 07:10:00,16.11, , , , 
2020-08-03 07:11:00,16.13, , , , 
2020-08-03 07:12:00,16.19, , , , 
2020-08-03 07:13:00,16.26, , , , 
2020-08-03 07:14:00,16.29, , , , 
2020-08-03 07:15:00,16.33, , , , 
2020-08-03 07:16:00,16.35, , , , 
2020-08-03 07:17:00,16.41, , , , 
2020-08-03 07:18:00,16.43, , , , 
2020-08-03 07:19:00,16.51, , , , 
2020-08-03 07:20:00,16.52, , , , 
2020-08-03 07:21:00,16.60, , , , 
2020-08-03 07:22:00,16.64, , , , 
2020-08-03 07:23:00,16.69, , , , 
2020-08-03 07:24:00,16.71, , , , 
2020-08-03 07:25:00,16.75, , , , 
2020-08-03 07:26:00,16.80, , , , 
2020-08-03 07:27:00,16.81, , , , 
2020-08-03 07:28:00,16.89, , , , 
2020-08-03 07:29:00,16.92, , , , 
2020-08-03 07:30:00,16.95, , , , 
2020-08-03 07:31:00,17.01, , , , 
2020-08-03 07:32:00,17.04, , , , 
2020-08-03 07:33:00,17.06, , , , 
2020-08-03 07:34:00,17.11, , , , 
2020-08-03 07:35:00,17.15, , , , 
2020-08-03 07:36:00,17.20, , , , 
2020-08-03 07:37:00,17.25, , , , 
2020-08-03 07:38:00,17.28, , , , 
2020-08-03 07:39:00,17.31, , , , 
2020-08-03 07:40:00,17.35, , , , 
2020-08-03 07:41:00,17.38, , , , 
2020-08-03 07:42:00,17.41, , , , 
2020-08-03 07:43:00,17.47, , , , 
2020-08-03 07:44:00,17.52, , , , 
2020-08-03 07:45:00,17.55, , , , 
2020-08-03 07:46:00,17.60, , , , 
2020-08-03 07:47:00,17.63, , , , 
2020-08-03 07:48:00,17.66, , , , 
2020-08-03 07:49:00,17.68, , , , 
2020-08-03 07:50:00,17.73, , , , 
2020-08-03 07:51:00,17.79, , , , 
2020-08-03 07:52:00,17.81, , , , 
2020-08-03 07:53:00,17.85, , , , 
2020-08-03 07:54:00,17.88, , , , 
2020-08-03 07:55:00,17.93, , , , 
2020-08-03 07:56:00,17.96, , , , 
2020-08-03 07:57:00,17.99, , , , 
2020-08-03 07:58:00,18.03, , , , 
2020-08-03 07:59:00,18.08, , , , 
2020-08-03 08:00:00,18.09, , , , 
2020-08-03 08:01:00,18.13, , , , 
2020-08-03 08:02:00,18.18, , , , 
2020-08-03 08:03:00,18.22, , , , 
2020-08-03 08:04:00,18.21, , , , 
2020-08-03 08:05:00,18.25, , , , 
2020-08-03 08:06:00,18.28, , , , 
2020-08-03 08:07:00,18.27, , , , 
2020-08-03 08:08:00,18.28, , , , 
2020-08-03 08:09:00,18.29, , , , 
2020-08-03 08:10:00,18.29, , , , 
2020-08-03 08:11:00,18.30, , , , 
2020-08-03 08:12:00,18.34, , , , 
2020-08-03 08:13:00,18.36, , , , 
2020-08-03 08:14:00,18.35, , , , 
2020-08-03 08:15:00,18.38, , , , 
2020-08-03 08:16:00,18.38, , , , 
2020-08-03 08:17:00,18.38, , , , 
2020-08-03 08:18:00,18.37, , , , 
2020-08-03 08:19:00,18.35, , , , 
2020-08-03 08:20:00,18.32, , , , 
2020-08-03 08:21:00,18.32, , , , 
2020-08-03 08:22:00,18.34, , , , 
2020-08-03 08:23:00,18.35, , , , 
2020-08-03 08:24:00,18.35, , , , 
2020-08-03 08:25:00,18.35, , , , 
2020-08-03 08:26:00,18.37, , , , 
2020-08-03 08:27:00,18.36, , , , 
2020-08-03 08:28:00,18.35, , , , 
2020-08-03 08:29:00,18.34, , , , 
2020-08-03 08:30:00,18.32, , , , 
2020-08-03 08:31:00,18.33, , , , 
2020-08-03 08:32:00,18.34, , , , 
2020-08-03 08:33:00,18.35, , , , 
2020-08-03 08:34:00,18.34, , , , 
2020-08-03 08:35:00,18.37, , , , 
2020-08-03 08:36:00,18.39, , , , 
2020-08-03 08:37:00,18.38, , , , 
2020-08-03 08:38:00,18.38, , , , 
2020-08-03 08:39:00,18.35, , , , 
2020-08-03 08:40:00,18.36, , , , 
2020-08-03 08:41:00,18.34, , , , 
2020-08-03 08:42:00,18.35, , , , 
2020-08-03 08:43:00,18.33, , , , 
2020-08-03 08:44:00,18.36, , , , 
2020-08-03 08:45:00,18.38, , , , 
2020-08-03 08:46:00,18.35, , , , 
2020-08-03 08:47:00,18.38, , , , 
2020-08-03 08:48:00,18.38, , , , 
2020-08-03 08:49:00,18.36, , , , 
2020-08-03 08:50:00,18.35, , , , 
2020-08-03 08:51:00,18.34, , , , 
2020-08-03 08:52:00,18.33, , , , 
2020-08-03 08:53:00,18.34, , , , 
2020-08-03 08:54:00,18.35, , , , 
2020-08-03 08:55:00,18.35, , , , 
2020-08-03 08:56:00,18.35, , , , 
2020-08-03 08:57:00,18.37, , , , 
2020-08-03 08:58:00,18.38, , , , 
2020-08-03 08:59:00,18.38, , , , 
2020-08-03 09:00:00,18.36, , , , 
2020-08-03 09:01:00,18.36, , , , 
2020-08-03 09:02:00,18.34, , , , 
2020-08-03 09:03:00,18.33, , , , 
2020-08-03 09:04:00,18.34, , , , 
2020-08-03 09:05:00,18.34, , , , 
2020-08-03 09:06:00,18.38, , , , 
2020-08-03 09:07:00,18.38, , , , 
2020-08-03 09:08:00,18.36, , , , 
2020-08-03 09:09:00,18.36, , , , 
2020-08-03 09:10:00,18.37, , , , 
2020-08-03 09:11:00,18.37, , , , 
2020-08-03 09:12:00,18.35, , , , 
2020-08-03 09:13:00,18.35, , , , 
2020-08-03 09:14:00,18.36, , , , 
2020-08-03 09:15:00,18.34, , , , 
2020-08-03 09:16:00,18.32, , , , 
2020-08-03 09:17:00,18.29, , , , 
2020-08-03 09:18:00,18.29, , , , 
2020-08-03 09:19:00,18.27, , , , 
2020-08-03 09:20:00,18.29, , , , 
2020-08-03 09:21:00,18.29, , , , 
2020-08-03 09:22:00,18.34, , , , 
2020-08-03 09:23:00,18.30, , , , 
2020-08-03 09:24:00,18.33, , , , 
2020-08-03 09:25:00,18.34, , , , 
2020-08-03 09:26:00,18.32, , , , 
2020-08-03 09:27:00,18.32, , , , 
2020-08-03 09:28:00,18.30, , , , 
2020-08-03 09:29:00,18.29, , , , 
2020-08-03 09:30:00,18.29, , , , 
2020-08-03 09:31:00,18.29, , , , 
2020-08-03 09:32:00,18.28, , , , 
2020-08-03 09:33:00,18.28, , , , 
2020-08-03 09:34:00,18.29, , , , 
2020-08-03 09:35:00,18.32, , , , 
2020-08-03 09:36:00,18.30, , , , 
2020-08-03 09:37:00,18.30, , , , 
2020-08-03 09:38:00,18.30, , , , 
2020-08-03 09:39:00,18.30, , , , 
2020-08-03 09:40:00,18.28, , , , 
2020-08-03 09:41:00,18.28, , , , 
2020-08-03 09:42:00,18.27, , , , 
2020-08-03 09:43:00,18.29, , , , 
2020-08-03 09:44:00,18.33, , , , 
2020-08-03 09:45:00,18.33, , , , 
2020-08-03 09:46:00,18.33, , , , 
2020-08-03 09:47:00,18.32, , , , 
2020-08-03 09:48:00,18.29, , , , 
2020-08-03 09:49:00,18.30, , , , 
2020-08-03 09:50:00,18.28, , , , 
2020-08-03 09:51:00,18.28, , , , 
2020-08-03 09:52:00,18.27, , , , 
2020-08-03 09:53:00,18.28, , , , 
2020-08-03 09:54:00,18.29, , , , 
2020-08-03 09:55:00,18.29, , , , 
2020-08-03 09:56:00,18.33, , , , 
2020-08-03 09:57:00,18.34, , , , 
2020-08-03 09:58:00,18.36, , , , 
2020-08-03 09:59:00,18.36, , , , 
2020-08-03 10:00:00,18.35, , , , 
2020-08-03 10:01:00,18.36, , , , 
2020-08-03 10:02:00,18.36, , , , 
2020-08-03 10:03:00,18.38, , , , 
2020-08-03 10:04:00,18.37, , , , 
2020-08-03 10:05:00,18.39, , , , 
2020-08-03 10:06:00,18.42, , , , 
2020-08-03 10:07:00,18.43, , , , 
2020-08-03 10:08:00,18.48, , , , 
2020-08-03 10:09:00,18.51, , , , 
2020-08-03 10:10:00,18.51, , , , 
2020-08-03 10:11:00,18.55, , , , 
2020-08-03 10:12:00,18.55, , , , 
2020-08-03 10:13:00,18.62, , , , 
2020-08-03 10:14:00,18.65, , , , 
2020-08-03 10:15:00,18.69, , , , 
2020-08-03 10:16:00,18.71, , , , 
2020-08-03 10:17:00,18.73, , , , 
2020-08-03 10:18:00,18.79, , , , 
2020-08-03 10:19:00,18.81, , , , 
2020-08-03 10:20:00,18.85, , , , 
2020-08-03 10:21:00,18.86, , , , 
2020-08-03 10:22:00,18.92, , , , 
2020-08-03 10:23:00,18.94, , , , 
2020-08-03 10:24:00,18.98, , , , 
2020-08-03 10:25:00,19.00, , , , 
2020-08-03 10:26:00,19.06, , , , 
2020-08-03 10:27:00,19.06, , , , 
2020-08-03 10:28:00,19.11, , , , 
2020-08-03 10:29:00,19.15, , , , 
2020-08-03 10:30:00,19.16, , , , 
2020-08-03 10:31:00,19.18, , , , 
2020-08-03 10:32:00,19.23, , , , 
2020-08-03 10:33:00,19.28, , , , 
2020-08-03 10:34:00,19.29, , , , 
2020-08-03 10:35:00,19.35, , , , 
2020-08-03 10:36:00,19.36, , , , 
2020-08-03 10:37:00,19.41, , , , 
2020-08-03 10:38:00,19.41, , , , 
2020-08-03 10:39:00,19.45, , , , 
2020-08-03 10:40:00,19.48, , , , 
2020-08-03 10:41:00,19.52, , , , 
2020-08-03 10:42:00,19.54, , , , 
2020-08-03 10:43:00,19.58, , , , 
2020-08-03 10:44:00,19.59, , , , 
2020-08-03 10:45:00,19.65, , , , 
2020-08-03 10:46:00,19.69, , , , 
2020-08-03 10:47:00,19.72, , , , 
2020-08-03 10:48:00,19.73, , , , 
2020-08-03 10:49:00,19.76, , , , 
2020-08-03 10:50:00,19.77, , , , 
2020-08-03 10:51:00,19.82, , , , 
2020-08-03 10:52:00,19.86, , , , 
2020-08-03 10:53:00,19.88, , , , 
2020-08-03 10:54:00,19.91, , , , 
2020-08-03 10:55:00,19.94, , , , 
2020-08-03 10:56:00,19.96, , , , 
2020-08-03 10:57:00,20.02, , , , 
2020-08-03 10:58:00,20.05, , , , 
2020-08-03 10:59:00,20.06, , , , 
2020-08-03 11:00:00,20.10, , , , 
2020-08-03 11:01:00,20.11, , , , 
2020-08-03 11:02:00,20.13, , , , 
2020-08-03 11:03:00,20.18, , , , 
2020-08-03 11:04:00,20.21, , , , 
2020-08-03 11:05:00,20.21, , , , 
2020-08-03 11:06:00,20.26, , , , 
2020-08-03 11:07:00,20.29, , , , 
2020-08-03 11:08:00,20.29, , , , 
2020-08-03 11:09:00,20.33, , , , 
2020-08-03 11:10:00,20.36, , , , 
2020-08-03 11:11:00,20.39, , , , 
2020-08-03 11:12:00,20.40, , , , 
2020-08-03 11:13:00,20.44, , , , 
2020-08-03 11:14:00,20.46, , , , 
2020-08-03 11:15:00,20.48, , , , 
2020-08-03 11:16:00,20.46, , , , 
2020-08-03 11:17:00,20.44, , , , 
2020-08-03 11:18:00,20.43, , , , 
2020-08-03 11:19:00,20.43, , , , 
2020-08-03 11:20:00,20.46, , , , 
2020-08-03 11:21:00,20.47, , , , 
2020-08-03 11:22:00,20.47, , , , 
2020-08-03 11:23:00,20.47, , , , 
2020-08-03 11:24:00,20.47, , , , 
2020-08-03 11:25:00,20.46, , , , 
2020-08-03 11:26:00,20.45, , , , 
2020-08-03 11:27:00,20.45, , , , 
2020-08-03 11:28:00,20.45, , , , 
2020-08-03 11:29:00,20.46, , , , 
2020-08-03 11:30:00,20.47, , , , 
2020-08-03 11:31:00,20.49, , , , 
2020-08-03 11:32:00,20.47, , , , 
2020-08-03 11:33:00,20.48, , , , 
2020-08-03 11:34:00,20.47, , , , 
2020-08-03 11:35:00,20.45, , , , 
2020-08-03 11:36:00,20.45, , , , 
2020-08-03 11:37:00,20.44, , , , 
2020-08-03 11:38:00,20.47, , , , 
2020-08-03 11:39:00,20.46, , , , 
2020-08-03 11:40:00,20.48, , , , 
2020-08-03 11:41:00,20.49, , , , 
2020-08-03 11:42:00,20.50, , , , 
2020-08-03 11:43:00,20.47, , , , 
2020-08-03 11:44:00,20.47, , , , 
2020-08-03 11:45:00,20.47, , , , 
2020-08-03 11:46:00,20.45, , , , 
2020-08-03 11:47:00,20.45, , , , 
2020-08-03 11:48:00,20.46, , , , 
2020-08-03 11:49:00,20.47, , , , 
2020-08-03 11:50:00,20.47, , , , 
2020-08-03 11:51:00,20.51, , , , 
2020-08-03 11:52:00,20.48, , , , 
2020-08-03 11:53:00,20.47, , , , 
2020-08-03 11:54:00,20.46, , , , 
2020-08-03 11:55:00,20.47, , , , 
2020-08-03 11:56:00,20.47, , , , 
2020-08-03 11:57:00,20.47, , , , 
2020-08-03 11:58:00,20.47, , , , 
2020-08-03 11:59:00,20.47, , , , 
2020-08-03 12:00:00,20.50, , , , 
2020-08-03 12:01:00,20.48, , , , 
2020-08-03 12:02:00,20.48, , , , 
2020-08-03 12:03:00,20.45, , , , 
2020-08-03 12:04:00,20.45, , , , 
2020-08-03 12:05:00,20.46, , , , 
2020-08-03 12:06:00,20.46, , , , 
2020-08-03 12:07:00,20.47, , , , 
2020-08-03 12:08:00,20.48, , , , 
2020-08-03 12:09:00,20.47, , , , 
2020-08-03 12:10:00,20.47, , , , 
2020-08-03 12:11:00,20.51, , , , 
2020-08-03 12:12:00,20.47, , , , 
2020-08-03 12:13:00,20.49, , , , 
2020-08-03 12:14:00,20.45, , , , 
2020-08-03 12:15:00,20.47, , , , 
2020-08-03 12:16:00,20.46, , , , 
2020-08-03 12:17:00,20.46, , , , 
2020-08-03 12:18:00,20.47, , , , 
2020-08-03 12:19:00,20.49, , , , 
2020-08-03 12:20:00,20.49, , , , 
2020-08-03 12:21:00,20.48, , , , 
2020-08-03 12:22:00,20.47, , , , 
2020-08-03 12:23:00,20.47, , , , 
2020-08-03 12:24:00,20.46, , , , 
2020-08-03 12:25:00,20.45, , , , 
2020-08-03 12:26:00,20.46, , , , 
2020-08-03 12:27:00,20.46, , , , 
2020-08-03 12:28:00,20.47, , , , 
2020-08-03 12:29:00,20.49, , , , 
2020-08-03 12:30:00,20.50, , , , 
2020-08-03 12:31:00,20.48, , , , 
2020-08-03 12:32:00,20.47, , , , 
2020-08-03 12:33:00,20.47, , , , 
2020-08-03 12:34:00,20.47, , , , 
2020-08-03 12:35:00,20.45, , , , 
2020-08-03 12:36:00,20.45, , , , 
2020-08-03 12:37:00,20.45, , , , 
2020-08-03 12:38:00,20.48, , , , 
2020-08-03 12:39:00,20.48, , , , 
2020-08-03 12:40:00,20.49, , , , 
2020-08-03 12:41:00,20.49, , , , 
2020-08-03 12:42:00,20.47, , , , 
2020-08-03 12:43:00,20.48, , , , 
2020-08-03 12:44:00,20.46, , , , 
2020-08-03 12:45:00,20.46, , , , 
2020-08-03 12:46:00,20.45, , , , 
2020-08-03 12:47:00,20.47, , , , 
2020-08-03 12:48:00,20.49, , , , 
2020-08-03 12:49:00,20.47, , , , 
2020-08-03 12:50:00,20.48, , , , 
2020-08-03 12:51:00,20.46, , , , 
2020-08-03 12:52:00,20.47, , , , 
2020-08-03 12:53:00,20.47, , , , 
2020-08-03 12:54:00,20.47, , , , 
2020-08-03 12:55:00,20.46, , , , 
2020-08-03 12:56:00,20.47, , , , 
2020-08-03 12:57:00,20.49, , , , 
2020-08-03 12:58:00,20.47, , , , 
2020-08-03 12:59:00,20.51, , , , 
2020-08-03 13:00:00,20.49, , , , 
2020-08-03 13:01:00,20.51, , , , 
2020-08-03 13:02:00,20.53, , , , 
2020-08-03 13:03:00,20.53, , , , 
2020-08-03 13:04:00,20.56, , , , 
2020-08-03 13:05:00,20.51, , , , 
2020-08-03 13:06:00,20.51, , , , 
2020-08-03 13:07:00,20.51, , , , 
2020-08-03 13:08:00,20.51, , , , 
2020-08-03 13:09:00,20.48, , , , 
2020-08-03 13:10:00,20.48, , , , 
2020-08-03 13:11:00,20.45, , , , 
2020-08-03 13:12:00,20.46, , , , 
2020-08-03 13:13:00,20.47, , , , 
2020-08-03 13:14:00,20.47, , , , 
2020-08-03 13:15:00,20.49, , , , 
2020-08-03 13:16:00,20.50, , , , 
2020-08-03 13:17:00,20.51, , , , 
2020-08-03 13:18:00,20.50, , , , 
2020-08-03 13:19:00,20.47, , , , 
2020-08-03 13:20:00,20.48, , , , 
2020-08-03 13:21:00,20.47, , , , 
2020-08-03 13:22:00,20.46, , , , 
2020-08-03 13:23:00,20.44, , , , 
2020-08-03 13:24:00,20.46, , , , 
2020-08-03 13:25:00,20.47, , , , 
2020-08-03 13:26:00,20.49, , , , 
2020-08-03 13:27:00,20.50, , , , 
2020-08-03 13:28:00,20.49, , , , 
2020-08-03 13:29:00,20.48, , , , 
2020-08-03 13:30:00,20.48, , , , 
2020-08-03 13:31:00,20.45, , , , 
2020-08-03 13:32:00,20.44, , , , 
2020-08-03 13:33:00,20.45, , , , 
2020-08-03 13:34:00,20.46, , , , 
2020-08-03 13:35:00,20.47, , , , 
2020-08-03 13:36:00,20.47, , , , 
2020-08-03 13:37:00,20.49, , , , 
2020-08-03 13:38:00,20.49, , , , 
2020-08-03 13:39:00,20.48, , , , 
2020-08-03 13:40:00,20.47, , , , 
2020-08-03 13:41:00,20.47, , , , 
2020-08-03 13:42:00,20.46, , , , 
2020-08-03 13:43:00,20.47, , , , 
2020-08-03 13:44:00,20.47, , , , 
2020-08-03 13:45:00,20.48, , , , 
2020-08-03 13:46:00,20.50, , , , 
2020-08-03 13:47:00,20.49, , , , 
2020-08-03 13:48:00,20.49, , , , 
2020-08-03 13:49:00,20.47, , , , 
2020-08-03 13:50:00,20.47, , , , 
2020-08-03 13:51:00,20.46, , , , 
2020-08-03 13:52:00,20.45, , , , 
2020-08-03 13:53:00,20.47, , , , 
2020-08-03 13:54:00,20.47, , , , 
2020-08-03 13:55:00,20.47, , , , 
2020-08-03 13:56:00,20.46, , , , 
2020-08-03 13:57:00,20.51, , , , 
2020-08-03 13:58:00,20.49, , , , 
2020-08-03 13:59:00,20.47, , , , 
2020-08-03 14:00:00,20.48, , , , 
2020-08-03 14:01:00,20.47, , , , 
2020-08-03 14:02:00,20.45, , , , 
2020-08-03 14:03:00,20.45, , , , 
2020-08-03 14:04:00,20.46, , , , 
2020-08-03 14:05:00,20.47, , , , 
2020-08-03 14:06:00,20.48, , , , 
2020-08-03 14:07:00,20.47, , , , 
2020-08-03 14:08:00,20.49, , , , 
2020-08-03 14:09:00,20.49, , , , 
2020-08-03 14:10:00,20.49, , , , 
2020-08-03 14:11:00,20.46, , , , 
2020-08-03 14:12:00,20.47, , , , 
2020-08-03 14:13:00,20.45, , , , 
2020-08-03 14:14:00,20.45, , , , 
2020-08-03 14:15:00,20.46, , , , 
2020-08-03 14:16:00,20.47, , , , 
2020-08-03 14:17:00,20.47, , , , 
2020-08-03 14:18:00,20.48, , , , 
2020-08-03 14:19:00,20.47, , , , 
2020-08-03 14:20:00,20.47, , , , 
2020-08-03 14:21:00,20.47, , , , 
2020-08-03 14:22:00,20.46, , , , 
2020-08-03 14:23:00,20.46, , , , 
2020-08-03 14:24:00,20.46, , , , 
2020-08-03 14:25:00,20.47, , , , 
2020-08-03 14:26:00,20.47, , , , 
2020-08-03 14:27:00,20.50, , , , 
2020-08-03 14:28:00,20.49, , , , 
2020-08-03 14:29:00,20.47, , , , 
2020-08-03 14:30:00,20.49, , , , 
2020-08-03 14:31:00,20.47, , , , 
2020-08-03 14:32:00,20.47, , , , 
2020-08-03 14:33:00,20.46, , , , 
2020-08-03 14:34:00,20.47, , , , 
2020-08-03 14:35:00,20.47, , , , 
2020-08-03 14:36:00,20.49, , , , 
2020-08-03 14:36:11, ,Logged,Logged, , 
2020-08-03 14:37:00,20.51, , , , 
2020-08-03 14:38:00,20.48, , , , 
2020-08-03 14:39:00,20.47, , , , 
2020-08-03 14:40:00,20.47, , , , 
2020-08-03 14:41:00,20.46, , , , 
2020-08-03 14:42:00,20.45, , , , 
2020-08-03 14:43:00,20.45, , , , 
2020-08-03 14:44:00,20.43, , , , 
2020-08-03 14:45:00,20.42, , , , 
2020-08-03 14:46:00,20.39, , , , 
2020-08-03 14:47:00,20.39, , , , 
2020-08-03 14:48:00,20.36, , , , 
2020-08-03 14:49:00,20.33, , , , 
2020-08-03 14:50:00,20.31, , , , 
2020-08-03 14:51:00,20.30, , , , 
2020-08-03 14:52:00,20.29, , , , 
2020-08-03 14:53:00,20.26, , , , 
2020-08-03 14:54:00,20.24, , , , 
2020-08-03 14:55:00,20.20, , , , 
2020-08-03 14:56:00,20.20, , , , 
2020-08-03 14:57:00,20.18, , , , 
2020-08-03 14:58:00,20.17, , , , 
2020-08-03 14:59:00,20.14, , , , 
2020-08-03 15:00:00,20.10, , , , 
2020-08-03 15:01:00,20.10, , , , 
2020-08-03 15:02:00,20.06, , , , 
2020-08-03 15:03:00,20.04, , , , 
2020-08-03 15:04:00,20.03, , , , 
2020-08-03 15:05:00,20.00, , , , 
2020-08-03 15:06:00,19.97, , , , 
2020-08-03 15:07:00,19.98, , , , 
2020-08-03 15:08:00,19.95, , , , 
2020-08-03 15:09:00,19.92, , , , 
2020-08-03 15:10:00,19.90, , , , 
2020-08-03 15:11:00,19.87, , , , 
2020-08-03 15:12:00,19.86, , , , 
2020-08-03 15:13:00,19.84, , , , 
2020-08-03 15:14:00,19.84, , , , 
2020-08-03 15:15:00,19.81, , , , 
2020-08-03 15:16:00,19.77, , , , 
2020-08-03 15:17:00,19.75, , , , 
2020-08-03 15:18:00,19.72, , , , 
2020-08-03 15:19:00,19.73, , , , 
2020-08-03 15:20:00,19.70, , , , 
2020-08-03 15:21:00,19.69, , , , 
2020-08-03 15:22:00,19.66, , , , 
2020-08-03 15:23:00,19.66, , , , 
2020-08-03 15:24:00,19.62, , , , 
2020-08-03 15:25:00,19.60, , , , 
2020-08-03 15:26:00,19.59, , , , 
2020-08-03 15:27:00,19.58, , , , 
2020-08-03 15:28:00,19.54, , , , 
2020-08-03 15:29:00,19.54, , , , 
2020-08-03 15:30:00,19.51, , , , 
2020-08-03 15:31:00,19.48, , , , 
2020-08-03 15:32:00,19.46, , , , 
2020-08-03 15:33:00,19.47, , , , 
2020-08-03 15:34:00,19.43, , , , 
2020-08-03 15:35:00,19.43, , , , 
2020-08-03 15:36:00,19.41, , , , 
2020-08-03 15:37:00,19.37, , , , 
2020-08-03 15:38:00,19.36, , , , 
2020-08-03 15:39:00,19.37, , , , 
2020-08-03 15:40:00,19.32, , , , 
2020-08-03 15:41:00,19.31, , , , 
2020-08-03 15:42:00,19.31, , , , 
2020-08-03 15:43:00,19.29, , , , 
2020-08-03 15:44:00,19.26, , , , 
2020-08-03 15:45:00,19.23, , , , 
2020-08-03 15:46:00,19.24, , , , 
2020-08-03 15:47:00,19.18, , , , 
2020-08-03 15:48:00,19.20, , , , 
2020-08-03 15:49:00,19.16, , , , 
2020-08-03 15:50:00,19.16, , , , 
2020-08-03 15:51:00,19.16, , , , 
2020-08-03 15:52:00,19.12, , , , 
2020-08-03 15:53:00,19.11, , , , 
2020-08-03 15:54:00,19.10, , , , 
2020-08-03 15:55:00,19.10, , , , 
2020-08-03 15:56:00,19.08, , , , 
2020-08-03 15:57:00,19.06, , , , 
2020-08-03 15:58:00,19.03, , , , 
2020-08-03 15:59:00,19.00, , , , 
2020-08-03 16:00:00,19.01, , , , 
2020-08-03 16:01:00,18.97, , , , 
2020-08-03 16:02:00,18.94, , , , 
2020-08-03 16:03:00,18.94, , , , 
2020-08-03 16:04:00,18.91, , , , 
2020-08-03 16:05:00,18.91, , , , 
2020-08-03 16:06:00,18.89, , , , 
2020-08-03 16:07:00,18.89, , , , 
2020-08-03 16:08:00,18.86, , , , 
2020-08-03 16:09:00,18.84, , , , 
2020-08-03 16:10:00,18.83, , , , 
2020-08-03 16:11:00,18.80, , , , 
2020-08-03 16:12:00,18.81, , , , 
2020-08-03 16:13:00,18.80, , , , 
2020-08-03 16:14:00,18.77, , , , 
2020-08-03 16:15:00,18.76, , , , 
2020-08-03 16:16:00,18.76, , , , 
2020-08-03 16:17:00,18.76, , , , 
2020-08-03 16:18:00,18.72, , , , 
2020-08-03 16:19:00,18.69, , , , 
2020-08-03 16:20:00,18.68, , , , 
2020-08-03 16:21:00,18.66, , , , 
2020-08-03 16:22:00,18.65, , , , 
2020-08-03 16:23:00,18.64, , , , 
2020-08-03 16:24:00,18.62, , , , 
2020-08-03 16:25:00,18.61, , , , 
2020-08-03 16:26:00,18.61, , , , 
2020-08-03 16:27:00,18.56, , , , 
2020-08-03 16:28:00,18.54, , , , 
2020-08-03 16:29:00,18.54, , , , 
2020-08-03 16:30:00,18.53, , , , 
2020-08-03 16:31:00,18.53, , , , 
2020-08-03 16:32:00,18.50, , , , 
2020-08-03 16:33:00,18.48, , , , 
2020-08-03 16:34:00,18.49, , , , 
2020-08-03 16:35:00,18.47, , , , 
2020-08-03 16:36:00,18.44, , , , 
2020-08-03 16:37:00,18.41, , , , 
2020-08-03 16:38:00,18.40, , , , 
2020-08-03 16:39:00,18.38, , , , 
2020-08-03 16:40:00,18.39, , , , 
2020-08-03 16:41:00,18.38, , , , 
2020-08-03 16:42:00,18.38, , , , 
2020-08-03 16:43:00,18.39, , , , 
2020-08-03 16:44:00,18.40, , , , 
2020-08-03 16:45:00,18.42, , , , 
2020-08-03 16:46:00,18.39, , , , 
2020-08-03 16:47:00,18.40, , , , 
2020-08-03 16:48:00,18.40, , , , 
2020-08-03 16:49:00,18.40, , , , 
2020-08-03 16:50:00,18.38, , , , 
2020-08-03 16:51:00,18.38, , , , 
2020-08-03 16:52:00,18.36, , , , 
2020-08-03 16:53:00,18.37, , , , 
2020-08-03 16:54:00,18.36, , , , 
2020-08-03 16:55:00,18.36, , , , 
2020-08-03 16:56:00,18.40, , , , 
2020-08-03 16:57:00,18.40, , , , 
2020-08-03 16:58:00,18.37, , , , 
2020-08-03 16:59:00,18.38, , , , 
2020-08-03 17:00:00,18.38, , , , 
2020-08-03 17:01:00,18.39, , , , 
2020-08-03 17:02:00,18.39, , , , 
2020-08-03 17:03:00,18.38, , , , 
2020-08-03 17:04:00,18.36, , , , 
2020-08-03 17:05:00,18.34, , , , 
2020-08-03 17:06:00,18.35, , , , 
2020-08-03 17:07:00,18.35, , , , 
2020-08-03 17:08:00,18.36, , , , 
2020-08-03 17:09:00,18.41, , , , 
2020-08-03 17:10:00,18.39, , , , 
2020-08-03 17:11:00,18.40, , , , 
2020-08-03 17:12:00,18.39, , , , 
2020-08-03 17:13:00,18.37, , , , 
2020-08-03 17:14:00,18.37, , , , 
2020-08-03 17:15:00,18.36, , , , 
2020-08-03 17:16:00,18.35, , , , 
2020-08-03 17:17:00,18.35, , , , 
2020-08-03 17:18:00,18.38, , , , 
2020-08-03 17:19:00,18.37, , , , 
2020-08-03 17:20:00,18.37, , , , 
2020-08-03 17:21:00,18.38, , , , 
2020-08-03 17:22:00,18.37, , , , 
2020-08-03 17:23:00,18.39, , , , 
2020-08-03 17:24:00,18.38, , , , 
2020-08-03 17:25:00,18.38, , , , 
2020-08-03 17:26:00,18.36, , , , 
2020-08-03 17:27:00,18.35, , , , 
2020-08-03 17:28:00,18.34, , , , 
2020-08-03 17:29:00,18.34, , , , 
2020-08-03 17:30:00,18.33, , , , 
2020-08-03 17:31:00,18.30, , , , 
2020-08-03 17:32:00,18.30, , , , 
2020-08-03 17:33:00,18.29, , , , 
2020-08-03 17:34:00,18.32, , , , 
2020-08-03 17:35:00,18.36, , , , 
2020-08-03 17:36:00,18.33, , , , 
2020-08-03 17:37:00,18.34, , , , 
2020-08-03 17:38:00,18.35, , , , 
2020-08-03 17:39:00,18.32, , , , 
2020-08-03 17:40:00,18.34, , , , 
2020-08-03 17:41:00,18.33, , , , 
2020-08-03 17:42:00,18.32, , , , 
2020-08-03 17:43:00,18.30, , , , 
2020-08-03 17:44:00,18.29, , , , 
2020-08-03 17:45:00,18.28, , , , 
2020-08-03 17:46:00,18.33, , , , 
2020-08-03 17:47:00,18.34, , , , 
2020-08-03 17:48:00,18.34, , , , 
2020-08-03 17:49:00,18.32, , , , 
2020-08-03 17:50:00,18.33, , , , 
2020-08-03 17:51:00,18.34, , , , 
2020-08-03 17:52:00,18.34, , , , 
2020-08-03 17:53:00,18.33, , , , 
2020-08-03 17:54:00,18.30, , , , 
2020-08-03 17:55:00,18.29, , , , 
2020-08-03 17:56:00,18.29, , , , 
2020-08-03 17:57:00,18.27, , , , 
2020-08-03 17:58:00,18.29, , , , 
2020-08-03 17:59:00,18.29, , , , 
2020-08-03 18:00:00,18.32, , , , 
2020-08-03 18:01:00,18.33, , , , 
2020-08-03 18:02:00,18.33, , , , 
2020-08-03 18:03:00,18.30, , , , 
2020-08-03 18:04:00,18.32, , , , 
2020-08-03 18:05:00,18.33, , , , 
2020-08-03 18:06:00,18.29, , , , 
2020-08-03 18:07:00,18.29, , , , 
2020-08-03 18:08:00,18.29, , , , 
2020-08-03 18:09:00,18.29, , , , 
2020-08-03 18:10:00,18.30, , , , 
2020-08-03 18:11:00,18.32, , , , 
2020-08-03 18:12:00,18.33, , , , 
2020-08-03 18:13:00,18.36, , , , 
2020-08-03 18:14:00,18.32, , , , 
2020-08-03 18:15:00,18.32, , , , 
2020-08-03 18:16:00,18.30, , , , 
2020-08-03 18:17:00,18.29, , , , 
2020-08-03 18:18:00,18.32, , , , 
2020-08-03 18:19:00,18.29, , , , 
2020-08-03 18:20:00,18.28, , , , 
2020-08-03 18:21:00,18.30, , , , 
2020-08-03 18:22:00,18.29, , , , 
2020-08-03 18:23:00,18.33, , , , 
2020-08-03 18:24:00,18.34, , , , 
2020-08-03 18:25:00,18.33, , , , 
2020-08-03 18:26:00,18.35, , , , 
2020-08-03 18:27:00,18.34, , , , 
2020-08-03 18:28:00,18.32, , , , 
2020-08-03 18:29:00,18.32, , , , 
2020-08-03 18:30:00,18.32, , , , 
2020-08-03 18:31:00,18.30, , , , 
2020-08-03 18:32:00,18.29, , , , 
2020-08-03 18:33:00,18.30, , , , 
2020-08-03 18:34:00,18.32, , , , 
2020-08-03 18:35:00,18.33, , , , 
2020-08-03 18:36:00,18.35, , , , 
2020-08-03 18:37:00,18.33, , , , 
2020-08-03 18:38:00,18.34, , , , 
2020-08-03 18:38:12, ,Logged,Logged, , 
2020-08-03 18:39:00,18.35, , , , 
2020-08-03 18:40:00,18.32, , , , 
2020-08-03 18:41:00,18.30, , , , 
2020-08-03 18:42:00,18.29, , , , 
2020-08-03 18:43:00,18.30, , , , 
2020-08-03 18:44:00,18.29, , , , 
2020-08-03 18:45:00,18.27, , , , 
2020-08-03 18:46:00,18.28, , , , 
2020-08-03 18:47:00,18.30, , , , 
2020-08-03 18:48:00,18.32, , , , 
2020-08-03 18:49:00,18.36, , , , 
2020-08-03 18:50:00,18.37, , , , 
2020-08-03 18:51:00,18.36, , , , 
2020-08-03 18:52:00,18.38, , , , 
2020-08-03 18:53:00,18.36, , , , 
2020-08-03 18:54:00,18.36, , , , 
2020-08-03 18:55:00,18.34, , , , 
2020-08-03 18:56:00,18.35, , , , 
2020-08-03 18:57:00,18.34, , , , 
2020-08-03 18:58:00,18.33, , , , 
2020-08-03 18:59:00,18.32, , , , 
2020-08-03 19:00:00,18.34, , , , 
2020-08-03 19:01:00,18.36, , , , 
2020-08-03 19:02:00,18.37, , , , 
2020-08-03 19:03:00,18.38, , , , 
2020-08-03 19:04:00,18.38, , , , 
2020-08-03 19:05:00,18.39, , , , 
2020-08-03 19:06:00,18.38, , , , 
2020-08-03 19:07:00,18.36, , , , 
2020-08-03 19:08:00,18.36, , , , 
2020-08-03 19:09:00,18.34, , , , 
2020-08-03 19:10:00,18.35, , , , 
2020-08-03 19:11:00,18.34, , , , 
2020-08-03 19:12:00,18.33, , , , 
2020-08-03 19:13:00,18.34, , , , 
2020-08-03 19:14:00,18.35, , , , 
2020-08-03 19:15:00,18.38, , , , 
2020-08-03 19:16:00,18.38, , , , 
2020-08-03 19:17:00,18.38, , , , 
2020-08-03 19:18:00,18.36, , , , 
2020-08-03 19:19:00,18.37, , , , 
2020-08-03 19:20:00,18.37, , , , 
2020-08-03 19:21:00,18.34, , , , 
2020-08-03 19:22:00,18.35, , , , 
2020-08-03 19:23:00,18.34, , , , 
2020-08-03 19:24:00,18.33, , , , 
2020-08-03 19:25:00,18.35, , , , 
2020-08-03 19:26:00,18.35, , , , 
2020-08-03 19:27:00,18.37, , , , 
2020-08-03 19:28:00,18.38, , , , 
2020-08-03 19:29:00,18.34, , , , 
2020-08-03 19:30:00,18.37, , , , 
2020-08-03 19:31:00,18.34, , , , 
2020-08-03 19:32:00,18.34, , , , 
2020-08-03 19:33:00,18.35, , , , 
2020-08-03 19:34:00,18.35, , , , 
2020-08-03 19:35:00,18.34, , , , 
2020-08-03 19:36:00,18.35, , , , 
2020-08-03 19:37:00,18.37, , , , 
2020-08-03 19:38:00,18.37, , , , 
2020-08-03 19:39:00,18.37, , , , 
2020-08-03 19:40:00,18.37, , , , 
2020-08-03 19:41:00,18.35, , , , 
2020-08-03 19:42:00,18.36, , , , 
2020-08-03 19:43:00,18.34, , , , 
2020-08-03 19:44:00,18.33, , , , 
2020-08-03 19:45:00,18.35, , , , 
2020-08-03 19:46:00,18.34, , , , 
2020-08-03 19:47:00,18.36, , , , 
2020-08-03 19:48:00,18.37, , , , 
2020-08-03 19:49:00,18.37, , , , 
2020-08-03 19:50:00,18.39, , , , 
2020-08-03 19:51:00,18.38, , , , 
2020-08-03 19:52:00,18.36, , , , 
2020-08-03 19:53:00,18.34, , , , 
2020-08-03 19:54:00,18.38, , , , 
2020-08-03 19:55:00,18.36, , , , 
2020-08-03 19:56:00,18.33, , , , 
2020-08-03 19:57:00,18.34, , , , 
2020-08-03 19:58:00,18.33, , , , 
2020-08-03 19:59:00,18.35, , , , 
2020-08-03 20:00:00,18.38, , , , 
2020-08-03 20:01:00,18.37, , , , 
2020-08-03 20:02:00,18.37, , , , 
2020-08-03 20:03:00,18.38, , , , 
2020-08-03 20:04:00,18.38, , , , 
2020-08-03 20:05:00,18.37, , , , 
2020-08-03 20:06:00,18.35, , , , 
2020-08-03 20:07:00,18.37, , , , 
2020-08-03 20:08:00,18.33, , , , 
2020-08-03 20:09:00,18.32, , , , 
2020-08-03 20:10:00,18.30, , , , 
2020-08-03 20:11:00,18.30, , , , 
2020-08-03 20:12:00,18.28, , , , 
2020-08-03 20:13:00,18.26, , , , 
2020-08-03 20:14:00,18.25, , , , 
2020-08-03 20:15:00,18.24, , , , 
2020-08-03 20:16:00,18.24, , , , 
2020-08-03 20:17:00,18.20, , , , 
2020-08-03 20:18:00,18.20, , , , 
2020-08-03 20:19:00,18.19, , , , 
2020-08-03 20:20:00,18.18, , , , 
2020-08-03 20:21:00,18.15, , , , 
2020-08-03 20:22:00,18.15, , , , 
2020-08-03 20:23:00,18.13, , , , 
2020-08-03 20:24:00,18.12, , , , 
2020-08-03 20:25:00,18.10, , , , 
2020-08-03 20:26:00,18.07, , , , 
2020-08-03 20:27:00,18.06, , , , 
2020-08-03 20:28:00,18.06, , , , 
2020-08-03 20:29:00,18.05, , , , 
2020-08-03 20:30:00,18.02, , , , 
2020-08-03 20:31:00,17.99, , , , 
2020-08-03 20:32:00,17.99, , , , 
2020-08-03 20:33:00,17.99, , , , 
2020-08-03 20:34:00,17.97, , , , 
2020-08-03 20:35:00,17.98, , , , 
2020-08-03 20:36:00,17.95, , , , 
2020-08-03 20:37:00,17.95, , , , 
2020-08-03 20:38:00,17.91, , , , 
2020-08-03 20:39:00,17.93, , , , 
2020-08-03 20:40:00,17.91, , , , 
2020-08-03 20:41:00,17.87, , , , 
2020-08-03 20:42:00,17.87, , , , 
2020-08-03 20:43:00,17.85, , , , 
2020-08-03 20:44:00,17.84, , , , 
2020-08-03 20:45:00,17.82, , , , 
2020-08-03 20:46:00,17.82, , , , 
2020-08-03 20:47:00,17.79, , , , 
2020-08-03 20:48:00,17.79, , , , 
2020-08-03 20:49:00,17.77, , , , 
2020-08-03 20:50:00,17.75, , , , 
2020-08-03 20:51:00,17.73, , , , 
2020-08-03 20:52:00,17.73, , , , 
2020-08-03 20:53:00,17.72, , , , 
2020-08-03 20:54:00,17.70, , , , 
2020-08-03 20:55:00,17.72, , , , 
2020-08-03 20:56:00,17.67, , , , 
2020-08-03 20:57:00,17.66, , , , 
2020-08-03 20:58:00,17.65, , , , 
2020-08-03 20:59:00,17.64, , , , 
2020-08-03 21:00:00,17.63, , , , 
2020-08-03 21:01:00,17.62, , , , 
2020-08-03 21:02:00,17.61, , , , 
2020-08-03 21:03:00,17.62, , , , 
2020-08-03 21:04:00,17.58, , , , 
2020-08-03 21:05:00,17.55, , , , 
2020-08-03 21:06:00,17.58, , , , 
2020-08-03 21:07:00,17.55, , , , 
2020-08-03 21:08:00,17.52, , , , 
2020-08-03 21:09:00,17.52, , , , 
2020-08-03 21:10:00,17.49, , , , 
2020-08-03 21:11:00,17.50, , , , 
2020-08-03 21:12:00,17.49, , , , 
2020-08-03 21:13:00,17.49, , , , 
2020-08-03 21:14:00,17.47, , , , 
2020-08-03 21:15:00,17.46, , , , 
2020-08-03 21:16:00,17.44, , , , 
2020-08-03 21:17:00,17.41, , , , 
2020-08-03 21:18:00,17.43, , , , 
2020-08-03 21:19:00,17.38, , , , 
2020-08-03 21:20:00,17.40, , , , 
2020-08-03 21:21:00,17.39, , , , 
2020-08-03 21:22:00,17.36, , , , 
2020-08-03 21:23:00,17.36, , , , 
2020-08-03 21:24:00,17.34, , , , 
2020-08-03 21:25:00,17.34, , , , 
2020-08-03 21:26:00,17.33, , , , 
2020-08-03 21:27:00,17.31, , , , 
2020-08-03 21:28:00,17.30, , , , 
2020-08-03 21:29:00,17.29, , , , 
2020-08-03 21:30:00,17.30, , , , 
2020-08-03 21:31:00,17.26, , , , 
2020-08-03 21:32:00,17.25, , , , 
2020-08-03 21:33:00,17.25, , , , 
2020-08-03 21:34:00,17.23, , , , 
2020-08-03 21:35:00,17.22, , , , 
2020-08-03 21:36:00,17.21, , , , 
2020-08-03 21:37:00,17.21, , , , 
2020-08-03 21:38:00,17.19, , , , 
2020-08-03 21:39:00,17.17, , , , 
2020-08-03 21:40:00,17.17, , , , 
2020-08-03 21:41:00,17.18, , , , 
2020-08-03 21:42:00,17.15, , , , 
2020-08-03 21:43:00,17.13, , , , 
2020-08-03 21:44:00,17.13, , , , 
2020-08-03 21:45:00,17.10, , , , 
2020-08-03 21:46:00,17.11, , , , 
2020-08-03 21:47:00,17.09, , , , 
2020-08-03 21:48:00,17.10, , , , 
2020-08-03 21:49:00,17.06, , , , 
2020-08-03 21:50:00,17.07, , , , 
2020-08-03 21:51:00,17.07, , , , 
2020-08-03 21:52:00,17.06, , , , 
2020-08-03 21:53:00,17.05, , , , 
2020-08-03 21:54:00,17.03, , , , 
2020-08-03 21:55:00,17.01, , , , 
2020-08-03 21:56:00,17.01, , , , 
2020-08-03 21:57:00,16.99, , , , 
2020-08-03 21:58:00,16.98, , , , 
2020-08-03 21:59:00,16.98, , , , 
2020-08-03 22:00:00,16.96, , , , 
2020-08-03 22:01:00,16.94, , , , 
2020-08-03 22:02:00,16.95, , , , 
2020-08-03 22:03:00,16.93, , , , 
2020-08-03 22:04:00,16.92, , , , 
2020-08-03 22:05:00,16.90, , , , 
2020-08-03 22:06:00,16.92, , , , 
2020-08-03 22:07:00,16.90, , , , 
2020-08-03 22:08:00,16.90, , , , 
2020-08-03 22:09:00,16.87, , , , 
2020-08-03 22:10:00,16.87, , , , 
2020-08-03 22:11:00,16.89, , , , 
2020-08-03 22:12:00,16.86, , , , 
2020-08-03 22:13:00,16.84, , , , 
2020-08-03 22:14:00,16.86, , , , 
2020-08-03 22:15:00,16.84, , , , 
2020-08-03 22:16:00,16.80, , , , 
2020-08-03 22:17:00,16.80, , , , 
2020-08-03 22:18:00,16.80, , , , 
2020-08-03 22:19:00,16.76, , , , 
2020-08-03 22:20:00,16.77, , , , 
2020-08-03 22:21:00,16.78, , , , 
2020-08-03 22:22:00,16.76, , , , 
2020-08-03 22:23:00,16.75, , , , 
2020-08-03 22:24:00,16.75, , , , 
2020-08-03 22:25:00,16.73, , , , 
2020-08-03 22:26:00,16.71, , , , 
2020-08-03 22:27:00,16.73, , , , 
2020-08-03 22:28:00,16.71, , , , 
2020-08-03 22:29:00,16.67, , , , 
2020-08-03 22:30:00,16.67, , , , 
2020-08-03 22:31:00,16.67, , , , 
2020-08-03 22:32:00,16.65, , , , 
2020-08-03 22:33:00,16.66, , , , 
2020-08-03 22:34:00,16.63, , , , 
2020-08-03 22:35:00,16.64, , , , 
2020-08-03 22:36:00,16.64, , , , 
2020-08-03 22:37:00,16.63, , , , 
2020-08-03 22:38:00,16.63, , , , 
2020-08-03 22:39:00,16.60, , , , 
2020-08-03 22:40:00,16.60, , , , 
2020-08-03 22:41:00,16.59, , , , 
2020-08-03 22:42:00,16.58, , , , 
2020-08-03 22:43:00,16.58, , , , 
2020-08-03 22:44:00,16.57, , , , 
2020-08-03 22:45:00,16.55, , , , 
2020-08-03 22:46:00,16.55, , , , 
2020-08-03 22:47:00,16.55, , , , 
2020-08-03 22:48:00,16.55, , , , 
2020-08-03 22:49:00,16.51, , , , 
2020-08-03 22:50:00,16.49, , , , 
2020-08-03 22:51:00,16.50, , , , 
2020-08-03 22:52:00,16.51, , , , 
2020-08-03 22:53:00,16.48, , , , 
2020-08-03 22:54:00,16.47, , , , 
2020-08-03 22:55:00,16.45, , , , 
2020-08-03 22:56:00,16.46, , , , 
2020-08-03 22:57:00,16.45, , , , 
2020-08-03 22:58:00,16.44, , , , 
2020-08-03 22:59:00,16.43, , , , 
2020-08-03 23:00:00,16.45, , , , 
2020-08-03 23:01:00,16.43, , , , 
2020-08-03 23:02:00,16.43, , , , 
2020-08-03 23:03:00,16.41, , , , 
2020-08-03 23:04:00,16.42, , , , 
2020-08-03 23:05:00,16.40, , , , 
2020-08-03 23:06:00,16.37, , , , 
2020-08-03 23:07:00,16.36, , , , 
2020-08-03 23:08:00,16.34, , , , 
2020-08-03 23:09:00,16.35, , , , 
2020-08-03 23:10:00,16.35, , , , 
2020-08-03 23:11:00,16.34, , , , 
2020-08-03 23:12:00,16.35, , , , 
2020-08-03 23:13:00,16.32, , , , 
2020-08-03 23:14:00,16.33, , , , 
2020-08-03 23:15:00,16.32, , , , 
2020-08-03 23:16:00,16.29, , , , 
2020-08-03 23:17:00,16.31, , , , 
2020-08-03 23:18:00,16.30, , , , 
2020-08-03 23:19:00,16.30, , , , 
2020-08-03 23:20:00,16.28, , , , 
2020-08-03 23:21:00,16.25, , , , 
2020-08-03 23:22:00,16.26, , , , 
2020-08-03 23:23:00,16.26, , , , 
2020-08-03 23:24:00,16.26, , , , 
2020-08-03 23:25:00,16.24, , , , 
2020-08-03 23:26:00,16.24, , , , 
2020-08-03 23:27:00,16.24, , , , 
2020-08-03 23:28:00,16.21, , , , 
2020-08-03 23:29:00,16.21, , , , 
2020-08-03 23:30:00,16.20, , , , 
2020-08-03 23:31:00,16.20, , , , 
2020-08-03 23:32:00,16.19, , , , 
2020-08-03 23:33:00,16.17, , , , 
2020-08-03 23:34:00,16.16, , , , 
2020-08-03 23:35:00,16.16, , , , 
2020-08-03 23:36:00,16.17, , , , 
2020-08-03 23:37:00,16.15, , , , 
2020-08-03 23:38:00,16.14, , , , 
2020-08-03 23:39:00,16.14, , , , 
2020-08-03 23:40:00,16.12, , , , 
2020-08-03 23:41:00,16.13, , , , 
2020-08-03 23:42:00,16.13, , , , 
2020-08-03 23:43:00,16.11, , , , 
2020-08-03 23:44:00,16.10, , , , 
2020-08-03 23:45:00,16.11, , , , 
2020-08-03 23:46:00,16.08, , , , 
2020-08-03 23:47:00,16.08, , , , 
2020-08-03 23:48:00,16.07, , , , 
2020-08-03 23:49:00,16.08, , , , 
2020-08-03 23:50:00,16.08, , , , 
2020-08-03 23:51:00,16.03, , , , 
2020-08-03 23:52:00,16.05, , , , 
2020-08-03 23:53:00,16.04, , , , 
2020-08-03 23:54:00,16.04, , , , 
2020-08-03 23:55:00,16.03, , , , 
2020-08-03 23:56:00,16.01, , , , 
2020-08-03 23:57:00,16.01, , , , 
2020-08-03 23:58:00,16.01, , , , 
2020-08-03 23:59:00,16.00, , , , 
2020-08-04 00:00:00,15.99, , , , 
2020-08-04 00:01:00,15.97, , , , 
2020-08-04 00:02:00,15.99, , , , 
2020-08-04 00:03:00,15.98, , , , 
2020-08-04 00:04:00,15.98, , , , 
2020-08-04 00:05:00,15.97, , , , 
2020-08-04 00:06:00,15.96, , , , 
2020-08-04 00:07:00,15.95, , , , 
2020-08-04 00:08:00,15.93, , , , 
2020-08-04 00:09:00,15.96, , , , 
2020-08-04 00:10:00,15.93, , , , 
2020-08-04 00:11:00,15.92, , , , 
2020-08-04 00:12:00,15.93, , , , 
2020-08-04 00:13:00,15.92, , , , 
2020-08-04 00:14:00,15.91, , , , 
2020-08-04 00:15:00,15.88, , , , 
2020-08-04 00:16:00,15.89, , , , 
2020-08-04 00:17:00,15.91, , , , 
2020-08-04 00:18:00,15.89, , , , 
2020-08-04 00:19:00,15.87, , , , 
2020-08-04 00:20:00,15.87, , , , 
2020-08-04 00:21:00,15.86, , , , 
2020-08-04 00:22:00,15.86, , , , 
2020-08-04 00:23:00,15.85, , , , 
2020-08-04 00:24:00,15.85, , , , 
2020-08-04 00:25:00,15.84, , , , 
2020-08-04 00:26:00,15.84, , , , 
2020-08-04 00:27:00,15.83, , , , 
2020-08-04 00:28:00,15.82, , , , 
2020-08-04 00:29:00,15.83, , , , 
2020-08-04 00:30:00,15.82, , , , 
2020-08-04 00:31:00,15.82, , , , 
2020-08-04 00:32:00,15.78, , , , 
2020-08-04 00:33:00,15.81, , , , 
2020-08-04 00:34:00,15.80, , , , 
2020-08-04 00:35:00,15.78, , , , 
2020-08-04 00:36:00,15.76, , , , 
2020-08-04 00:37:00,15.77, , , , 
2020-08-04 00:38:00,15.76, , , , 
2020-08-04 00:39:00,15.76, , , , 
2020-08-04 00:40:00,15.76, , , , 
2020-08-04 00:41:00,15.73, , , , 
2020-08-04 00:42:00,15.73, , , , 
2020-08-04 00:43:00,15.74, , , , 
2020-08-04 00:44:00,15.72, , , , 
2020-08-04 00:45:00,15.73, , , , 
2020-08-04 00:46:00,15.73, , , , 
2020-08-04 00:47:00,15.70, , , , 
2020-08-04 00:48:00,15.70, , , , 
2020-08-04 00:49:00,15.71, , , , 
2020-08-04 00:50:00,15.69, , , , 
2020-08-04 00:51:00,15.71, , , , 
2020-08-04 00:52:00,15.69, , , , 
2020-08-04 00:53:00,15.69, , , , 
2020-08-04 00:54:00,15.69, , , , 
2020-08-04 00:55:00,15.67, , , , 
2020-08-04 00:56:00,15.68, , , , 
2020-08-04 00:57:00,15.65, , , , 
2020-08-04 00:58:00,15.67, , , , 
2020-08-04 00:59:00,15.66, , , , 
2020-08-04 01:00:00,15.63, , , , 
2020-08-04 01:01:00,15.66, , , , 
2020-08-04 01:02:00,15.65, , , , 
2020-08-04 01:03:00,15.62, , , , 
2020-08-04 01:04:00,15.62, , , , 
2020-08-04 01:05:00,15.62, , , , 
2020-08-04 01:06:00,15.60, , , , 
2020-08-04 01:07:00,15.62, , , , 
2020-08-04 01:08:00,15.62, , , , 
2020-08-04 01:09:00,15.59, , , , 
2020-08-04 01:10:00,15.58, , , , 
2020-08-04 01:11:00,15.59, , , , 
2020-08-04 01:12:00,15.58, , , , 
2020-08-04 01:13:00,15.56, , , , 
2020-08-04 01:14:00,15.56, , , , 
2020-08-04 01:15:00,15.57, , , , 
2020-08-04 01:16:00,15.57, , , , 
2020-08-04 01:17:00,15.55, , , , 
2020-08-04 01:18:00,15.57, , , , 
2020-08-04 01:19:00,15.54, , , , 
2020-08-04 01:20:00,15.53, , , , 
2020-08-04 01:21:00,15.53, , , , 
2020-08-04 01:22:00,15.54, , , , 
2020-08-04 01:23:00,15.53, , , , 
2020-08-04 01:24:00,15.53, , , , 
2020-08-04 01:25:00,15.53, , , , 
2020-08-04 01:26:00,15.52, , , , 
2020-08-04 01:27:00,15.49, , , , 
2020-08-04 01:28:00,15.51, , , , 
2020-08-04 01:29:00,15.52, , , , 
2020-08-04 01:30:00,15.47, , , , 
2020-08-04 01:31:00,15.48, , , , 
2020-08-04 01:32:00,15.48, , , , 
2020-08-04 01:33:00,15.47, , , , 
2020-08-04 01:34:00,15.47, , , , 
2020-08-04 01:35:00,15.46, , , , 
2020-08-04 01:36:00,15.47, , , , 
2020-08-04 01:37:00,15.46, , , , 
2020-08-04 01:38:00,15.45, , , , 
2020-08-04 01:39:00,15.45, , , , 
2020-08-04 01:40:00,15.45, , , , 
2020-08-04 01:41:00,15.46, , , , 
2020-08-04 01:42:00,15.47, , , , 
2020-08-04 01:43:00,15.51, , , , 
2020-08-04 01:44:00,15.49, , , , 
2020-08-04 01:45:00,15.52, , , , 
2020-08-04 01:46:00,15.53, , , , 
2020-08-04 01:47:00,15.53, , , , 
2020-08-04 01:48:00,15.53, , , , 
2020-08-04 01:49:00,15.52, , , , 
2020-08-04 01:50:00,15.52, , , , 
2020-08-04 01:51:00,15.51, , , , 
2020-08-04 01:52:00,15.52, , , , 
2020-08-04 01:53:00,15.52, , , , 
2020-08-04 01:54:00,15.52, , , , 
2020-08-04 01:55:00,15.51, , , , 
2020-08-04 01:56:00,15.48, , , , 
2020-08-04 01:57:00,15.49, , , , 
2020-08-04 01:58:00,15.48, , , , 
2020-08-04 01:59:00,15.51, , , , 
2020-08-04 02:00:00,15.51, , , , 
2020-08-04 02:01:00,15.47, , , , 
2020-08-04 02:02:00,15.47, , , , 
2020-08-04 02:03:00,15.47, , , , 
2020-08-04 02:04:00,15.47, , , , 
2020-08-04 02:05:00,15.47, , , , 
2020-08-04 02:06:00,15.48, , , , 
2020-08-04 02:07:00,15.49, , , , 
2020-08-04 02:08:00,15.51, , , , 
2020-08-04 02:09:00,15.47, , , , 
2020-08-04 02:10:00,15.53, , , , 
2020-08-04 02:11:00,15.51, , , , 
2020-08-04 02:12:00,15.49, , , , 
2020-08-04 02:13:00,15.52, , , , 
2020-08-04 02:14:00,15.48, , , , 
2020-08-04 02:15:00,15.52, , , , 
2020-08-04 02:16:00,15.49, , , , 
2020-08-04 02:17:00,15.48, , , , 
2020-08-04 02:18:00,15.48, , , , 
2020-08-04 02:19:00,15.47, , , , 
2020-08-04 02:20:00,15.47, , , , 
2020-08-04 02:21:00,15.45, , , , 
2020-08-04 02:22:00,15.47, , , , 
2020-08-04 02:23:00,15.44, , , , 
2020-08-04 02:24:00,15.45, , , , 
2020-08-04 02:25:00,15.46, , , , 
2020-08-04 02:26:00,15.47, , , , 
2020-08-04 02:27:00,15.51, , , , 
2020-08-04 02:28:00,15.52, , , , 
2020-08-04 02:29:00,15.52, , , , 
2020-08-04 02:30:00,15.51, , , , 
2020-08-04 02:31:00,15.52, , , , 
2020-08-04 02:32:00,15.53, , , , 
2020-08-04 02:33:00,15.48, , , , 
2020-08-04 02:34:00,15.49, , , , 
2020-08-04 02:35:00,15.49, , , , 
2020-08-04 02:36:00,15.49, , , , 
2020-08-04 02:37:00,15.47, , , , 
2020-08-04 02:38:00,15.51, , , , 
2020-08-04 02:39:00,15.47, , , , 
2020-08-04 02:40:00,15.49, , , , 
2020-08-04 02:41:00,15.48, , , , 
2020-08-04 02:42:00,15.47, , , , 
2020-08-04 02:43:00,15.47, , , , 
2020-08-04 02:44:00,15.46, , , , 
2020-08-04 02:45:00,15.45, , , , 
2020-08-04 02:46:00,15.44, , , , 
2020-08-04 02:47:00,15.46, , , , 
2020-08-04 02:48:00,15.45, , , , 
2020-08-04 02:49:00,15.44, , , , 
2020-08-04 02:50:00,15.44, , , , 
2020-08-04 02:51:00,15.43, , , , 
2020-08-04 02:52:00,15.43, , , , 
2020-08-04 02:53:00,15.43, , , , 
2020-08-04 02:54:00,15.42, , , , 
2020-08-04 02:55:00,15.43, , , , 
2020-08-04 02:56:00,15.41, , , , 
2020-08-04 02:57:00,15.42, , , , 
2020-08-04 02:58:00,15.40, , , , 
2020-08-04 02:59:00,15.40, , , , 
2020-08-04 03:00:00,15.40, , , , 
2020-08-04 03:01:00,15.40, , , , 
2020-08-04 03:02:00,15.40, , , , 
2020-08-04 03:03:00,15.42, , , , 
2020-08-04 03:04:00,15.42, , , , 
2020-08-04 03:05:00,15.44, , , , 
2020-08-04 03:06:00,15.42, , , , 
2020-08-04 03:07:00,15.45, , , , 
2020-08-04 03:08:00,15.45, , , , 
2020-08-04 03:09:00,15.44, , , , 
2020-08-04 03:10:00,15.45, , , , 
2020-08-04 03:11:00,15.46, , , , 
2020-08-04 03:12:00,15.45, , , , 
2020-08-04 03:13:00,15.44, , , , 
2020-08-04 03:14:00,15.44, , , , 
2020-08-04 03:15:00,15.45, , , , 
2020-08-04 03:16:00,15.44, , , , 
2020-08-04 03:17:00,15.43, , , , 
2020-08-04 03:18:00,15.42, , , , 
2020-08-04 03:19:00,15.40, , , , 
2020-08-04 03:20:00,15.41, , , , 
2020-08-04 03:21:00,15.42, , , , 
2020-08-04 03:22:00,15.38, , , , 
2020-08-04 03:23:00,15.41, , , , 
2020-08-04 03:24:00,15.41, , , , 
2020-08-04 03:25:00,15.40, , , , 
2020-08-04 03:26:00,15.39, , , , 
2020-08-04 03:27:00,15.42, , , , 
2020-08-04 03:28:00,15.42, , , , 
2020-08-04 03:29:00,15.43, , , , 
2020-08-04 03:30:00,15.43, , , , 
2020-08-04 03:31:00,15.47, , , , 
2020-08-04 03:32:00,15.45, , , , 
2020-08-04 03:33:00,15.43, , , , 
2020-08-04 03:34:00,15.44, , , , 
2020-08-04 03:35:00,15.41, , , , 
2020-08-04 03:36:00,15.44, , , , 
2020-08-04 03:37:00,15.43, , , , 
2020-08-04 03:38:00,15.43, , , , 
2020-08-04 03:39:00,15.41, , , , 
2020-08-04 03:40:00,15.43, , , , 
2020-08-04 03:41:00,15.43, , , , 
2020-08-04 03:42:00,15.42, , , , 
2020-08-04 03:43:00,15.41, , , , 
2020-08-04 03:44:00,15.40, , , , 
2020-08-04 03:45:00,15.40, , , , 
2020-08-04 03:46:00,15.40, , , , 
2020-08-04 03:47:00,15.40, , , , 
2020-08-04 03:48:00,15.40, , , , 
2020-08-04 03:49:00,15.39, , , , 
2020-08-04 03:50:00,15.39, , , , 
2020-08-04 03:51:00,15.40, , , , 
2020-08-04 03:52:00,15.40, , , , 
2020-08-04 03:53:00,15.42, , , , 
2020-08-04 03:54:00,15.42, , , , 
2020-08-04 03:55:00,15.44, , , , 
2020-08-04 03:56:00,15.43, , , , 
2020-08-04 03:57:00,15.44, , , , 
2020-08-04 03:58:00,15.44, , , , 
2020-08-04 03:59:00,15.43, , , , 
2020-08-04 04:00:00,15.45, , , , 
2020-08-04 04:01:00,15.45, , , , 
2020-08-04 04:02:00,15.45, , , , 
2020-08-04 04:03:00,15.43, , , , 
2020-08-04 04:04:00,15.42, , , , 
2020-08-04 04:05:00,15.42, , , , 
2020-08-04 04:06:00,15.42, , , , 
2020-08-04 04:07:00,15.42, , , , 
2020-08-04 04:08:00,15.42, , , , 
2020-08-04 04:09:00,15.41, , , , 
2020-08-04 04:10:00,15.42, , , , 
2020-08-04 04:11:00,15.40, , , , 
2020-08-04 04:12:00,15.40, , , , 
2020-08-04 04:13:00,15.39, , , , 
2020-08-04 04:14:00,15.40, , , , 
2020-08-04 04:15:00,15.36, , , , 
2020-08-04 04:16:00,15.42, , , , 
2020-08-04 04:17:00,15.42, , , , 
2020-08-04 04:18:00,15.45, , , , 
2020-08-04 04:19:00,15.48, , , , 
2020-08-04 04:20:00,15.49, , , , 
2020-08-04 04:21:00,15.51, , , , 
2020-08-04 04:22:00,15.52, , , , 
2020-08-04 04:23:00,15.55, , , , 
2020-08-04 04:24:00,15.54, , , , 
2020-08-04 04:25:00,15.53, , , , 
2020-08-04 04:26:00,15.53, , , , 
2020-08-04 04:27:00,15.54, , , , 
2020-08-04 04:28:00,15.53, , , , 
2020-08-04 04:29:00,15.53, , , , 
2020-08-04 04:30:00,15.53, , , , 
2020-08-04 04:31:00,15.55, , , , 
2020-08-04 04:32:00,15.53, , , , 
2020-08-04 04:33:00,15.51, , , , 
2020-08-04 04:34:00,15.49, , , , 
2020-08-04 04:35:00,15.52, , , , 
2020-08-04 04:36:00,15.52, , , , 
2020-08-04 04:37:00,15.51, , , , 
2020-08-04 04:38:00,15.48, , , , 
2020-08-04 04:39:00,15.49, , , , 
2020-08-04 04:40:00,15.47, , , , 
2020-08-04 04:41:00,15.47, , , , 
2020-08-04 04:42:00,15.46, , , , 
2020-08-04 04:43:00,15.46, , , , 
2020-08-04 04:44:00,15.47, , , , 
2020-08-04 04:45:00,15.45, , , , 
2020-08-04 04:46:00,15.45, , , , 
2020-08-04 04:47:00,15.47, , , , 
2020-08-04 04:48:00,15.47, , , , 
2020-08-04 04:49:00,15.48, , , , 
2020-08-04 04:50:00,15.48, , , , 
2020-08-04 04:51:00,15.52, , , , 
2020-08-04 04:52:00,15.51, , , , 
2020-08-04 04:53:00,15.51, , , , 
2020-08-04 04:54:00,15.51, , , , 
2020-08-04 04:55:00,15.49, , , , 
2020-08-04 04:56:00,15.52, , , , 
2020-08-04 04:57:00,15.52, , , , 
2020-08-04 04:58:00,15.51, , , , 
2020-08-04 04:59:00,15.52, , , , 
2020-08-04 05:00:00,15.51, , , , 
2020-08-04 05:01:00,15.48, , , , 
2020-08-04 05:02:00,15.48, , , , 
2020-08-04 05:03:00,15.51, , , , 
2020-08-04 05:04:00,15.48, , , , 
2020-08-04 05:05:00,15.48, , , , 
2020-08-04 05:06:00,15.45, , , , 
2020-08-04 05:07:00,15.47, , , , 
2020-08-04 05:08:00,15.47, , , , 
2020-08-04 05:09:00,15.47, , , , 
2020-08-04 05:10:00,15.46, , , , 
2020-08-04 05:11:00,15.48, , , , 
2020-08-04 05:12:00,15.48, , , , 
2020-08-04 05:13:00,15.51, , , , 
2020-08-04 05:14:00,15.52, , , , 
2020-08-04 05:15:00,15.53, , , , 
2020-08-04 05:16:00,15.52, , , , 
2020-08-04 05:17:00,15.53, , , , 
2020-08-04 05:18:00,15.51, , , , 
2020-08-04 05:19:00,15.49, , , , 
2020-08-04 05:20:00,15.53, , , , 
2020-08-04 05:21:00,15.51, , , , 
2020-08-04 05:22:00,15.51, , , , 
2020-08-04 05:23:00,15.51, , , , 
2020-08-04 05:24:00,15.48, , , , 
2020-08-04 05:25:00,15.49, , , , 
2020-08-04 05:26:00,15.49, , , , 
2020-08-04 05:27:00,15.49, , , , 
2020-08-04 05:28:00,15.47, , , , 
2020-08-04 05:29:00,15.51, , , , 
2020-08-04 05:30:00,15.48, , , , 
2020-08-04 05:31:00,15.46, , , , 
2020-08-04 05:32:00,15.46, , , , 
2020-08-04 05:33:00,15.47, , , , 
2020-08-04 05:34:00,15.47, , , , 
2020-08-04 05:35:00,15.46, , , , 
2020-08-04 05:36:00,15.49, , , , 
2020-08-04 05:37:00,15.52, , , , 
2020-08-04 05:38:00,15.51, , , , 
2020-08-04 05:39:00,15.49, , , , 
2020-08-04 05:40:00,15.51, , , , 
2020-08-04 05:41:00,15.47, , , , 
2020-08-04 05:42:00,15.48, , , , 
2020-08-04 05:43:00,15.49, , , , 
2020-08-04 05:44:00,15.47, , , , 
2020-08-04 05:45:00,15.47, , , , 
2020-08-04 05:46:00,15.48, , , , 
2020-08-04 05:47:00,15.48, , , , 
2020-08-04 05:48:00,15.47, , , , 
2020-08-04 05:49:00,15.49, , , , 
2020-08-04 05:50:00,15.46, , , , 
2020-08-04 05:51:00,15.47, , , , 
2020-08-04 05:52:00,15.45, , , , 
2020-08-04 05:53:00,15.45, , , , 
2020-08-04 05:54:00,15.43, , , , 
2020-08-04 05:55:00,15.46, , , , 
2020-08-04 05:56:00,15.47, , , , 
2020-08-04 05:57:00,15.48, , , , 
2020-08-04 05:58:00,15.52, , , , 
2020-08-04 05:59:00,15.48, , , , 
2020-08-04 06:00:00,15.52, , , , 
2020-08-04 06:01:00,15.48, , , , 
2020-08-04 06:02:00,15.47, , , , 
2020-08-04 06:03:00,15.49, , , , 
2020-08-04 06:04:00,15.49, , , , 
2020-08-04 06:05:00,15.49, , , , 
2020-08-04 06:06:00,15.49, , , , 
2020-08-04 06:07:00,15.48, , , , 
2020-08-04 06:08:00,15.48, , , , 
2020-08-04 06:09:00,15.47, , , , 
2020-08-04 06:10:00,15.47, , , , 
2020-08-04 06:11:00,15.46, , , , 
2020-08-04 06:12:00,15.47, , , , 
2020-08-04 06:13:00,15.46, , , , 
2020-08-04 06:14:00,15.46, , , , 
2020-08-04 06:15:00,15.46, , , , 
2020-08-04 06:16:00,15.47, , , , 
2020-08-04 06:17:00,15.49, , , , 
2020-08-04 06:18:00,15.52, , , , 
2020-08-04 06:19:00,15.51, , , , 
2020-08-04 06:20:00,15.52, , , , 
2020-08-04 06:21:00,15.52, , , , 
2020-08-04 06:22:00,15.53, , , , 
2020-08-04 06:23:00,15.52, , , , 
2020-08-04 06:24:00,15.52, , , , 
2020-08-04 06:25:00,15.53, , , , 
2020-08-04 06:26:00,15.49, , , , 
2020-08-04 06:27:00,15.52, , , , 
2020-08-04 06:28:00,15.52, , , , 
2020-08-04 06:29:00,15.51, , , , 
2020-08-04 06:30:00,15.49, , , , 
2020-08-04 06:31:00,15.48, , , , 
2020-08-04 06:32:00,15.46, , , , 
2020-08-04 06:33:00,15.48, , , , 
2020-08-04 06:34:00,15.47, , , , 
2020-08-04 06:35:00,15.45, , , , 
2020-08-04 06:36:00,15.46, , , , 
2020-08-04 06:37:00,15.45, , , , 
2020-08-04 06:38:00,15.47, , , , 
2020-08-04 06:39:00,15.47, , , , 
2020-08-04 06:40:00,15.47, , , , 
2020-08-04 06:41:00,15.49, , , , 
2020-08-04 06:42:00,15.49, , , , 
2020-08-04 06:43:00,15.51, , , , 
2020-08-04 06:44:00,15.49, , , , 
2020-08-04 06:44:21, ,Logged, , , 
2020-08-04 06:44:22, , ,Logged, , 
2020-08-04 06:45:00,15.53, , , , 
2020-08-04 06:46:00,15.53, , , , 
2020-08-04 06:47:00,15.52, , , , 
2020-08-04 06:48:00,15.53, , , , 
2020-08-04 06:49:00,15.55, , , , 
2020-08-04 06:50:00,15.59, , , , 
2020-08-04 06:51:00,15.60, , , , 
2020-08-04 06:52:00,15.63, , , , 
2020-08-04 06:53:00,15.68, , , , 
2020-08-04 06:54:00,15.72, , , , 
2020-08-04 06:55:00,15.76, , , , 
2020-08-04 06:56:00,15.77, , , , 
2020-08-04 06:57:00,15.82, , , , 
2020-08-04 06:58:00,15.85, , , , 
2020-08-04 06:59:00,15.87, , , , 
2020-08-04 07:00:00,15.88, , , , 
2020-08-04 07:01:00,15.90, , , , 
2020-08-04 07:02:00,15.91, , , , 
2020-08-04 07:03:00,15.93, , , , 
2020-08-04 07:04:00,15.95, , , , 
2020-08-04 07:05:00,15.97, , , , 
2020-08-04 07:06:00,16.01, , , , 
2020-08-04 07:07:00,16.04, , , , 
2020-08-04 07:08:00,16.06, , , , 
2020-08-04 07:09:00,16.11, , , , 
2020-08-04 07:10:00,16.14, , , , 
2020-08-04 07:11:00,16.18, , , , 
2020-08-04 07:12:00,16.21, , , , 
2020-08-04 07:13:00,16.28, , , , 
2020-08-04 07:14:00,16.30, , , , 
2020-08-04 07:15:00,16.34, , , , 
2020-08-04 07:16:00,16.40, , , , 
2020-08-04 07:17:00,16.43, , , , 
2020-08-04 07:18:00,16.46, , , , 
2020-08-04 07:19:00,16.52, , , , 
2020-08-04 07:20:00,16.55, , , , 
2020-08-04 07:21:00,16.59, , , , 
2020-08-04 07:22:00,16.63, , , , 
2020-08-04 07:23:00,16.69, , , , 
2020-08-04 07:24:00,16.70, , , , 
2020-08-04 07:25:00,16.77, , , , 
2020-08-04 07:26:00,16.80, , , , 
2020-08-04 07:27:00,16.86, , , , 
2020-08-04 07:28:00,16.89, , , , 
2020-08-04 07:29:00,16.92, , , , 
2020-08-04 07:30:00,16.96, , , , 
2020-08-04 07:31:00,17.00, , , , 
2020-08-04 07:32:00,17.03, , , , 
2020-08-04 07:33:00,17.08, , , , 
2020-08-04 07:34:00,17.15, , , , 
2020-08-04 07:35:00,17.16, , , , 
2020-08-04 07:36:00,17.21, , , , 
2020-08-04 07:37:00,17.23, , , , 
2020-08-04 07:38:00,17.28, , , , 
2020-08-04 07:39:00,17.30, , , , 
2020-08-04 07:40:00,17.37, , , , 
2020-08-04 07:41:00,17.40, , , , 
2020-08-04 07:42:00,17.43, , , , 
2020-08-04 07:43:00,17.46, , , , 
2020-08-04 07:44:00,17.52, , , , 
2020-08-04 07:45:00,17.54, , , , 
2020-08-04 07:46:00,17.58, , , , 
2020-08-04 07:47:00,17.62, , , , 
2020-08-04 07:48:00,17.67, , , , 
2020-08-04 07:49:00,17.69, , , , 
2020-08-04 07:50:00,17.74, , , , 
2020-08-04 07:51:00,17.77, , , , 
2020-08-04 07:52:00,17.81, , , , 
2020-08-04 07:53:00,17.85, , , , 
2020-08-04 07:54:00,17.90, , , , 
2020-08-04 07:55:00,17.92, , , , 
2020-08-04 07:56:00,17.97, , , , 
2020-08-04 07:57:00,17.99, , , , 
2020-08-04 07:58:00,18.03, , , , 
2020-08-04 07:59:00,18.05, , , , 
2020-08-04 08:00:00,18.10, , , , 
2020-08-04 08:01:00,18.15, , , , 
2020-08-04 08:02:00,18.14, , , , 
2020-08-04 08:03:00,18.21, , , , 
2020-08-04 08:04:00,18.23, , , , 
2020-08-04 08:05:00,18.27, , , , 
2020-08-04 08:06:00,18.32, , , , 
2020-08-04 08:07:00,18.35, , , , 
2020-08-04 08:08:00,18.40, , , , 
2020-08-04 08:09:00,18.43, , , , 
2020-08-04 08:10:00,18.47, , , , 
2020-08-04 08:11:00,18.50, , , , 
2020-08-04 08:12:00,18.51, , , , 
2020-08-04 08:13:00,18.56, , , , 
2020-08-04 08:14:00,18.58, , , , 
2020-08-04 08:15:00,18.62, , , , 
2020-08-04 08:16:00,18.64, , , , 
2020-08-04 08:17:00,18.68, , , , 
2020-08-04 08:18:00,18.72, , , , 
2020-08-04 08:19:00,18.76, , , , 
2020-08-04 08:20:00,18.79, , , , 
2020-08-04 08:21:00,18.83, , , , 
2020-08-04 08:22:00,18.86, , , , 
2020-08-04 08:23:00,18.89, , , , 
2020-08-04 08:24:00,18.91, , , , 
2020-08-04 08:25:00,18.95, , , , 
2020-08-04 08:26:00,18.97, , , , 
2020-08-04 08:27:00,19.01, , , , 
2020-08-04 08:28:00,19.03, , , , 
2020-08-04 08:29:00,19.07, , , , 
2020-08-04 08:30:00,19.11, , , , 
2020-08-04 08:31:00,19.13, , , , 
2020-08-04 08:32:00,19.18, , , , 
2020-08-04 08:33:00,19.20, , , , 
2020-08-04 08:34:00,19.23, , , , 
2020-08-04 08:35:00,19.24, , , , 
2020-08-04 08:36:00,19.24, , , , 
2020-08-04 08:37:00,19.24, , , , 
2020-08-04 08:38:00,19.23, , , , 
2020-08-04 08:39:00,19.24, , , , 
2020-08-04 08:40:00,19.24, , , , 
2020-08-04 08:41:00,19.25, , , , 
2020-08-04 08:42:00,19.25, , , , 
2020-08-04 08:43:00,19.28, , , , 
2020-08-04 08:44:00,19.28, , , , 
2020-08-04 08:45:00,19.30, , , , 
2020-08-04 08:46:00,19.27, , , , 
2020-08-04 08:47:00,19.28, , , , 
2020-08-04 08:48:00,19.26, , , , 
2020-08-04 08:49:00,19.24, , , , 
2020-08-04 08:50:00,19.24, , , , 
2020-08-04 08:51:00,19.27, , , , 
2020-08-04 08:52:00,19.27, , , , 
2020-08-04 08:53:00,19.29, , , , 
2020-08-04 08:54:00,19.28, , , , 
2020-08-04 08:55:00,19.29, , , , 
2020-08-04 08:56:00,19.29, , , , 
2020-08-04 08:57:00,19.27, , , , 
2020-08-04 08:58:00,19.27, , , , 
2020-08-04 08:59:00,19.25, , , , 
2020-08-04 09:00:00,19.25, , , , 
2020-08-04 09:01:00,19.28, , , , 
2020-08-04 09:02:00,19.26, , , , 
2020-08-04 09:03:00,19.27, , , , 
2020-08-04 09:04:00,19.30, , , , 
2020-08-04 09:05:00,19.29, , , , 
2020-08-04 09:06:00,19.30, , , , 
2020-08-04 09:07:00,19.28, , , , 
2020-08-04 09:08:00,19.25, , , , 
2020-08-04 09:09:00,19.25, , , , 
2020-08-04 09:10:00,19.25, , , , 
2020-08-04 09:11:00,19.26, , , , 
2020-08-04 09:12:00,19.27, , , , 
2020-08-04 09:13:00,19.27, , , , 
2020-08-04 09:14:00,19.29, , , , 
2020-08-04 09:15:00,19.27, , , , 
2020-08-04 09:16:00,19.27, , , , 
2020-08-04 09:17:00,19.27, , , , 
2020-08-04 09:18:00,19.27, , , , 
2020-08-04 09:19:00,19.25, , , , 
2020-08-04 09:20:00,19.25, , , , 
2020-08-04 09:21:00,19.27, , , , 
2020-08-04 09:22:00,19.28, , , , 
2020-08-04 09:23:00,19.28, , , , 
2020-08-04 09:24:00,19.28, , , , 
2020-08-04 09:25:00,19.28, , , , 
2020-08-04 09:26:00,19.28, , , , 
2020-08-04 09:27:00,19.29, , , , 
2020-08-04 09:28:00,19.28, , , , 
2020-08-04 09:29:00,19.29, , , , 
2020-08-04 09:30:00,19.25, , , , 
2020-08-04 09:31:00,19.24, , , , 
2020-08-04 09:32:00,19.25, , , , 
2020-08-04 09:33:00,19.27, , , , 
2020-08-04 09:34:00,19.28, , , , 
2020-08-04 09:35:00,19.28, , , , 
2020-08-04 09:36:00,19.30, , , , 
2020-08-04 09:37:00,19.27, , , , 
2020-08-04 09:38:00,19.27, , , , 
2020-08-04 09:39:00,19.27, , , , 
2020-08-04 09:40:00,19.25, , , , 
2020-08-04 09:41:00,19.26, , , , 
2020-08-04 09:42:00,19.26, , , , 
2020-08-04 09:43:00,19.28, , , , 
2020-08-04 09:44:00,19.25, , , , 
2020-08-04 09:45:00,19.29, , , , 
2020-08-04 09:46:00,19.30, , , , 
2020-08-04 09:47:00,19.29, , , , 
2020-08-04 09:48:00,19.29, , , , 
2020-08-04 09:49:00,19.30, , , , 
2020-08-04 09:50:00,19.26, , , , 
2020-08-04 09:51:00,19.26, , , , 
2020-08-04 09:52:00,19.25, , , , 
2020-08-04 09:53:00,19.27, , , , 
2020-08-04 09:54:00,19.26, , , , 
2020-08-04 09:55:00,19.27, , , , 
2020-08-04 09:56:00,19.31, , , , 
2020-08-04 09:57:00,19.31, , , , 
2020-08-04 09:58:00,19.28, , , , 
2020-08-04 09:59:00,19.30, , , , 
2020-08-04 10:00:00,19.28, , , , 
2020-08-04 10:01:00,19.26, , , , 
2020-08-04 10:02:00,19.26, , , , 
2020-08-04 10:03:00,19.24, , , , 
2020-08-04 10:04:00,19.25, , , , 
2020-08-04 10:05:00,19.28, , , , 
2020-08-04 10:06:00,19.27, , , , 
2020-08-04 10:07:00,19.29, , , , 
2020-08-04 10:08:00,19.29, , , , 
2020-08-04 10:09:00,19.29, , , , 
2020-08-04 10:10:00,19.27, , , , 
2020-08-04 10:11:00,19.28, , , , 
2020-08-04 10:12:00,19.26, , , , 
2020-08-04 10:13:00,19.25, , , , 
2020-08-04 10:14:00,19.26, , , , 
2020-08-04 10:15:00,19.27, , , , 
2020-08-04 10:16:00,19.26, , , , 
2020-08-04 10:17:00,19.29, , , , 
2020-08-04 10:18:00,19.30, , , , 
2020-08-04 10:19:00,19.29, , , , 
2020-08-04 10:20:00,19.29, , , , 
2020-08-04 10:21:00,19.29, , , , 
2020-08-04 10:22:00,19.27, , , , 
2020-08-04 10:23:00,19.26, , , , 
2020-08-04 10:24:00,19.26, , , , 
2020-08-04 10:25:00,19.27, , , , 
2020-08-04 10:26:00,19.27, , , , 
2020-08-04 10:27:00,19.29, , , , 
2020-08-04 10:27:17, ,Logged, , , 
2020-08-04 10:27:18, , ,Logged, , 
2020-08-04 10:28:00,19.31, , , , 
2020-08-04 10:29:00,19.30, , , , 
2020-08-04 10:30:00,19.30, , , , 
2020-08-04 10:31:00,19.26, , , , 
2020-08-04 10:32:00,19.26, , , , 
2020-08-04 10:33:00,19.27, , , , 
2020-08-04 10:34:00,19.25, , , , 
2020-08-04 10:35:00,19.21, , , , 
2020-08-04 10:36:00,19.22, , , , 
2020-08-04 10:37:00,19.18, , , , 
2020-08-04 10:38:00,19.20, , , , 
2020-08-04 10:39:00,19.16, , , , 
2020-08-04 10:40:00,19.13, , , , 
2020-08-04 10:41:00,19.14, , , , 
2020-08-04 10:42:00,19.12, , , , 
2020-08-04 10:43:00,19.10, , , , 
2020-08-04 10:44:00,19.08, , , , 
2020-08-04 10:45:00,19.06, , , , 
2020-08-04 10:46:00,19.03, , , , 
2020-08-04 10:47:00,19.02, , , , 
2020-08-04 10:48:00,19.01, , , , 
2020-08-04 10:49:00,18.99, , , , 
2020-08-04 10:50:00,18.97, , , , 
2020-08-04 10:51:00,18.96, , , , 
2020-08-04 10:52:00,18.94, , , , 
2020-08-04 10:53:00,18.92, , , , 
2020-08-04 10:54:00,18.89, , , , 
2020-08-04 10:55:00,18.88, , , , 
2020-08-04 10:56:00,18.85, , , , 
2020-08-04 10:57:00,18.84, , , , 
2020-08-04 10:58:00,18.82, , , , 
2020-08-04 10:59:00,18.84, , , , 
2020-08-04 11:00:00,18.83, , , , 
2020-08-04 11:01:00,18.83, , , , 
2020-08-04 11:02:00,18.85, , , , 
2020-08-04 11:03:00,18.86, , , , 
2020-08-04 11:04:00,18.88, , , , 
2020-08-04 11:05:00,18.93, , , , 
2020-08-04 11:06:00,18.94, , , , 
2020-08-04 11:07:00,18.98, , , , 
2020-08-04 11:08:00,18.99, , , , 
2020-08-04 11:09:00,19.01, , , , 
2020-08-04 11:10:00,19.07, , , , 
2020-08-04 11:11:00,19.07, , , , 
2020-08-04 11:12:00,19.07, , , , 
2020-08-04 11:13:00,19.14, , , , 
2020-08-04 11:14:00,19.17, , , , 
2020-08-04 11:15:00,19.18, , , , 
2020-08-04 11:16:00,19.24, , , , 
2020-08-04 11:17:00,19.27, , , , 
2020-08-04 11:18:00,19.30, , , , 
2020-08-04 11:19:00,19.35, , , , 
2020-08-04 11:20:00,19.36, , , , 
2020-08-04 11:21:00,19.39, , , , 
2020-08-04 11:22:00,19.40, , , , 
2020-08-04 11:23:00,19.47, , , , 
2020-08-04 11:24:00,19.50, , , , 
2020-08-04 11:25:00,19.50, , , , 
2020-08-04 11:26:00,19.54, , , , 
2020-08-04 11:27:00,19.58, , , , 
2020-08-04 11:28:00,19.60, , , , 
2020-08-04 11:29:00,19.66, , , , 
2020-08-04 11:30:00,19.68, , , , 
2020-08-04 11:31:00,19.70, , , , 
2020-08-04 11:32:00,19.72, , , , 
2020-08-04 11:33:00,19.74, , , , 
2020-08-04 11:34:00,19.79, , , , 
2020-08-04 11:35:00,19.83, , , , 
2020-08-04 11:36:00,19.86, , , , 
2020-08-04 11:37:00,19.87, , , , 
2020-08-04 11:38:00,19.94, , , , 
2020-08-04 11:39:00,19.91, , , , 
2020-08-04 11:40:00,19.97, , , , 
2020-08-04 11:41:00,19.99, , , , 
2020-08-04 11:42:00,20.03, , , , 
2020-08-04 11:43:00,20.06, , , , 
2020-08-04 11:44:00,20.07, , , , 
2020-08-04 11:45:00,20.12, , , , 
2020-08-04 11:46:00,20.15, , , , 
2020-08-04 11:47:00,20.18, , , , 
2020-08-04 11:48:00,20.20, , , , 
2020-08-04 11:49:00,20.20, , , , 
2020-08-04 11:50:00,20.28, , , , 
2020-08-04 11:51:00,20.29, , , , 
2020-08-04 11:52:00,20.32, , , , 
2020-08-04 11:53:00,20.32, , , , 
2020-08-04 11:54:00,20.36, , , , 
2020-08-04 11:55:00,20.40, , , , 
2020-08-04 11:56:00,20.43, , , , 
2020-08-04 11:57:00,20.43, , , , 
2020-08-04 11:58:00,20.49, , , , 
2020-08-04 11:59:00,20.51, , , , 
2020-08-04 12:00:00,20.53, , , , 
2020-08-04 12:01:00,20.54, , , , 
2020-08-04 12:02:00,20.58, , , , 
2020-08-04 12:03:00,20.61, , , , 
2020-08-04 12:04:00,20.63, , , , 
2020-08-04 12:05:00,20.66, , , , 
2020-08-04 12:06:00,20.70, , , , 
2020-08-04 12:07:00,20.72, , , , 
2020-08-04 12:08:00,20.76, , , , 
2020-08-04 12:09:00,20.78, , , , 
2020-08-04 12:10:00,20.79, , , , 
2020-08-04 12:11:00,20.84, , , , 
2020-08-04 12:12:00,20.83, , , , 
2020-08-04 12:13:00,20.87, , , , 
2020-08-04 12:14:00,20.91, , , , 
2020-08-04 12:15:00,20.92, , , , 
2020-08-04 12:16:00,20.93, , , , 
2020-08-04 12:17:00,20.94, , , , 
2020-08-04 12:18:00,20.94, , , , 
2020-08-04 12:19:00,20.91, , , , 
2020-08-04 12:20:00,20.91, , , , 
2020-08-04 12:21:00,20.91, , , , 
2020-08-04 12:22:00,20.93, , , , 
2020-08-04 12:23:00,20.90, , , , 
2020-08-04 12:24:00,20.93, , , , 
2020-08-04 12:25:00,20.93, , , , 
2020-08-04 12:26:00,20.94, , , , 
2020-08-04 12:27:00,20.94, , , , 
2020-08-04 12:28:00,20.95, , , , 
2020-08-04 12:29:00,20.94, , , , 
2020-08-04 12:30:00,20.91, , , , 
2020-08-04 12:31:00,20.93, , , , 
2020-08-04 12:32:00,20.92, , , , 
2020-08-04 12:33:00,20.91, , , , 
2020-08-04 12:34:00,20.91, , , , 
2020-08-04 12:35:00,20.94, , , , 
2020-08-04 12:36:00,20.95, , , , 
2020-08-04 12:37:00,20.95, , , , 
2020-08-04 12:38:00,20.96, , , , 
2020-08-04 12:39:00,20.92, , , , 
2020-08-04 12:40:00,20.91, , , , 
2020-08-04 12:41:00,20.92, , , , 
2020-08-04 12:42:00,20.92, , , , 
2020-08-04 12:43:00,20.91, , , , 
2020-08-04 12:44:00,20.93, , , , 
2020-08-04 12:45:00,20.95, , , , 
2020-08-04 12:46:00,20.94, , , , 
2020-08-04 12:47:00,20.94, , , , 
2020-08-04 12:48:00,20.94, , , , 
2020-08-04 12:49:00,20.94, , , , 
2020-08-04 12:50:00,20.93, , , , 
2020-08-04 12:51:00,20.91, , , , 
2020-08-04 12:52:00,20.91, , , , 
2020-08-04 12:53:00,20.92, , , , 
2020-08-04 12:54:00,20.93, , , , 
2020-08-04 12:55:00,20.93, , , , 
2020-08-04 12:56:00,20.94, , , , 
2020-08-04 12:57:00,20.94, , , , 
2020-08-04 12:58:00,20.94, , , , 
2020-08-04 12:59:00,20.92, , , , 
2020-08-04 13:00:00,20.92, , , , 
2020-08-04 13:01:00,20.91, , , , 
2020-08-04 13:02:00,20.90, , , , 
2020-08-04 13:03:00,20.95, , , , 
2020-08-04 13:04:00,20.95, , , , 
2020-08-04 13:04:01, ,Logged,Logged, , 
2020-08-04 13:04:08, , , ,Logged,Logged
